file;mode;element;strategy;outcome;line
AC0800_L_element_validation.log;validation;circle;center_diagonal_update;adjustable_step;circle: Parameter nach Mittelpunkt/Diagonale angepasst
AC0800_L_element_validation.log;validation;circle;width_bracketing;fixed_rule;circle: Breiten-Bracketing übersprungen (stroke_circle: current=1.000, Range=1.000..1.000)
AC0800_L_element_validation.log;validation;circle;radius_bracketing;success;"circle: Radius-Bracketing r 13.701->13.500 (best_err=4040.000); Kandidaten=10.500->22179.000, 13.500->4040.000, 14.000->8560.000, 14.500->16999.000"
AC0800_L_element_validation.log;validation;circle;joint_multistart;failed;circle: Joint-Multistart keine relevante Änderung (cx=15.000, cy=15.000, r=13.500, best_err=4040.000)
AC0800_L_element_validation.log;validation;circle;color_bracketing;fixed_rule;circle: Farb-Bracketing übersprungen (Farben gesperrt)
AC0800_M_element_validation.log;validation;circle;center_diagonal_update;adjustable_step;circle: Parameter nach Mittelpunkt/Diagonale angepasst
AC0800_M_element_validation.log;validation;circle;width_bracketing;fixed_rule;circle: Breiten-Bracketing übersprungen (stroke_circle: current=1.000, Range=1.000..1.000)
AC0800_M_element_validation.log;validation;circle;radius_bracketing;success;"circle: Radius-Bracketing r 8.728->9.000 (best_err=519.000); Kandidaten=8.000->9116.000, 8.500->4876.000, 9.000->519.000, 9.500->5425.000"
AC0800_M_element_validation.log;validation;circle;joint_multistart;failed;circle: Joint-Multistart keine relevante Änderung (cx=10.000, cy=10.000, r=9.000, best_err=519.000)
AC0800_M_element_validation.log;validation;circle;color_bracketing;fixed_rule;circle: Farb-Bracketing übersprungen (Farben gesperrt)
AC0800_S_element_validation.log;validation;circle;center_diagonal_update;adjustable_step;circle: Parameter nach Mittelpunkt/Diagonale angepasst
AC0800_S_element_validation.log;validation;circle;width_bracketing;fixed_rule;circle: Breiten-Bracketing übersprungen (stroke_circle: current=1.000, Range=1.000..1.000)
AC0800_S_element_validation.log;validation;circle;radius_bracketing;success;"circle: Radius-Bracketing r 6.077->6.500 (best_err=2009.000); Kandidaten=5.500->7079.000, 6.000->5165.000, 6.500->2009.000, 7.000->2181.000"
AC0800_S_element_validation.log;validation;circle;joint_multistart;failed;circle: Joint-Multistart keine relevante Änderung (cx=7.500, cy=7.500, r=6.500, best_err=2009.000)
AC0800_S_element_validation.log;validation;circle;center_diagonal_update;failed;circle: Mittelpunkt/Diagonale-Update verworfen (Fehler 49.369->56.487)
AC0800_S_element_validation.log;validation;circle;width_bracketing;fixed_rule;circle: Breiten-Bracketing übersprungen (stroke_circle: current=1.000, Range=1.000..1.000)
AC0800_S_element_validation.log;validation;circle;radius_bracketing;failed;"circle: Radius-Bracketing keine relevante Änderung (r: 6.500, best_err=2009.000); Kandidaten=6.000->5165.000, 6.500->2009.000, 7.000->2181.000"
AC0800_S_element_validation.log;validation;circle;joint_multistart;failed;circle: Joint-Multistart keine relevante Änderung (cx=7.500, cy=7.500, r=6.500, best_err=2009.000)
AC0800_S_element_validation.log;validation;circle;color_bracketing;fixed_rule;circle: Farb-Bracketing übersprungen (Farben gesperrt)
AC0811_L_element_validation.log;validation;circle;center_diagonal_update;adjustable_step;circle: Parameter nach Mittelpunkt/Diagonale angepasst
AC0811_L_element_validation.log;validation;circle;width_bracketing;fixed_rule;circle: Breiten-Bracketing übersprungen (stroke_circle: current=1.000, Range=1.000..1.000)
AC0811_L_element_validation.log;validation;circle;radius_bracketing;success;"circle: Radius-Bracketing r 11.008->10.500 (best_err=13645.000); Kandidaten=10.500->13645.000, 11.000->13651.000, 12.000->14594.000"
AC0811_L_element_validation.log;validation;circle;joint_multistart;failed;circle: Joint-Multistart keine relevante Änderung (cx=12.500, cy=12.500, r=10.500, best_err=12412.000)
AC0811_L_element_validation.log;validation;stem;geometry_sync;adjustable_step;stem: Geometrie nach Elementabgleich aktualisiert
AC0811_L_element_validation.log;validation;stem;width_bracketing;fixed_rule;stem: Breiten-Bracketing übersprungen (stem_width: current=2.000, Range=1.000..1.000)
AC0811_L_element_validation.log;validation;stem;length_bracketing;failed;"stem: Längen-Bracketing keine relevante Änderung (stem_len: 22.000); Kandidaten=14.500->53.016, 22.000->46.476, 29.500->66.283, 37.500->85.671, 45.000->101.351"
AC0811_L_element_validation.log;validation;circle;center_diagonal_update;adjustable_step;circle: Parameter nach Mittelpunkt/Diagonale angepasst
AC0811_L_element_validation.log;validation;circle;width_bracketing;fixed_rule;circle: Breiten-Bracketing übersprungen (stroke_circle: current=1.000, Range=1.000..1.000)
AC0811_L_element_validation.log;validation;circle;radius_bracketing;success;"circle: Radius-Bracketing r 10.406->10.500 (best_err=12214.000); Kandidaten=10.500->12214.000, 12.000->13163.000"
AC0811_L_element_validation.log;validation;circle;joint_multistart;failed;circle: Joint-Multistart keine relevante Änderung (cx=12.500, cy=12.500, r=10.500, best_err=12412.000)
AC0811_L_element_validation.log;validation;stem;center_diagonal_update;failed;"stem: Mittelpunkt/Diagonale-Update verworfen (Fehler 46.476->49.157; Box-Check verworfen (w_ratio=0.375, h_ratio=1.105, area_ratio=0.414))"
AC0811_L_element_validation.log;validation;stem;geometry_sync;adjustable_step;stem: Geometrie nach Elementabgleich aktualisiert
AC0811_L_element_validation.log;validation;stem;width_bracketing;fixed_rule;stem: Breiten-Bracketing übersprungen (stem_width: current=2.000, Range=1.000..1.000)
AC0811_L_element_validation.log;validation;stem;length_bracketing;failed;"stem: Längen-Bracketing keine relevante Änderung (stem_len: 22.000); Kandidaten=14.500->53.016, 22.000->46.476, 29.500->66.283, 37.500->85.671, 45.000->101.351"
AC0811_L_element_validation.log;validation;circle;center_diagonal_update;adjustable_step;circle: Parameter nach Mittelpunkt/Diagonale angepasst
AC0811_L_element_validation.log;validation;circle;width_bracketing;fixed_rule;circle: Breiten-Bracketing übersprungen (stroke_circle: current=1.000, Range=1.000..1.000)
AC0811_L_element_validation.log;validation;circle;radius_bracketing;success;"circle: Radius-Bracketing r 10.406->10.500 (best_err=12214.000); Kandidaten=10.500->12214.000, 12.000->13163.000"
AC0811_L_element_validation.log;validation;circle;joint_multistart;failed;circle: Joint-Multistart keine relevante Änderung (cx=12.500, cy=12.500, r=10.500, best_err=12412.000)
AC0811_L_element_validation.log;validation;stem;center_diagonal_update;failed;"stem: Mittelpunkt/Diagonale-Update verworfen (Fehler 46.476->49.157; Box-Check verworfen (w_ratio=0.375, h_ratio=1.105, area_ratio=0.414))"
AC0811_L_element_validation.log;validation;stem;geometry_sync;adjustable_step;stem: Geometrie nach Elementabgleich aktualisiert
AC0811_L_element_validation.log;validation;stem;width_bracketing;fixed_rule;stem: Breiten-Bracketing übersprungen (stem_width: current=2.000, Range=1.000..1.000)
AC0811_L_element_validation.log;validation;stem;length_bracketing;failed;"stem: Längen-Bracketing keine relevante Änderung (stem_len: 22.000); Kandidaten=14.500->53.016, 22.000->46.476, 29.500->66.283, 37.500->85.671, 45.000->101.351"
AC0811_L_element_validation.log;validation;circle;center_diagonal_update;adjustable_step;circle: Parameter nach Mittelpunkt/Diagonale angepasst
AC0811_L_element_validation.log;validation;circle;width_bracketing;fixed_rule;circle: Breiten-Bracketing übersprungen (stroke_circle: current=1.000, Range=1.000..1.000)
AC0811_L_element_validation.log;validation;circle;radius_bracketing;success;"circle: Radius-Bracketing r 10.406->10.500 (best_err=12214.000); Kandidaten=10.500->12214.000, 12.000->13163.000"
AC0811_L_element_validation.log;validation;circle;joint_multistart;failed;circle: Joint-Multistart keine relevante Änderung (cx=12.500, cy=12.500, r=10.500, best_err=12412.000)
AC0811_L_element_validation.log;validation;stem;center_diagonal_update;failed;"stem: Mittelpunkt/Diagonale-Update verworfen (Fehler 46.476->49.157; Box-Check verworfen (w_ratio=0.375, h_ratio=1.105, area_ratio=0.414))"
AC0811_L_element_validation.log;validation;stem;geometry_sync;adjustable_step;stem: Geometrie nach Elementabgleich aktualisiert
AC0811_L_element_validation.log;validation;stem;width_bracketing;fixed_rule;stem: Breiten-Bracketing übersprungen (stem_width: current=2.000, Range=1.000..1.000)
AC0811_L_element_validation.log;validation;stem;length_bracketing;failed;"stem: Längen-Bracketing keine relevante Änderung (stem_len: 22.000); Kandidaten=14.500->53.016, 22.000->46.476, 29.500->66.283, 37.500->85.671, 45.000->101.351"
AC0811_L_element_validation.log;validation;circle;center_diagonal_update;adjustable_step;circle: Parameter nach Mittelpunkt/Diagonale angepasst
AC0811_L_element_validation.log;validation;circle;width_bracketing;fixed_rule;circle: Breiten-Bracketing übersprungen (stroke_circle: current=1.000, Range=1.000..1.000)
AC0811_L_element_validation.log;validation;circle;radius_bracketing;success;"circle: Radius-Bracketing r 10.406->10.500 (best_err=12214.000); Kandidaten=10.500->12214.000, 12.000->13163.000"
AC0811_L_element_validation.log;validation;circle;joint_multistart;failed;circle: Joint-Multistart keine relevante Änderung (cx=12.500, cy=12.500, r=10.500, best_err=12412.000)
AC0811_L_element_validation.log;validation;stem;center_diagonal_update;failed;"stem: Mittelpunkt/Diagonale-Update verworfen (Fehler 46.476->49.157; Box-Check verworfen (w_ratio=0.375, h_ratio=1.105, area_ratio=0.414))"
AC0811_L_element_validation.log;validation;stem;geometry_sync;adjustable_step;stem: Geometrie nach Elementabgleich aktualisiert
AC0811_L_element_validation.log;validation;stem;width_bracketing;fixed_rule;stem: Breiten-Bracketing übersprungen (stem_width: current=2.000, Range=1.000..1.000)
AC0811_L_element_validation.log;validation;stem;length_bracketing;failed;"stem: Längen-Bracketing keine relevante Änderung (stem_len: 22.000); Kandidaten=14.500->53.016, 22.000->46.476, 29.500->66.283, 37.500->85.671, 45.000->101.351"
AC0811_L_element_validation.log;validation;circle;center_diagonal_update;adjustable_step;circle: Parameter nach Mittelpunkt/Diagonale angepasst
AC0811_L_element_validation.log;validation;circle;width_bracketing;fixed_rule;circle: Breiten-Bracketing übersprungen (stroke_circle: current=1.000, Range=1.000..1.000)
AC0811_L_element_validation.log;validation;circle;radius_bracketing;success;"circle: Radius-Bracketing r 10.406->10.500 (best_err=12214.000); Kandidaten=10.500->12214.000, 12.000->13163.000"
AC0811_L_element_validation.log;validation;circle;joint_multistart;failed;circle: Joint-Multistart keine relevante Änderung (cx=12.500, cy=12.500, r=10.500, best_err=12412.000)
AC0811_L_element_validation.log;validation;stem;center_diagonal_update;failed;"stem: Mittelpunkt/Diagonale-Update verworfen (Fehler 46.476->49.157; Box-Check verworfen (w_ratio=0.375, h_ratio=1.105, area_ratio=0.414))"
AC0811_L_element_validation.log;validation;stem;geometry_sync;adjustable_step;stem: Geometrie nach Elementabgleich aktualisiert
AC0811_L_element_validation.log;validation;stem;width_bracketing;fixed_rule;stem: Breiten-Bracketing übersprungen (stem_width: current=2.000, Range=1.000..1.000)
AC0811_L_element_validation.log;validation;stem;length_bracketing;failed;"stem: Längen-Bracketing keine relevante Änderung (stem_len: 22.000); Kandidaten=14.500->53.016, 22.000->46.476, 29.500->66.283, 37.500->85.671, 45.000->101.351"
AC0811_L_element_validation.log;validation;circle;color_bracketing;fixed_rule;circle: Farb-Bracketing übersprungen (Farben gesperrt)
AC0811_L_element_validation.log;validation;stem;color_bracketing;fixed_rule;stem: Farb-Bracketing übersprungen (Farben gesperrt)
AC0811_M_element_validation.log;validation;circle;width_bracketing;fixed_rule;circle: Breiten-Bracketing übersprungen (stroke_circle: current=1.000, Range=1.000..1.000)
AC0811_M_element_validation.log;validation;circle;radius_bracketing;success;"circle: Radius-Bracketing r 8.833->8.000 (best_err=8480.000); Kandidaten=8.000->8480.000, 8.500->9096.000, 9.000->10362.000, 9.500->9868.000"
AC0811_M_element_validation.log;validation;circle;joint_multistart;failed;circle: Joint-Multistart keine relevante Änderung (cx=10.000, cy=10.000, r=8.000, best_err=7628.000)
AC0811_M_element_validation.log;validation;stem;center_diagonal_update;failed;"stem: Mittelpunkt/Diagonale-Update verworfen (Fehler 84.025->89.207; Box-Check verworfen (w_ratio=0.333, h_ratio=1.067, area_ratio=0.356))"
AC0811_M_element_validation.log;validation;stem;geometry_sync;adjustable_step;stem: Geometrie nach Elementabgleich aktualisiert
AC0811_M_element_validation.log;validation;stem;width_bracketing;fixed_rule;stem: Breiten-Bracketing übersprungen (stem_width: current=2.000, Range=1.000..1.000)
AC0811_M_element_validation.log;validation;stem;length_bracketing;failed;"stem: Längen-Bracketing keine relevante Änderung (stem_len: 17.000); Kandidaten=11.000->65.639, 17.000->46.056, 23.000->70.955, 29.000->95.476, 35.000->119.717"
AC0811_M_element_validation.log;validation;circle;center_diagonal_update;failed;circle: Mittelpunkt/Diagonale-Update verworfen (Fehler 161.070->173.151)
AC0811_M_element_validation.log;validation;circle;width_bracketing;fixed_rule;circle: Breiten-Bracketing übersprungen (stroke_circle: current=1.000, Range=1.000..1.000)
AC0811_M_element_validation.log;validation;circle;radius_bracketing;failed;"circle: Radius-Bracketing keine relevante Änderung (r: 8.000, best_err=7628.000); Kandidaten=8.000->7628.000, 9.500->9018.000"
AC0811_M_element_validation.log;validation;circle;joint_multistart;failed;circle: Joint-Multistart keine relevante Änderung (cx=10.000, cy=10.000, r=8.000, best_err=7628.000)
AC0811_M_element_validation.log;validation;stem;center_diagonal_update;failed;"stem: Mittelpunkt/Diagonale-Update verworfen (Fehler 46.056->52.789; Box-Check verworfen (w_ratio=0.286, h_ratio=1.000, area_ratio=0.286))"
AC0811_M_element_validation.log;validation;stem;geometry_sync;adjustable_step;stem: Geometrie nach Elementabgleich aktualisiert
AC0811_M_element_validation.log;validation;stem;width_bracketing;fixed_rule;stem: Breiten-Bracketing übersprungen (stem_width: current=2.000, Range=1.000..1.000)
AC0811_M_element_validation.log;validation;stem;length_bracketing;failed;"stem: Längen-Bracketing keine relevante Änderung (stem_len: 17.000); Kandidaten=11.000->65.639, 17.000->46.056, 23.000->70.955, 29.000->95.476, 35.000->119.717"
AC0811_M_element_validation.log;validation;circle;center_diagonal_update;failed;circle: Mittelpunkt/Diagonale-Update verworfen (Fehler 161.070->173.151)
AC0811_M_element_validation.log;validation;circle;width_bracketing;fixed_rule;circle: Breiten-Bracketing übersprungen (stroke_circle: current=1.000, Range=1.000..1.000)
AC0811_M_element_validation.log;validation;circle;radius_bracketing;failed;"circle: Radius-Bracketing keine relevante Änderung (r: 8.000, best_err=7628.000); Kandidaten=8.000->7628.000, 9.500->9018.000"
AC0811_M_element_validation.log;validation;circle;joint_multistart;failed;circle: Joint-Multistart keine relevante Änderung (cx=10.000, cy=10.000, r=8.000, best_err=7628.000)
AC0811_M_element_validation.log;validation;stem;center_diagonal_update;failed;"stem: Mittelpunkt/Diagonale-Update verworfen (Fehler 46.056->52.789; Box-Check verworfen (w_ratio=0.286, h_ratio=1.000, area_ratio=0.286))"
AC0811_M_element_validation.log;validation;stem;geometry_sync;adjustable_step;stem: Geometrie nach Elementabgleich aktualisiert
AC0811_M_element_validation.log;validation;stem;width_bracketing;fixed_rule;stem: Breiten-Bracketing übersprungen (stem_width: current=2.000, Range=1.000..1.000)
AC0811_M_element_validation.log;validation;stem;length_bracketing;failed;"stem: Längen-Bracketing keine relevante Änderung (stem_len: 17.000); Kandidaten=11.000->65.639, 17.000->46.056, 23.000->70.955, 29.000->95.476, 35.000->119.717"
AC0811_M_element_validation.log;validation;circle;center_diagonal_update;failed;circle: Mittelpunkt/Diagonale-Update verworfen (Fehler 161.070->173.151)
AC0811_M_element_validation.log;validation;circle;width_bracketing;fixed_rule;circle: Breiten-Bracketing übersprungen (stroke_circle: current=1.000, Range=1.000..1.000)
AC0811_M_element_validation.log;validation;circle;radius_bracketing;failed;"circle: Radius-Bracketing keine relevante Änderung (r: 8.000, best_err=7628.000); Kandidaten=8.000->7628.000, 9.500->9018.000"
AC0811_M_element_validation.log;validation;circle;joint_multistart;failed;circle: Joint-Multistart keine relevante Änderung (cx=10.000, cy=10.000, r=8.000, best_err=7628.000)
AC0811_M_element_validation.log;validation;stem;center_diagonal_update;failed;"stem: Mittelpunkt/Diagonale-Update verworfen (Fehler 46.056->52.789; Box-Check verworfen (w_ratio=0.286, h_ratio=1.000, area_ratio=0.286))"
AC0811_M_element_validation.log;validation;stem;geometry_sync;adjustable_step;stem: Geometrie nach Elementabgleich aktualisiert
AC0811_M_element_validation.log;validation;stem;width_bracketing;fixed_rule;stem: Breiten-Bracketing übersprungen (stem_width: current=2.000, Range=1.000..1.000)
AC0811_M_element_validation.log;validation;stem;length_bracketing;failed;"stem: Längen-Bracketing keine relevante Änderung (stem_len: 17.000); Kandidaten=11.000->65.639, 17.000->46.056, 23.000->70.955, 29.000->95.476, 35.000->119.717"
AC0811_M_element_validation.log;validation;circle;center_diagonal_update;failed;circle: Mittelpunkt/Diagonale-Update verworfen (Fehler 161.070->173.151)
AC0811_M_element_validation.log;validation;circle;width_bracketing;fixed_rule;circle: Breiten-Bracketing übersprungen (stroke_circle: current=1.000, Range=1.000..1.000)
AC0811_M_element_validation.log;validation;circle;radius_bracketing;failed;"circle: Radius-Bracketing keine relevante Änderung (r: 8.000, best_err=7628.000); Kandidaten=8.000->7628.000, 9.500->9018.000"
AC0811_M_element_validation.log;validation;circle;joint_multistart;failed;circle: Joint-Multistart keine relevante Änderung (cx=10.000, cy=10.000, r=8.000, best_err=7628.000)
AC0811_M_element_validation.log;validation;stem;center_diagonal_update;failed;"stem: Mittelpunkt/Diagonale-Update verworfen (Fehler 46.056->52.789; Box-Check verworfen (w_ratio=0.286, h_ratio=1.000, area_ratio=0.286))"
AC0811_M_element_validation.log;validation;stem;geometry_sync;adjustable_step;stem: Geometrie nach Elementabgleich aktualisiert
AC0811_M_element_validation.log;validation;stem;width_bracketing;fixed_rule;stem: Breiten-Bracketing übersprungen (stem_width: current=2.000, Range=1.000..1.000)
AC0811_M_element_validation.log;validation;stem;length_bracketing;failed;"stem: Längen-Bracketing keine relevante Änderung (stem_len: 17.000); Kandidaten=11.000->65.639, 17.000->46.056, 23.000->70.955, 29.000->95.476, 35.000->119.717"
AC0811_M_element_validation.log;validation;circle;center_diagonal_update;failed;circle: Mittelpunkt/Diagonale-Update verworfen (Fehler 161.070->173.151)
AC0811_M_element_validation.log;validation;circle;width_bracketing;fixed_rule;circle: Breiten-Bracketing übersprungen (stroke_circle: current=1.000, Range=1.000..1.000)
AC0811_M_element_validation.log;validation;circle;radius_bracketing;failed;"circle: Radius-Bracketing keine relevante Änderung (r: 8.000, best_err=7628.000); Kandidaten=8.000->7628.000, 9.500->9018.000"
AC0811_M_element_validation.log;validation;circle;joint_multistart;failed;circle: Joint-Multistart keine relevante Änderung (cx=10.000, cy=10.000, r=8.000, best_err=7628.000)
AC0811_M_element_validation.log;validation;stem;center_diagonal_update;failed;"stem: Mittelpunkt/Diagonale-Update verworfen (Fehler 46.056->52.789; Box-Check verworfen (w_ratio=0.286, h_ratio=1.000, area_ratio=0.286))"
AC0811_M_element_validation.log;validation;stem;geometry_sync;adjustable_step;stem: Geometrie nach Elementabgleich aktualisiert
AC0811_M_element_validation.log;validation;stem;width_bracketing;fixed_rule;stem: Breiten-Bracketing übersprungen (stem_width: current=2.000, Range=1.000..1.000)
AC0811_M_element_validation.log;validation;stem;length_bracketing;failed;"stem: Längen-Bracketing keine relevante Änderung (stem_len: 17.000); Kandidaten=11.000->65.639, 17.000->46.056, 23.000->70.955, 29.000->95.476, 35.000->119.717"
AC0811_M_element_validation.log;validation;circle;color_bracketing;fixed_rule;circle: Farb-Bracketing übersprungen (Farben gesperrt)
AC0811_M_element_validation.log;validation;stem;color_bracketing;fixed_rule;stem: Farb-Bracketing übersprungen (Farben gesperrt)
AC0811_S_element_validation.log;validation;circle;center_diagonal_update;adjustable_step;circle: Parameter nach Mittelpunkt/Diagonale angepasst
AC0811_S_element_validation.log;validation;circle;width_bracketing;fixed_rule;circle: Breiten-Bracketing übersprungen (stroke_circle: current=1.000, Range=1.000..1.000)
AC0811_S_element_validation.log;validation;circle;radius_bracketing;success;"circle: Radius-Bracketing r 6.932->7.000 (best_err=2239.000); Kandidaten=6.000->5249.000, 7.000->2239.000"
AC0811_S_element_validation.log;validation;circle;joint_multistart;failed;circle: Joint-Multistart keine relevante Änderung (cx=7.500, cy=7.500, r=7.000, best_err=2239.000)
AC0811_S_element_validation.log;validation;stem;geometry_sync;adjustable_step;stem: Geometrie nach Elementabgleich aktualisiert
AC0811_S_element_validation.log;validation;stem;width_bracketing;fixed_rule;stem: Breiten-Bracketing übersprungen (stem_width: current=1.000, Range=1.000..1.000)
AC0811_S_element_validation.log;validation;stem;length_bracketing;success;"stem: Längen-Bracketing stem_len 10.500->12.000; Kandidaten=7.500->82.600, 10.500->56.389, 12.000->53.111, 16.000->69.600, 20.500->90.780, 25.000->110.191"
AC0811_S_element_validation.log;validation;circle;center_diagonal_update;adjustable_step;circle: Parameter nach Mittelpunkt/Diagonale angepasst
AC0811_S_element_validation.log;validation;circle;width_bracketing;fixed_rule;circle: Breiten-Bracketing übersprungen (stroke_circle: current=1.000, Range=1.000..1.000)
AC0811_S_element_validation.log;validation;circle;radius_bracketing;success;"circle: Radius-Bracketing r 7.071->7.000 (best_err=2239.000); Kandidaten=6.500->2283.000, 7.000->2239.000"
AC0811_S_element_validation.log;validation;circle;joint_multistart;failed;circle: Joint-Multistart keine relevante Änderung (cx=7.500, cy=7.500, r=7.000, best_err=2239.000)
AC0811_S_element_validation.log;validation;stem;geometry_sync;adjustable_step;stem: Geometrie nach Elementabgleich aktualisiert
AC0811_S_element_validation.log;validation;stem;width_bracketing;fixed_rule;stem: Breiten-Bracketing übersprungen (stem_width: current=1.000, Range=1.000..1.000)
AC0811_S_element_validation.log;validation;stem;length_bracketing;success;"stem: Längen-Bracketing stem_len 10.500->12.000; Kandidaten=7.500->82.600, 10.500->56.389, 12.000->53.111, 16.000->69.600, 20.500->90.780, 25.000->110.191"
AC0811_S_element_validation.log;validation;circle;center_diagonal_update;adjustable_step;circle: Parameter nach Mittelpunkt/Diagonale angepasst
AC0811_S_element_validation.log;validation;circle;width_bracketing;fixed_rule;circle: Breiten-Bracketing übersprungen (stroke_circle: current=1.000, Range=1.000..1.000)
AC0811_S_element_validation.log;validation;circle;radius_bracketing;success;"circle: Radius-Bracketing r 7.071->7.000 (best_err=2239.000); Kandidaten=6.500->2283.000, 7.000->2239.000"
AC0811_S_element_validation.log;validation;circle;joint_multistart;failed;circle: Joint-Multistart keine relevante Änderung (cx=7.500, cy=7.500, r=7.000, best_err=2239.000)
AC0811_S_element_validation.log;validation;stem;geometry_sync;adjustable_step;stem: Geometrie nach Elementabgleich aktualisiert
AC0811_S_element_validation.log;validation;stem;width_bracketing;fixed_rule;stem: Breiten-Bracketing übersprungen (stem_width: current=1.000, Range=1.000..1.000)
AC0811_S_element_validation.log;validation;stem;length_bracketing;success;"stem: Längen-Bracketing stem_len 10.500->12.000; Kandidaten=7.500->82.600, 10.500->56.389, 12.000->53.111, 16.000->69.600, 20.500->90.780, 25.000->110.191"
AC0811_S_element_validation.log;validation;circle;center_diagonal_update;adjustable_step;circle: Parameter nach Mittelpunkt/Diagonale angepasst
AC0811_S_element_validation.log;validation;circle;width_bracketing;fixed_rule;circle: Breiten-Bracketing übersprungen (stroke_circle: current=1.000, Range=1.000..1.000)
AC0811_S_element_validation.log;validation;circle;radius_bracketing;success;"circle: Radius-Bracketing r 7.071->7.000 (best_err=2239.000); Kandidaten=6.500->2283.000, 7.000->2239.000"
AC0811_S_element_validation.log;validation;circle;joint_multistart;failed;circle: Joint-Multistart keine relevante Änderung (cx=7.500, cy=7.500, r=7.000, best_err=2239.000)
AC0811_S_element_validation.log;validation;stem;geometry_sync;adjustable_step;stem: Geometrie nach Elementabgleich aktualisiert
AC0811_S_element_validation.log;validation;stem;width_bracketing;fixed_rule;stem: Breiten-Bracketing übersprungen (stem_width: current=1.000, Range=1.000..1.000)
AC0811_S_element_validation.log;validation;stem;length_bracketing;success;"stem: Längen-Bracketing stem_len 10.500->12.000; Kandidaten=7.500->82.600, 10.500->56.389, 12.000->53.111, 16.000->69.600, 20.500->90.780, 25.000->110.191"
AC0811_S_element_validation.log;validation;circle;center_diagonal_update;adjustable_step;circle: Parameter nach Mittelpunkt/Diagonale angepasst
AC0811_S_element_validation.log;validation;circle;width_bracketing;fixed_rule;circle: Breiten-Bracketing übersprungen (stroke_circle: current=1.000, Range=1.000..1.000)
AC0811_S_element_validation.log;validation;circle;radius_bracketing;success;"circle: Radius-Bracketing r 7.071->7.000 (best_err=2239.000); Kandidaten=6.500->2283.000, 7.000->2239.000"
AC0811_S_element_validation.log;validation;circle;joint_multistart;failed;circle: Joint-Multistart keine relevante Änderung (cx=7.500, cy=7.500, r=7.000, best_err=2239.000)
AC0811_S_element_validation.log;validation;stem;geometry_sync;adjustable_step;stem: Geometrie nach Elementabgleich aktualisiert
AC0811_S_element_validation.log;validation;stem;width_bracketing;fixed_rule;stem: Breiten-Bracketing übersprungen (stem_width: current=1.000, Range=1.000..1.000)
AC0811_S_element_validation.log;validation;stem;length_bracketing;success;"stem: Längen-Bracketing stem_len 10.500->12.000; Kandidaten=7.500->82.600, 10.500->56.389, 12.000->53.111, 16.000->69.600, 20.500->90.780, 25.000->110.191"
AC0811_S_element_validation.log;validation;circle;center_diagonal_update;adjustable_step;circle: Parameter nach Mittelpunkt/Diagonale angepasst
AC0811_S_element_validation.log;validation;circle;width_bracketing;fixed_rule;circle: Breiten-Bracketing übersprungen (stroke_circle: current=1.000, Range=1.000..1.000)
AC0811_S_element_validation.log;validation;circle;radius_bracketing;success;"circle: Radius-Bracketing r 7.071->7.000 (best_err=2239.000); Kandidaten=6.500->2283.000, 7.000->2239.000"
AC0811_S_element_validation.log;validation;circle;joint_multistart;failed;circle: Joint-Multistart keine relevante Änderung (cx=7.500, cy=7.500, r=7.000, best_err=2239.000)
AC0811_S_element_validation.log;validation;stem;geometry_sync;adjustable_step;stem: Geometrie nach Elementabgleich aktualisiert
AC0811_S_element_validation.log;validation;stem;width_bracketing;fixed_rule;stem: Breiten-Bracketing übersprungen (stem_width: current=1.000, Range=1.000..1.000)
AC0811_S_element_validation.log;validation;stem;length_bracketing;success;"stem: Längen-Bracketing stem_len 10.500->12.000; Kandidaten=7.500->82.600, 10.500->56.389, 12.000->53.111, 16.000->69.600, 20.500->90.780, 25.000->110.191"
AC0811_S_element_validation.log;validation;circle;color_bracketing;fixed_rule;circle: Farb-Bracketing übersprungen (Farben gesperrt)
AC0811_S_element_validation.log;validation;stem;color_bracketing;fixed_rule;stem: Farb-Bracketing übersprungen (Farben gesperrt)
AC0812_L_element_validation.log;validation;circle;center_diagonal_update;adjustable_step;circle: Parameter nach Mittelpunkt/Diagonale angepasst
AC0812_L_element_validation.log;validation;circle;width_bracketing;fixed_rule;circle: Breiten-Bracketing übersprungen (stroke_circle: current=1.000, Range=1.000..1.000)
AC0812_L_element_validation.log;validation;circle;radius_bracketing;success;"circle: Radius-Bracketing r 10.144->9.500 (best_err=9972.000); Kandidaten=9.500->9972.000, 10.000->10126.000, 12.000->12237.000"
AC0812_L_element_validation.log;validation;circle;joint_multistart;failed;circle: Joint-Multistart keine relevante Änderung (cx=32.500, cy=12.500, r=9.500, best_err=9501.000)
AC0812_L_element_validation.log;validation;arm;width_bracketing;fixed_rule;arm: Breiten-Bracketing übersprungen (arm_stroke: current=1.000, Range=1.000..1.000)
AC0812_L_element_validation.log;validation;arm;length_bracketing;failed;"arm: Längen-Bracketing keine relevante Änderung (arm_len: 23.000); Kandidaten=17.000->117.604, 23.000->103.219, 24.000->103.219, 31.000->103.219, 38.000->103.219, 45.000->103.219"
AC0812_L_element_validation.log;validation;circle;center_diagonal_update;adjustable_step;circle: Parameter nach Mittelpunkt/Diagonale angepasst
AC0812_L_element_validation.log;validation;circle;width_bracketing;fixed_rule;circle: Breiten-Bracketing übersprungen (stroke_circle: current=1.000, Range=1.000..1.000)
AC0812_L_element_validation.log;validation;circle;radius_bracketing;success;"circle: Radius-Bracketing r 9.387->9.500 (best_err=9501.000); Kandidaten=9.500->9501.000, 12.000->12009.000"
AC0812_L_element_validation.log;validation;circle;joint_multistart;failed;circle: Joint-Multistart keine relevante Änderung (cx=32.500, cy=12.500, r=9.500, best_err=9501.000)
AC0812_L_element_validation.log;validation;arm;width_bracketing;fixed_rule;arm: Breiten-Bracketing übersprungen (arm_stroke: current=1.000, Range=1.000..1.000)
AC0812_L_element_validation.log;validation;arm;length_bracketing;failed;"arm: Längen-Bracketing keine relevante Änderung (arm_len: 23.000); Kandidaten=17.000->117.604, 23.000->103.219, 24.000->103.219, 31.000->103.219, 38.000->103.219, 45.000->103.219"
AC0812_L_element_validation.log;validation;circle;center_diagonal_update;adjustable_step;circle: Parameter nach Mittelpunkt/Diagonale angepasst
AC0812_L_element_validation.log;validation;circle;width_bracketing;fixed_rule;circle: Breiten-Bracketing übersprungen (stroke_circle: current=1.000, Range=1.000..1.000)
AC0812_L_element_validation.log;validation;circle;radius_bracketing;success;"circle: Radius-Bracketing r 9.387->9.500 (best_err=9501.000); Kandidaten=9.500->9501.000, 12.000->12009.000"
AC0812_L_element_validation.log;validation;circle;joint_multistart;failed;circle: Joint-Multistart keine relevante Änderung (cx=32.500, cy=12.500, r=9.500, best_err=9501.000)
AC0812_L_element_validation.log;validation;arm;width_bracketing;fixed_rule;arm: Breiten-Bracketing übersprungen (arm_stroke: current=1.000, Range=1.000..1.000)
AC0812_L_element_validation.log;validation;arm;length_bracketing;failed;"arm: Längen-Bracketing keine relevante Änderung (arm_len: 23.000); Kandidaten=17.000->117.604, 23.000->103.219, 24.000->103.219, 31.000->103.219, 38.000->103.219, 45.000->103.219"
AC0812_L_element_validation.log;validation;circle;center_diagonal_update;adjustable_step;circle: Parameter nach Mittelpunkt/Diagonale angepasst
AC0812_L_element_validation.log;validation;circle;width_bracketing;fixed_rule;circle: Breiten-Bracketing übersprungen (stroke_circle: current=1.000, Range=1.000..1.000)
AC0812_L_element_validation.log;validation;circle;radius_bracketing;success;"circle: Radius-Bracketing r 9.387->9.500 (best_err=9501.000); Kandidaten=9.500->9501.000, 12.000->12009.000"
AC0812_L_element_validation.log;validation;circle;joint_multistart;failed;circle: Joint-Multistart keine relevante Änderung (cx=32.500, cy=12.500, r=9.500, best_err=9501.000)
AC0812_L_element_validation.log;validation;arm;width_bracketing;fixed_rule;arm: Breiten-Bracketing übersprungen (arm_stroke: current=1.000, Range=1.000..1.000)
AC0812_L_element_validation.log;validation;arm;length_bracketing;failed;"arm: Längen-Bracketing keine relevante Änderung (arm_len: 23.000); Kandidaten=17.000->117.604, 23.000->103.219, 24.000->103.219, 31.000->103.219, 38.000->103.219, 45.000->103.219"
AC0812_L_element_validation.log;validation;circle;center_diagonal_update;adjustable_step;circle: Parameter nach Mittelpunkt/Diagonale angepasst
AC0812_L_element_validation.log;validation;circle;width_bracketing;fixed_rule;circle: Breiten-Bracketing übersprungen (stroke_circle: current=1.000, Range=1.000..1.000)
AC0812_L_element_validation.log;validation;circle;radius_bracketing;success;"circle: Radius-Bracketing r 9.387->9.500 (best_err=9501.000); Kandidaten=9.500->9501.000, 12.000->12009.000"
AC0812_L_element_validation.log;validation;circle;joint_multistart;failed;circle: Joint-Multistart keine relevante Änderung (cx=32.500, cy=12.500, r=9.500, best_err=9501.000)
AC0812_L_element_validation.log;validation;arm;width_bracketing;fixed_rule;arm: Breiten-Bracketing übersprungen (arm_stroke: current=1.000, Range=1.000..1.000)
AC0812_L_element_validation.log;validation;arm;length_bracketing;failed;"arm: Längen-Bracketing keine relevante Änderung (arm_len: 23.000); Kandidaten=17.000->117.604, 23.000->103.219, 24.000->103.219, 31.000->103.219, 38.000->103.219, 45.000->103.219"
AC0812_L_element_validation.log;validation;circle;center_diagonal_update;adjustable_step;circle: Parameter nach Mittelpunkt/Diagonale angepasst
AC0812_L_element_validation.log;validation;circle;width_bracketing;fixed_rule;circle: Breiten-Bracketing übersprungen (stroke_circle: current=1.000, Range=1.000..1.000)
AC0812_L_element_validation.log;validation;circle;radius_bracketing;success;"circle: Radius-Bracketing r 9.387->9.500 (best_err=9501.000); Kandidaten=9.500->9501.000, 12.000->12009.000"
AC0812_L_element_validation.log;validation;circle;joint_multistart;failed;circle: Joint-Multistart keine relevante Änderung (cx=32.500, cy=12.500, r=9.500, best_err=9501.000)
AC0812_L_element_validation.log;validation;arm;width_bracketing;fixed_rule;arm: Breiten-Bracketing übersprungen (arm_stroke: current=1.000, Range=1.000..1.000)
AC0812_L_element_validation.log;validation;arm;length_bracketing;failed;"arm: Längen-Bracketing keine relevante Änderung (arm_len: 23.000); Kandidaten=17.000->117.604, 23.000->103.219, 24.000->103.219, 31.000->103.219, 38.000->103.219, 45.000->103.219"
AC0812_L_element_validation.log;validation;circle;color_bracketing;fixed_rule;circle: Farb-Bracketing übersprungen (Farben gesperrt)
AC0812_L_element_validation.log;validation;arm;color_bracketing;fixed_rule;arm: Farb-Bracketing übersprungen (Farben gesperrt)
AC0812_M_element_validation.log;validation;circle;center_diagonal_update;adjustable_step;circle: Parameter nach Mittelpunkt/Diagonale angepasst
AC0812_M_element_validation.log;validation;circle;width_bracketing;fixed_rule;circle: Breiten-Bracketing übersprungen (stroke_circle: current=1.000, Range=1.000..1.000)
AC0812_M_element_validation.log;validation;circle;radius_bracketing;success;"circle: Radius-Bracketing r 8.665->8.000 (best_err=7435.000); Kandidaten=8.000->7435.000, 8.500->7853.000, 9.500->8547.000"
AC0812_M_element_validation.log;validation;circle;joint_multistart;failed;circle: Joint-Multistart keine relevante Änderung (cx=25.000, cy=10.000, r=8.000, best_err=6320.000)
AC0812_M_element_validation.log;validation;arm;center_diagonal_update;failed;"arm: Mittelpunkt/Diagonale-Update verworfen (Fehler 84.861->161.667; Box-Check verworfen (w_ratio=1.062, h_ratio=0.286, area_ratio=0.304))"
AC0812_M_element_validation.log;validation;arm;width_bracketing;fixed_rule;arm: Breiten-Bracketing übersprungen (arm_stroke: current=1.000, Range=1.000..1.000)
AC0812_M_element_validation.log;validation;arm;length_bracketing;failed;"arm: Längen-Bracketing keine relevante Änderung (arm_len: 17.000); Kandidaten=13.000->106.167, 17.000->84.861, 18.500->84.861, 24.000->84.861, 29.500->84.861, 35.000->84.861"
AC0812_M_element_validation.log;validation;circle;center_diagonal_update;adjustable_step;circle: Parameter nach Mittelpunkt/Diagonale angepasst
AC0812_M_element_validation.log;validation;circle;width_bracketing;fixed_rule;circle: Breiten-Bracketing übersprungen (stroke_circle: current=1.000, Range=1.000..1.000)
AC0812_M_element_validation.log;validation;circle;radius_bracketing;success;"circle: Radius-Bracketing r 8.201->8.000 (best_err=6443.000); Kandidaten=8.000->6443.000, 9.500->7887.000"
AC0812_M_element_validation.log;validation;circle;joint_multistart;failed;circle: Joint-Multistart keine relevante Änderung (cx=25.000, cy=10.000, r=8.000, best_err=6320.000)
AC0812_M_element_validation.log;validation;arm;center_diagonal_update;failed;"arm: Mittelpunkt/Diagonale-Update verworfen (Fehler 84.861->161.667; Box-Check verworfen (w_ratio=1.062, h_ratio=0.286, area_ratio=0.304))"
AC0812_M_element_validation.log;validation;arm;width_bracketing;fixed_rule;arm: Breiten-Bracketing übersprungen (arm_stroke: current=1.000, Range=1.000..1.000)
AC0812_M_element_validation.log;validation;arm;length_bracketing;failed;"arm: Längen-Bracketing keine relevante Änderung (arm_len: 17.000); Kandidaten=13.000->106.167, 17.000->84.861, 18.500->84.861, 24.000->84.861, 29.500->84.861, 35.000->84.861"
AC0812_M_element_validation.log;validation;circle;center_diagonal_update;adjustable_step;circle: Parameter nach Mittelpunkt/Diagonale angepasst
AC0812_M_element_validation.log;validation;circle;width_bracketing;fixed_rule;circle: Breiten-Bracketing übersprungen (stroke_circle: current=1.000, Range=1.000..1.000)
AC0812_M_element_validation.log;validation;circle;radius_bracketing;success;"circle: Radius-Bracketing r 8.201->8.000 (best_err=6443.000); Kandidaten=8.000->6443.000, 9.500->7887.000"
AC0812_M_element_validation.log;validation;circle;joint_multistart;failed;circle: Joint-Multistart keine relevante Änderung (cx=25.000, cy=10.000, r=8.000, best_err=6320.000)
AC0812_M_element_validation.log;validation;arm;center_diagonal_update;failed;"arm: Mittelpunkt/Diagonale-Update verworfen (Fehler 84.861->161.667; Box-Check verworfen (w_ratio=1.062, h_ratio=0.286, area_ratio=0.304))"
AC0812_M_element_validation.log;validation;arm;width_bracketing;fixed_rule;arm: Breiten-Bracketing übersprungen (arm_stroke: current=1.000, Range=1.000..1.000)
AC0812_M_element_validation.log;validation;arm;length_bracketing;failed;"arm: Längen-Bracketing keine relevante Änderung (arm_len: 17.000); Kandidaten=13.000->106.167, 17.000->84.861, 18.500->84.861, 24.000->84.861, 29.500->84.861, 35.000->84.861"
AC0812_M_element_validation.log;validation;circle;center_diagonal_update;adjustable_step;circle: Parameter nach Mittelpunkt/Diagonale angepasst
AC0812_M_element_validation.log;validation;circle;width_bracketing;fixed_rule;circle: Breiten-Bracketing übersprungen (stroke_circle: current=1.000, Range=1.000..1.000)
AC0812_M_element_validation.log;validation;circle;radius_bracketing;success;"circle: Radius-Bracketing r 8.201->8.000 (best_err=6443.000); Kandidaten=8.000->6443.000, 9.500->7887.000"
AC0812_M_element_validation.log;validation;circle;joint_multistart;failed;circle: Joint-Multistart keine relevante Änderung (cx=25.000, cy=10.000, r=8.000, best_err=6320.000)
AC0812_M_element_validation.log;validation;arm;center_diagonal_update;failed;"arm: Mittelpunkt/Diagonale-Update verworfen (Fehler 84.861->161.667; Box-Check verworfen (w_ratio=1.062, h_ratio=0.286, area_ratio=0.304))"
AC0812_M_element_validation.log;validation;arm;width_bracketing;fixed_rule;arm: Breiten-Bracketing übersprungen (arm_stroke: current=1.000, Range=1.000..1.000)
AC0812_M_element_validation.log;validation;arm;length_bracketing;failed;"arm: Längen-Bracketing keine relevante Änderung (arm_len: 17.000); Kandidaten=13.000->106.167, 17.000->84.861, 18.500->84.861, 24.000->84.861, 29.500->84.861, 35.000->84.861"
AC0812_M_element_validation.log;validation;circle;center_diagonal_update;adjustable_step;circle: Parameter nach Mittelpunkt/Diagonale angepasst
AC0812_M_element_validation.log;validation;circle;width_bracketing;fixed_rule;circle: Breiten-Bracketing übersprungen (stroke_circle: current=1.000, Range=1.000..1.000)
AC0812_M_element_validation.log;validation;circle;radius_bracketing;success;"circle: Radius-Bracketing r 8.201->8.000 (best_err=6443.000); Kandidaten=8.000->6443.000, 9.500->7887.000"
AC0812_M_element_validation.log;validation;circle;joint_multistart;failed;circle: Joint-Multistart keine relevante Änderung (cx=25.000, cy=10.000, r=8.000, best_err=6320.000)
AC0812_M_element_validation.log;validation;arm;center_diagonal_update;failed;"arm: Mittelpunkt/Diagonale-Update verworfen (Fehler 84.861->161.667; Box-Check verworfen (w_ratio=1.062, h_ratio=0.286, area_ratio=0.304))"
AC0812_M_element_validation.log;validation;arm;width_bracketing;fixed_rule;arm: Breiten-Bracketing übersprungen (arm_stroke: current=1.000, Range=1.000..1.000)
AC0812_M_element_validation.log;validation;arm;length_bracketing;failed;"arm: Längen-Bracketing keine relevante Änderung (arm_len: 17.000); Kandidaten=13.000->106.167, 17.000->84.861, 18.500->84.861, 24.000->84.861, 29.500->84.861, 35.000->84.861"
AC0812_M_element_validation.log;validation;circle;center_diagonal_update;adjustable_step;circle: Parameter nach Mittelpunkt/Diagonale angepasst
AC0812_M_element_validation.log;validation;circle;width_bracketing;fixed_rule;circle: Breiten-Bracketing übersprungen (stroke_circle: current=1.000, Range=1.000..1.000)
AC0812_M_element_validation.log;validation;circle;radius_bracketing;success;"circle: Radius-Bracketing r 8.201->8.000 (best_err=6443.000); Kandidaten=8.000->6443.000, 9.500->7887.000"
AC0812_M_element_validation.log;validation;circle;joint_multistart;failed;circle: Joint-Multistart keine relevante Änderung (cx=25.000, cy=10.000, r=8.000, best_err=6320.000)
AC0812_M_element_validation.log;validation;arm;center_diagonal_update;failed;"arm: Mittelpunkt/Diagonale-Update verworfen (Fehler 84.861->161.667; Box-Check verworfen (w_ratio=1.062, h_ratio=0.286, area_ratio=0.304))"
AC0812_M_element_validation.log;validation;arm;width_bracketing;fixed_rule;arm: Breiten-Bracketing übersprungen (arm_stroke: current=1.000, Range=1.000..1.000)
AC0812_M_element_validation.log;validation;arm;length_bracketing;failed;"arm: Längen-Bracketing keine relevante Änderung (arm_len: 17.000); Kandidaten=13.000->106.167, 17.000->84.861, 18.500->84.861, 24.000->84.861, 29.500->84.861, 35.000->84.861"
AC0812_M_element_validation.log;validation;circle;color_bracketing;fixed_rule;circle: Farb-Bracketing übersprungen (Farben gesperrt)
AC0812_M_element_validation.log;validation;arm;color_bracketing;fixed_rule;arm: Farb-Bracketing übersprungen (Farben gesperrt)
AC0812_S_element_validation.log;validation;circle;center_diagonal_update;adjustable_step;circle: Parameter nach Mittelpunkt/Diagonale angepasst
AC0812_S_element_validation.log;validation;circle;width_bracketing;fixed_rule;circle: Breiten-Bracketing übersprungen (stroke_circle: current=1.000, Range=1.000..1.000)
AC0812_S_element_validation.log;validation;circle;radius_bracketing;success;"circle: Radius-Bracketing r 6.718->6.500 (best_err=2533.000); Kandidaten=6.000->4937.000, 6.500->2533.000, 7.000->2618.000"
AC0812_S_element_validation.log;validation;circle;joint_multistart;failed;circle: Joint-Multistart keine relevante Änderung (cx=17.500, cy=7.500, r=6.500, best_err=2402.000)
AC0812_S_element_validation.log;validation;arm;width_bracketing;fixed_rule;arm: Breiten-Bracketing übersprungen (arm_stroke: current=1.000, Range=1.000..1.000)
AC0812_S_element_validation.log;validation;arm;length_bracketing;failed;"arm: Längen-Bracketing keine relevante Änderung (arm_len: 11.000); Kandidaten=8.500->75.375, 11.000->50.812, 12.500->50.812, 17.000->50.812, 21.000->50.812, 25.000->50.812"
AC0812_S_element_validation.log;validation;circle;width_bracketing;fixed_rule;circle: Breiten-Bracketing übersprungen (stroke_circle: current=1.000, Range=1.000..1.000)
AC0812_S_element_validation.log;validation;circle;radius_bracketing;failed;"circle: Radius-Bracketing keine relevante Änderung (r: 6.509, best_err=2402.000); Kandidaten=6.000->4806.000, 6.500->2402.000, 7.000->2487.000"
AC0812_S_element_validation.log;validation;circle;joint_multistart;failed;circle: Joint-Multistart keine relevante Änderung (cx=17.500, cy=7.500, r=6.509, best_err=2402.000)
AC0812_S_element_validation.log;validation;arm;width_bracketing;fixed_rule;arm: Breiten-Bracketing übersprungen (arm_stroke: current=1.000, Range=1.000..1.000)
AC0812_S_element_validation.log;validation;arm;length_bracketing;failed;"arm: Längen-Bracketing keine relevante Änderung (arm_len: 11.000); Kandidaten=8.500->75.375, 11.000->50.812, 12.500->50.812, 17.000->50.812, 21.000->50.812, 25.000->50.812"
AC0812_S_element_validation.log;validation;circle;color_bracketing;fixed_rule;circle: Farb-Bracketing übersprungen (Farben gesperrt)
AC0812_S_element_validation.log;validation;arm;color_bracketing;fixed_rule;arm: Farb-Bracketing übersprungen (Farben gesperrt)
AC0813_L_element_validation.log;validation;circle;center_diagonal_update;adjustable_step;circle: Parameter nach Mittelpunkt/Diagonale angepasst
AC0813_L_element_validation.log;validation;circle;width_bracketing;fixed_rule;circle: Breiten-Bracketing übersprungen (stroke_circle: current=1.000, Range=1.000..1.000)
AC0813_L_element_validation.log;validation;circle;radius_bracketing;success;"circle: Radius-Bracketing r 10.144->9.500 (best_err=9947.000); Kandidaten=9.500->9947.000, 10.000->10145.000, 12.000->12206.000"
AC0813_L_element_validation.log;validation;circle;joint_multistart;failed;circle: Joint-Multistart keine relevante Änderung (cx=12.500, cy=32.500, r=9.500, best_err=9475.000)
AC0813_L_element_validation.log;validation;arm;width_bracketing;fixed_rule;arm: Breiten-Bracketing übersprungen (arm_stroke: current=1.000, Range=1.000..1.000)
AC0813_L_element_validation.log;validation;arm;length_bracketing;failed;"arm: Längen-Bracketing keine relevante Änderung (arm_len: 23.000); Kandidaten=17.000->117.586, 23.000->103.219, 24.000->103.219, 31.000->103.219, 38.000->103.219, 45.000->103.219"
AC0813_L_element_validation.log;validation;circle;center_diagonal_update;adjustable_step;circle: Parameter nach Mittelpunkt/Diagonale angepasst
AC0813_L_element_validation.log;validation;circle;width_bracketing;fixed_rule;circle: Breiten-Bracketing übersprungen (stroke_circle: current=1.000, Range=1.000..1.000)
AC0813_L_element_validation.log;validation;circle;radius_bracketing;success;"circle: Radius-Bracketing r 9.387->9.500 (best_err=9475.000); Kandidaten=9.500->9475.000, 12.000->11976.000"
AC0813_L_element_validation.log;validation;circle;joint_multistart;failed;circle: Joint-Multistart keine relevante Änderung (cx=12.500, cy=32.500, r=9.500, best_err=9475.000)
AC0813_L_element_validation.log;validation;arm;width_bracketing;fixed_rule;arm: Breiten-Bracketing übersprungen (arm_stroke: current=1.000, Range=1.000..1.000)
AC0813_L_element_validation.log;validation;arm;length_bracketing;failed;"arm: Längen-Bracketing keine relevante Änderung (arm_len: 23.000); Kandidaten=17.000->117.586, 23.000->103.219, 24.000->103.219, 31.000->103.219, 38.000->103.219, 45.000->103.219"
AC0813_L_element_validation.log;validation;circle;center_diagonal_update;adjustable_step;circle: Parameter nach Mittelpunkt/Diagonale angepasst
AC0813_L_element_validation.log;validation;circle;width_bracketing;fixed_rule;circle: Breiten-Bracketing übersprungen (stroke_circle: current=1.000, Range=1.000..1.000)
AC0813_L_element_validation.log;validation;circle;radius_bracketing;success;"circle: Radius-Bracketing r 9.387->9.500 (best_err=9475.000); Kandidaten=9.500->9475.000, 12.000->11976.000"
AC0813_L_element_validation.log;validation;circle;joint_multistart;failed;circle: Joint-Multistart keine relevante Änderung (cx=12.500, cy=32.500, r=9.500, best_err=9475.000)
AC0813_L_element_validation.log;validation;arm;width_bracketing;fixed_rule;arm: Breiten-Bracketing übersprungen (arm_stroke: current=1.000, Range=1.000..1.000)
AC0813_L_element_validation.log;validation;arm;length_bracketing;failed;"arm: Längen-Bracketing keine relevante Änderung (arm_len: 23.000); Kandidaten=17.000->117.586, 23.000->103.219, 24.000->103.219, 31.000->103.219, 38.000->103.219, 45.000->103.219"
AC0813_L_element_validation.log;validation;circle;center_diagonal_update;adjustable_step;circle: Parameter nach Mittelpunkt/Diagonale angepasst
AC0813_L_element_validation.log;validation;circle;width_bracketing;fixed_rule;circle: Breiten-Bracketing übersprungen (stroke_circle: current=1.000, Range=1.000..1.000)
AC0813_L_element_validation.log;validation;circle;radius_bracketing;success;"circle: Radius-Bracketing r 9.387->9.500 (best_err=9475.000); Kandidaten=9.500->9475.000, 12.000->11976.000"
AC0813_L_element_validation.log;validation;circle;joint_multistart;failed;circle: Joint-Multistart keine relevante Änderung (cx=12.500, cy=32.500, r=9.500, best_err=9475.000)
AC0813_L_element_validation.log;validation;arm;width_bracketing;fixed_rule;arm: Breiten-Bracketing übersprungen (arm_stroke: current=1.000, Range=1.000..1.000)
AC0813_L_element_validation.log;validation;arm;length_bracketing;failed;"arm: Längen-Bracketing keine relevante Änderung (arm_len: 23.000); Kandidaten=17.000->117.586, 23.000->103.219, 24.000->103.219, 31.000->103.219, 38.000->103.219, 45.000->103.219"
AC0813_L_element_validation.log;validation;circle;center_diagonal_update;adjustable_step;circle: Parameter nach Mittelpunkt/Diagonale angepasst
AC0813_L_element_validation.log;validation;circle;width_bracketing;fixed_rule;circle: Breiten-Bracketing übersprungen (stroke_circle: current=1.000, Range=1.000..1.000)
AC0813_L_element_validation.log;validation;circle;radius_bracketing;success;"circle: Radius-Bracketing r 9.387->9.500 (best_err=9475.000); Kandidaten=9.500->9475.000, 12.000->11976.000"
AC0813_L_element_validation.log;validation;circle;joint_multistart;failed;circle: Joint-Multistart keine relevante Änderung (cx=12.500, cy=32.500, r=9.500, best_err=9475.000)
AC0813_L_element_validation.log;validation;arm;width_bracketing;fixed_rule;arm: Breiten-Bracketing übersprungen (arm_stroke: current=1.000, Range=1.000..1.000)
AC0813_L_element_validation.log;validation;arm;length_bracketing;failed;"arm: Längen-Bracketing keine relevante Änderung (arm_len: 23.000); Kandidaten=17.000->117.586, 23.000->103.219, 24.000->103.219, 31.000->103.219, 38.000->103.219, 45.000->103.219"
AC0813_L_element_validation.log;validation;circle;center_diagonal_update;adjustable_step;circle: Parameter nach Mittelpunkt/Diagonale angepasst
AC0813_L_element_validation.log;validation;circle;width_bracketing;fixed_rule;circle: Breiten-Bracketing übersprungen (stroke_circle: current=1.000, Range=1.000..1.000)
AC0813_L_element_validation.log;validation;circle;radius_bracketing;success;"circle: Radius-Bracketing r 9.387->9.500 (best_err=9475.000); Kandidaten=9.500->9475.000, 12.000->11976.000"
AC0813_L_element_validation.log;validation;circle;joint_multistart;failed;circle: Joint-Multistart keine relevante Änderung (cx=12.500, cy=32.500, r=9.500, best_err=9475.000)
AC0813_L_element_validation.log;validation;arm;width_bracketing;fixed_rule;arm: Breiten-Bracketing übersprungen (arm_stroke: current=1.000, Range=1.000..1.000)
AC0813_L_element_validation.log;validation;arm;length_bracketing;failed;"arm: Längen-Bracketing keine relevante Änderung (arm_len: 23.000); Kandidaten=17.000->117.586, 23.000->103.219, 24.000->103.219, 31.000->103.219, 38.000->103.219, 45.000->103.219"
AC0813_L_element_validation.log;validation;circle;color_bracketing;fixed_rule;circle: Farb-Bracketing übersprungen (Farben gesperrt)
AC0813_L_element_validation.log;validation;arm;color_bracketing;fixed_rule;arm: Farb-Bracketing übersprungen (Farben gesperrt)
AC0813_M_element_validation.log;validation;circle;center_diagonal_update;adjustable_step;circle: Parameter nach Mittelpunkt/Diagonale angepasst
AC0813_M_element_validation.log;validation;circle;width_bracketing;fixed_rule;circle: Breiten-Bracketing übersprungen (stroke_circle: current=1.000, Range=1.000..1.000)
AC0813_M_element_validation.log;validation;circle;radius_bracketing;success;"circle: Radius-Bracketing r 8.665->8.000 (best_err=7232.000); Kandidaten=8.000->7232.000, 8.500->7815.000, 9.500->8521.000"
AC0813_M_element_validation.log;validation;circle;joint_multistart;failed;circle: Joint-Multistart keine relevante Änderung (cx=10.000, cy=25.000, r=8.000, best_err=6091.000)
AC0813_M_element_validation.log;validation;arm;center_diagonal_update;failed;"arm: Mittelpunkt/Diagonale-Update verworfen (Fehler 85.778->162.833; Box-Check verworfen (w_ratio=0.286, h_ratio=1.062, area_ratio=0.304))"
AC0813_M_element_validation.log;validation;arm;width_bracketing;fixed_rule;arm: Breiten-Bracketing übersprungen (arm_stroke: current=1.000, Range=1.000..1.000)
AC0813_M_element_validation.log;validation;arm;length_bracketing;failed;"arm: Längen-Bracketing keine relevante Änderung (arm_len: 17.000); Kandidaten=13.000->107.108, 17.000->85.778, 18.500->85.778, 24.000->85.778, 29.500->85.778, 35.000->85.778"
AC0813_M_element_validation.log;validation;circle;center_diagonal_update;adjustable_step;circle: Parameter nach Mittelpunkt/Diagonale angepasst
AC0813_M_element_validation.log;validation;circle;width_bracketing;fixed_rule;circle: Breiten-Bracketing übersprungen (stroke_circle: current=1.000, Range=1.000..1.000)
AC0813_M_element_validation.log;validation;circle;radius_bracketing;success;"circle: Radius-Bracketing r 8.201->8.000 (best_err=6216.000); Kandidaten=8.000->6216.000, 9.500->7844.000"
AC0813_M_element_validation.log;validation;circle;joint_multistart;failed;circle: Joint-Multistart keine relevante Änderung (cx=10.000, cy=25.000, r=8.000, best_err=6091.000)
AC0813_M_element_validation.log;validation;arm;center_diagonal_update;failed;"arm: Mittelpunkt/Diagonale-Update verworfen (Fehler 85.778->162.833; Box-Check verworfen (w_ratio=0.286, h_ratio=1.062, area_ratio=0.304))"
AC0813_M_element_validation.log;validation;arm;width_bracketing;fixed_rule;arm: Breiten-Bracketing übersprungen (arm_stroke: current=1.000, Range=1.000..1.000)
AC0813_M_element_validation.log;validation;arm;length_bracketing;failed;"arm: Längen-Bracketing keine relevante Änderung (arm_len: 17.000); Kandidaten=13.000->107.108, 17.000->85.778, 18.500->85.778, 24.000->85.778, 29.500->85.778, 35.000->85.778"
AC0813_M_element_validation.log;validation;circle;center_diagonal_update;adjustable_step;circle: Parameter nach Mittelpunkt/Diagonale angepasst
AC0813_M_element_validation.log;validation;circle;width_bracketing;fixed_rule;circle: Breiten-Bracketing übersprungen (stroke_circle: current=1.000, Range=1.000..1.000)
AC0813_M_element_validation.log;validation;circle;radius_bracketing;success;"circle: Radius-Bracketing r 8.201->8.000 (best_err=6216.000); Kandidaten=8.000->6216.000, 9.500->7844.000"
AC0813_M_element_validation.log;validation;circle;joint_multistart;failed;circle: Joint-Multistart keine relevante Änderung (cx=10.000, cy=25.000, r=8.000, best_err=6091.000)
AC0813_M_element_validation.log;validation;arm;center_diagonal_update;failed;"arm: Mittelpunkt/Diagonale-Update verworfen (Fehler 85.778->162.833; Box-Check verworfen (w_ratio=0.286, h_ratio=1.062, area_ratio=0.304))"
AC0813_M_element_validation.log;validation;arm;width_bracketing;fixed_rule;arm: Breiten-Bracketing übersprungen (arm_stroke: current=1.000, Range=1.000..1.000)
AC0813_M_element_validation.log;validation;arm;length_bracketing;failed;"arm: Längen-Bracketing keine relevante Änderung (arm_len: 17.000); Kandidaten=13.000->107.108, 17.000->85.778, 18.500->85.778, 24.000->85.778, 29.500->85.778, 35.000->85.778"
AC0813_M_element_validation.log;validation;circle;center_diagonal_update;adjustable_step;circle: Parameter nach Mittelpunkt/Diagonale angepasst
AC0813_M_element_validation.log;validation;circle;width_bracketing;fixed_rule;circle: Breiten-Bracketing übersprungen (stroke_circle: current=1.000, Range=1.000..1.000)
AC0813_M_element_validation.log;validation;circle;radius_bracketing;success;"circle: Radius-Bracketing r 8.201->8.000 (best_err=6216.000); Kandidaten=8.000->6216.000, 9.500->7844.000"
AC0813_M_element_validation.log;validation;circle;joint_multistart;failed;circle: Joint-Multistart keine relevante Änderung (cx=10.000, cy=25.000, r=8.000, best_err=6091.000)
AC0813_M_element_validation.log;validation;arm;center_diagonal_update;failed;"arm: Mittelpunkt/Diagonale-Update verworfen (Fehler 85.778->162.833; Box-Check verworfen (w_ratio=0.286, h_ratio=1.062, area_ratio=0.304))"
AC0813_M_element_validation.log;validation;arm;width_bracketing;fixed_rule;arm: Breiten-Bracketing übersprungen (arm_stroke: current=1.000, Range=1.000..1.000)
AC0813_M_element_validation.log;validation;arm;length_bracketing;failed;"arm: Längen-Bracketing keine relevante Änderung (arm_len: 17.000); Kandidaten=13.000->107.108, 17.000->85.778, 18.500->85.778, 24.000->85.778, 29.500->85.778, 35.000->85.778"
AC0813_M_element_validation.log;validation;circle;center_diagonal_update;adjustable_step;circle: Parameter nach Mittelpunkt/Diagonale angepasst
AC0813_M_element_validation.log;validation;circle;width_bracketing;fixed_rule;circle: Breiten-Bracketing übersprungen (stroke_circle: current=1.000, Range=1.000..1.000)
AC0813_M_element_validation.log;validation;circle;radius_bracketing;success;"circle: Radius-Bracketing r 8.201->8.000 (best_err=6216.000); Kandidaten=8.000->6216.000, 9.500->7844.000"
AC0813_M_element_validation.log;validation;circle;joint_multistart;failed;circle: Joint-Multistart keine relevante Änderung (cx=10.000, cy=25.000, r=8.000, best_err=6091.000)
AC0813_M_element_validation.log;validation;arm;center_diagonal_update;failed;"arm: Mittelpunkt/Diagonale-Update verworfen (Fehler 85.778->162.833; Box-Check verworfen (w_ratio=0.286, h_ratio=1.062, area_ratio=0.304))"
AC0813_M_element_validation.log;validation;arm;width_bracketing;fixed_rule;arm: Breiten-Bracketing übersprungen (arm_stroke: current=1.000, Range=1.000..1.000)
AC0813_M_element_validation.log;validation;arm;length_bracketing;failed;"arm: Längen-Bracketing keine relevante Änderung (arm_len: 17.000); Kandidaten=13.000->107.108, 17.000->85.778, 18.500->85.778, 24.000->85.778, 29.500->85.778, 35.000->85.778"
AC0813_M_element_validation.log;validation;circle;center_diagonal_update;adjustable_step;circle: Parameter nach Mittelpunkt/Diagonale angepasst
AC0813_M_element_validation.log;validation;circle;width_bracketing;fixed_rule;circle: Breiten-Bracketing übersprungen (stroke_circle: current=1.000, Range=1.000..1.000)
AC0813_M_element_validation.log;validation;circle;radius_bracketing;success;"circle: Radius-Bracketing r 8.201->8.000 (best_err=6216.000); Kandidaten=8.000->6216.000, 9.500->7844.000"
AC0813_M_element_validation.log;validation;circle;joint_multistart;failed;circle: Joint-Multistart keine relevante Änderung (cx=10.000, cy=25.000, r=8.000, best_err=6091.000)
AC0813_M_element_validation.log;validation;arm;center_diagonal_update;failed;"arm: Mittelpunkt/Diagonale-Update verworfen (Fehler 85.778->162.833; Box-Check verworfen (w_ratio=0.286, h_ratio=1.062, area_ratio=0.304))"
AC0813_M_element_validation.log;validation;arm;width_bracketing;fixed_rule;arm: Breiten-Bracketing übersprungen (arm_stroke: current=1.000, Range=1.000..1.000)
AC0813_M_element_validation.log;validation;arm;length_bracketing;failed;"arm: Längen-Bracketing keine relevante Änderung (arm_len: 17.000); Kandidaten=13.000->107.108, 17.000->85.778, 18.500->85.778, 24.000->85.778, 29.500->85.778, 35.000->85.778"
AC0813_M_element_validation.log;validation;circle;color_bracketing;fixed_rule;circle: Farb-Bracketing übersprungen (Farben gesperrt)
AC0813_M_element_validation.log;validation;arm;color_bracketing;fixed_rule;arm: Farb-Bracketing übersprungen (Farben gesperrt)
AC0813_S_element_validation.log;validation;circle;center_diagonal_update;failed;circle: Mittelpunkt/Diagonale-Update verworfen (Fehler 92.671->96.475)
AC0813_S_element_validation.log;validation;circle;width_bracketing;fixed_rule;circle: Breiten-Bracketing übersprungen (stroke_circle: current=1.000, Range=1.000..1.000)
AC0813_S_element_validation.log;validation;circle;radius_bracketing;success;"circle: Radius-Bracketing r 7.000->6.500 (best_err=2755.000); Kandidaten=6.500->2755.000, 7.000->2786.000"
AC0813_S_element_validation.log;validation;circle;joint_multistart;failed;circle: Joint-Multistart keine relevante Änderung (cx=7.500, cy=17.500, r=6.500, best_err=2628.000)
AC0813_S_element_validation.log;validation;arm;width_bracketing;fixed_rule;arm: Breiten-Bracketing übersprungen (arm_stroke: current=1.000, Range=1.000..1.000)
AC0813_S_element_validation.log;validation;arm;length_bracketing;failed;"arm: Längen-Bracketing keine relevante Änderung (arm_len: 11.000); Kandidaten=8.000->83.706, 11.000->53.471, 12.500->53.471, 16.500->53.471, 21.000->53.471, 25.000->53.471"
AC0813_S_element_validation.log;validation;circle;width_bracketing;fixed_rule;circle: Breiten-Bracketing übersprungen (stroke_circle: current=1.000, Range=1.000..1.000)
AC0813_S_element_validation.log;validation;circle;radius_bracketing;failed;"circle: Radius-Bracketing keine relevante Änderung (r: 6.509, best_err=2628.000); Kandidaten=6.000->4878.000, 6.500->2628.000, 7.000->2659.000"
AC0813_S_element_validation.log;validation;circle;joint_multistart;failed;circle: Joint-Multistart keine relevante Änderung (cx=7.500, cy=17.500, r=6.509, best_err=2628.000)
AC0813_S_element_validation.log;validation;arm;width_bracketing;fixed_rule;arm: Breiten-Bracketing übersprungen (arm_stroke: current=1.000, Range=1.000..1.000)
AC0813_S_element_validation.log;validation;arm;length_bracketing;failed;"arm: Längen-Bracketing keine relevante Änderung (arm_len: 11.000); Kandidaten=8.000->83.706, 11.000->53.471, 12.500->53.471, 16.500->53.471, 21.000->53.471, 25.000->53.471"
AC0813_S_element_validation.log;validation;circle;color_bracketing;fixed_rule;circle: Farb-Bracketing übersprungen (Farben gesperrt)
AC0813_S_element_validation.log;validation;arm;color_bracketing;fixed_rule;arm: Farb-Bracketing übersprungen (Farben gesperrt)
AC0814_L_element_validation.log;validation;circle;center_diagonal_update;adjustable_step;circle: Parameter nach Mittelpunkt/Diagonale angepasst
AC0814_L_element_validation.log;validation;circle;width_bracketing;fixed_rule;circle: Breiten-Bracketing übersprungen (stroke_circle: current=1.000, Range=1.000..1.000)
AC0814_L_element_validation.log;validation;circle;radius_bracketing;success;"circle: Radius-Bracketing r 10.208->9.000 (best_err=10095.000); Kandidaten=9.000->10095.000, 9.500->10572.000, 10.000->10861.000, 12.000->12787.000"
AC0814_L_element_validation.log;validation;circle;joint_multistart;failed;circle: Joint-Multistart keine relevante Änderung (cx=12.500, cy=12.500, r=9.000, best_err=8753.000)
AC0814_L_element_validation.log;validation;arm;width_bracketing;fixed_rule;arm: Breiten-Bracketing übersprungen (arm_stroke: current=1.000, Range=1.000..1.000)
AC0814_L_element_validation.log;validation;arm;length_bracketing;failed;"arm: Längen-Bracketing keine relevante Änderung (arm_len: 23.500); Kandidaten=17.500->119.760, 23.500->106.769, 24.500->106.769, 31.500->106.769, 38.000->106.769, 45.000->106.769"
AC0814_L_element_validation.log;validation;circle;center_diagonal_update;failed;circle: Mittelpunkt/Diagonale-Update verworfen (Fehler 211.862->227.529)
AC0814_L_element_validation.log;validation;circle;width_bracketing;fixed_rule;circle: Breiten-Bracketing übersprungen (stroke_circle: current=1.000, Range=1.000..1.000)
AC0814_L_element_validation.log;validation;circle;radius_bracketing;failed;"circle: Radius-Bracketing keine relevante Änderung (r: 9.000, best_err=8753.000); Kandidaten=9.000->8753.000, 12.000->11994.000"
AC0814_L_element_validation.log;validation;circle;joint_multistart;failed;circle: Joint-Multistart keine relevante Änderung (cx=12.500, cy=12.500, r=9.000, best_err=8753.000)
AC0814_L_element_validation.log;validation;arm;width_bracketing;fixed_rule;arm: Breiten-Bracketing übersprungen (arm_stroke: current=1.000, Range=1.000..1.000)
AC0814_L_element_validation.log;validation;arm;length_bracketing;failed;"arm: Längen-Bracketing keine relevante Änderung (arm_len: 23.500); Kandidaten=17.500->119.760, 23.500->106.769, 24.500->106.769, 31.500->106.769, 38.000->106.769, 45.000->106.769"
AC0814_L_element_validation.log;validation;circle;color_bracketing;fixed_rule;circle: Farb-Bracketing übersprungen (Farben gesperrt)
AC0814_L_element_validation.log;validation;arm;color_bracketing;fixed_rule;arm: Farb-Bracketing übersprungen (Farben gesperrt)
AC0814_M_element_validation.log;validation;circle;width_bracketing;fixed_rule;circle: Breiten-Bracketing übersprungen (stroke_circle: current=1.000, Range=1.000..1.000)
AC0814_M_element_validation.log;validation;circle;radius_bracketing;success;"circle: Radius-Bracketing r 8.833->8.000 (best_err=8740.000); Kandidaten=8.000->8740.000, 8.500->9294.000, 9.000->10473.000, 9.500->9879.000"
AC0814_M_element_validation.log;validation;circle;joint_multistart;failed;circle: Joint-Multistart keine relevante Änderung (cx=10.000, cy=10.000, r=8.000, best_err=7853.000)
AC0814_M_element_validation.log;validation;arm;center_diagonal_update;failed;"arm: Mittelpunkt/Diagonale-Update verworfen (Fehler 84.944->161.906; Box-Check verworfen (w_ratio=1.000, h_ratio=0.286, area_ratio=0.286))"
AC0814_M_element_validation.log;validation;arm;width_bracketing;fixed_rule;arm: Breiten-Bracketing übersprungen (arm_stroke: current=1.000, Range=1.000..1.000)
AC0814_M_element_validation.log;validation;arm;length_bracketing;failed;"arm: Längen-Bracketing keine relevante Änderung (arm_len: 17.000); Kandidaten=13.000->110.433, 17.000->90.650, 18.500->90.650, 24.000->90.650, 29.500->90.650, 35.000->90.650"
AC0814_M_element_validation.log;validation;circle;center_diagonal_update;failed;circle: Mittelpunkt/Diagonale-Update verworfen (Fehler 171.147->179.307)
AC0814_M_element_validation.log;validation;circle;width_bracketing;fixed_rule;circle: Breiten-Bracketing übersprungen (stroke_circle: current=1.000, Range=1.000..1.000)
AC0814_M_element_validation.log;validation;circle;radius_bracketing;failed;"circle: Radius-Bracketing keine relevante Änderung (r: 8.000, best_err=7853.000); Kandidaten=8.000->7853.000, 9.500->8993.000"
AC0814_M_element_validation.log;validation;circle;joint_multistart;failed;circle: Joint-Multistart keine relevante Änderung (cx=10.000, cy=10.000, r=8.000, best_err=7853.000)
AC0814_M_element_validation.log;validation;arm;center_diagonal_update;failed;"arm: Mittelpunkt/Diagonale-Update verworfen (Fehler 84.944->161.906; Box-Check verworfen (w_ratio=1.000, h_ratio=0.286, area_ratio=0.286))"
AC0814_M_element_validation.log;validation;arm;width_bracketing;fixed_rule;arm: Breiten-Bracketing übersprungen (arm_stroke: current=1.000, Range=1.000..1.000)
AC0814_M_element_validation.log;validation;arm;length_bracketing;failed;"arm: Längen-Bracketing keine relevante Änderung (arm_len: 17.000); Kandidaten=13.000->110.433, 17.000->90.650, 18.500->90.650, 24.000->90.650, 29.500->90.650, 35.000->90.650"
AC0814_M_element_validation.log;validation;circle;color_bracketing;fixed_rule;circle: Farb-Bracketing übersprungen (Farben gesperrt)
AC0814_M_element_validation.log;validation;arm;color_bracketing;fixed_rule;arm: Farb-Bracketing übersprungen (Farben gesperrt)
AC0814_S_element_validation.log;validation;circle;center_diagonal_update;failed;circle: Mittelpunkt/Diagonale-Update verworfen (Fehler 94.756->98.906)
AC0814_S_element_validation.log;validation;circle;width_bracketing;fixed_rule;circle: Breiten-Bracketing übersprungen (stroke_circle: current=1.000, Range=1.000..1.000)
AC0814_S_element_validation.log;validation;circle;radius_bracketing;success;"circle: Radius-Bracketing r 7.000->6.500 (best_err=2908.000); Kandidaten=6.500->2908.000, 7.000->2919.000"
AC0814_S_element_validation.log;validation;circle;joint_multistart;failed;circle: Joint-Multistart keine relevante Änderung (cx=7.500, cy=7.500, r=6.500, best_err=2781.000)
AC0814_S_element_validation.log;validation;arm;width_bracketing;fixed_rule;arm: Breiten-Bracketing übersprungen (arm_stroke: current=1.000, Range=1.000..1.000)
AC0814_S_element_validation.log;validation;arm;length_bracketing;failed;"arm: Längen-Bracketing keine relevante Änderung (arm_len: 11.000); Kandidaten=8.000->84.235, 11.000->62.824, 12.500->62.824, 16.500->62.824, 21.000->62.824, 25.000->62.824"
AC0814_S_element_validation.log;validation;circle;width_bracketing;fixed_rule;circle: Breiten-Bracketing übersprungen (stroke_circle: current=1.000, Range=1.000..1.000)
AC0814_S_element_validation.log;validation;circle;radius_bracketing;failed;"circle: Radius-Bracketing keine relevante Änderung (r: 6.509, best_err=2781.000); Kandidaten=6.000->5006.000, 6.500->2781.000, 7.000->2792.000"
AC0814_S_element_validation.log;validation;circle;joint_multistart;failed;circle: Joint-Multistart keine relevante Änderung (cx=7.500, cy=7.500, r=6.509, best_err=2781.000)
AC0814_S_element_validation.log;validation;arm;width_bracketing;fixed_rule;arm: Breiten-Bracketing übersprungen (arm_stroke: current=1.000, Range=1.000..1.000)
AC0814_S_element_validation.log;validation;arm;length_bracketing;failed;"arm: Längen-Bracketing keine relevante Änderung (arm_len: 11.000); Kandidaten=8.000->84.235, 11.000->62.824, 12.500->62.824, 16.500->62.824, 21.000->62.824, 25.000->62.824"
AC0814_S_element_validation.log;validation;circle;color_bracketing;fixed_rule;circle: Farb-Bracketing übersprungen (Farben gesperrt)
AC0814_S_element_validation.log;validation;arm;color_bracketing;fixed_rule;arm: Farb-Bracketing übersprungen (Farben gesperrt)
AC0820_L_element_validation.log;validation;circle;center_diagonal_update;adjustable_step;circle: Parameter nach Mittelpunkt/Diagonale angepasst
AC0820_L_element_validation.log;validation;circle;width_bracketing;fixed_rule;circle: Breiten-Bracketing übersprungen (stroke_circle: current=1.000, Range=1.000..1.000)
AC0820_L_element_validation.log;validation;circle;radius_bracketing;success;"circle: Radius-Bracketing r 13.701->13.500 (best_err=15549.000); Kandidaten=11.000->33860.000, 13.500->15549.000, 14.000->20079.000, 14.500->28513.000"
AC0820_L_element_validation.log;validation;circle;joint_multistart;failed;circle: Joint-Multistart keine relevante Änderung (cx=15.000, cy=15.000, r=13.500, best_err=15549.000)
AC0820_L_element_validation.log;validation;text;center_diagonal_update;adjustable_step;text: Parameter nach Mittelpunkt/Diagonale angepasst
AC0820_L_element_validation.log;validation;text;width_bracketing;success;"text: Breiten-Bracketing co2_font_scale 0.940->0.903; Kandidaten=0.865->188.955, 0.903->179.875, 0.940->181.416, 0.941->181.362, 0.992->181.359, 1.043->181.359, 1.081->181.359, 1.082->181.359, 1.120->181.359"
AC0820_L_element_validation.log;validation;circle;center_diagonal_update;adjustable_step;circle: Parameter nach Mittelpunkt/Diagonale angepasst
AC0820_L_element_validation.log;validation;circle;width_bracketing;fixed_rule;circle: Breiten-Bracketing übersprungen (stroke_circle: current=1.000, Range=1.000..1.000)
AC0820_L_element_validation.log;validation;circle;radius_bracketing;success;"circle: Radius-Bracketing r 13.565->13.500 (best_err=15549.000); Kandidaten=11.000->33860.000, 13.500->15549.000, 14.000->20079.000, 14.500->28513.000"
AC0820_L_element_validation.log;validation;circle;joint_multistart;failed;circle: Joint-Multistart keine relevante Änderung (cx=15.000, cy=15.000, r=13.500, best_err=15549.000)
AC0820_L_element_validation.log;validation;text;center_diagonal_update;adjustable_step;text: Parameter nach Mittelpunkt/Diagonale angepasst
AC0820_L_element_validation.log;validation;text;width_bracketing;failed;"text: Breiten-Bracketing keine relevante Änderung (co2_font_scale: 0.903); Kandidaten=0.865->188.955, 0.903->177.996, 0.941->179.506, 0.992->181.359, 1.038->181.359, 1.043->181.359, 1.082->181.359, 1.120->181.359"
AC0820_L_element_validation.log;validation;circle;center_diagonal_update;adjustable_step;circle: Parameter nach Mittelpunkt/Diagonale angepasst
AC0820_L_element_validation.log;validation;circle;width_bracketing;fixed_rule;circle: Breiten-Bracketing übersprungen (stroke_circle: current=1.000, Range=1.000..1.000)
AC0820_L_element_validation.log;validation;circle;radius_bracketing;success;"circle: Radius-Bracketing r 13.565->13.500 (best_err=15549.000); Kandidaten=11.000->33860.000, 13.500->15549.000, 14.000->20079.000, 14.500->28513.000"
AC0820_L_element_validation.log;validation;circle;joint_multistart;failed;circle: Joint-Multistart keine relevante Änderung (cx=15.000, cy=15.000, r=13.500, best_err=15549.000)
AC0820_L_element_validation.log;validation;text;center_diagonal_update;failed;text: Mittelpunkt/Diagonale-Update verworfen (Fehler 177.996->180.177)
AC0820_L_element_validation.log;validation;text;width_bracketing;failed;"text: Breiten-Bracketing keine relevante Änderung (co2_font_scale: 0.903); Kandidaten=0.865->188.955, 0.903->177.996, 0.941->179.506, 0.992->181.359, 1.038->181.359, 1.043->181.359, 1.082->181.359, 1.120->181.359"
AC0820_L_element_validation.log;validation;circle;center_diagonal_update;adjustable_step;circle: Parameter nach Mittelpunkt/Diagonale angepasst
AC0820_L_element_validation.log;validation;circle;width_bracketing;fixed_rule;circle: Breiten-Bracketing übersprungen (stroke_circle: current=1.000, Range=1.000..1.000)
AC0820_L_element_validation.log;validation;circle;radius_bracketing;success;"circle: Radius-Bracketing r 13.565->13.500 (best_err=15549.000); Kandidaten=11.000->33860.000, 13.500->15549.000, 14.000->20079.000, 14.500->28513.000"
AC0820_L_element_validation.log;validation;circle;joint_multistart;failed;circle: Joint-Multistart keine relevante Änderung (cx=15.000, cy=15.000, r=13.500, best_err=15549.000)
AC0820_L_element_validation.log;validation;text;center_diagonal_update;failed;text: Mittelpunkt/Diagonale-Update verworfen (Fehler 177.996->180.177)
AC0820_L_element_validation.log;validation;text;width_bracketing;failed;"text: Breiten-Bracketing keine relevante Änderung (co2_font_scale: 0.903); Kandidaten=0.865->188.955, 0.903->177.996, 0.941->179.506, 0.992->181.359, 1.038->181.359, 1.043->181.359, 1.082->181.359, 1.120->181.359"
AC0820_L_element_validation.log;validation;circle;center_diagonal_update;adjustable_step;circle: Parameter nach Mittelpunkt/Diagonale angepasst
AC0820_L_element_validation.log;validation;circle;width_bracketing;fixed_rule;circle: Breiten-Bracketing übersprungen (stroke_circle: current=1.000, Range=1.000..1.000)
AC0820_L_element_validation.log;validation;circle;radius_bracketing;success;"circle: Radius-Bracketing r 13.565->13.500 (best_err=15549.000); Kandidaten=11.000->33860.000, 13.500->15549.000, 14.000->20079.000, 14.500->28513.000"
AC0820_L_element_validation.log;validation;circle;joint_multistart;failed;circle: Joint-Multistart keine relevante Änderung (cx=15.000, cy=15.000, r=13.500, best_err=15549.000)
AC0820_L_element_validation.log;validation;text;center_diagonal_update;failed;text: Mittelpunkt/Diagonale-Update verworfen (Fehler 177.996->180.177)
AC0820_L_element_validation.log;validation;text;width_bracketing;failed;"text: Breiten-Bracketing keine relevante Änderung (co2_font_scale: 0.903); Kandidaten=0.865->188.955, 0.903->177.996, 0.941->179.506, 0.992->181.359, 1.038->181.359, 1.043->181.359, 1.082->181.359, 1.120->181.359"
AC0820_L_element_validation.log;validation;circle;center_diagonal_update;adjustable_step;circle: Parameter nach Mittelpunkt/Diagonale angepasst
AC0820_L_element_validation.log;validation;circle;width_bracketing;fixed_rule;circle: Breiten-Bracketing übersprungen (stroke_circle: current=1.000, Range=1.000..1.000)
AC0820_L_element_validation.log;validation;circle;radius_bracketing;success;"circle: Radius-Bracketing r 13.565->13.500 (best_err=15549.000); Kandidaten=11.000->33860.000, 13.500->15549.000, 14.000->20079.000, 14.500->28513.000"
AC0820_L_element_validation.log;validation;circle;joint_multistart;failed;circle: Joint-Multistart keine relevante Änderung (cx=15.000, cy=15.000, r=13.500, best_err=15549.000)
AC0820_L_element_validation.log;validation;text;center_diagonal_update;failed;text: Mittelpunkt/Diagonale-Update verworfen (Fehler 177.996->180.177)
AC0820_L_element_validation.log;validation;text;width_bracketing;failed;"text: Breiten-Bracketing keine relevante Änderung (co2_font_scale: 0.903); Kandidaten=0.865->188.955, 0.903->177.996, 0.941->179.506, 0.992->181.359, 1.038->181.359, 1.043->181.359, 1.082->181.359, 1.120->181.359"
AC0820_L_element_validation.log;validation;circle;center_diagonal_update;adjustable_step;circle: Parameter nach Mittelpunkt/Diagonale angepasst
AC0820_L_element_validation.log;validation;circle;width_bracketing;fixed_rule;circle: Breiten-Bracketing übersprungen (stroke_circle: current=1.000, Range=1.000..1.000)
AC0820_L_element_validation.log;validation;circle;radius_bracketing;success;"circle: Radius-Bracketing r 13.565->13.500 (best_err=15549.000); Kandidaten=11.000->33860.000, 13.500->15549.000, 14.000->20079.000, 14.500->28513.000"
AC0820_L_element_validation.log;validation;circle;joint_multistart;failed;circle: Joint-Multistart keine relevante Änderung (cx=15.000, cy=15.000, r=13.500, best_err=15549.000)
AC0820_L_element_validation.log;validation;text;center_diagonal_update;failed;text: Mittelpunkt/Diagonale-Update verworfen (Fehler 177.996->180.177)
AC0820_L_element_validation.log;validation;text;width_bracketing;failed;"text: Breiten-Bracketing keine relevante Änderung (co2_font_scale: 0.903); Kandidaten=0.865->188.955, 0.903->177.996, 0.941->179.506, 0.992->181.359, 1.038->181.359, 1.043->181.359, 1.082->181.359, 1.120->181.359"
AC0820_L_element_validation.log;validation;circle;center_diagonal_update;adjustable_step;circle: Parameter nach Mittelpunkt/Diagonale angepasst
AC0820_L_element_validation.log;validation;circle;width_bracketing;fixed_rule;circle: Breiten-Bracketing übersprungen (stroke_circle: current=1.000, Range=1.000..1.000)
AC0820_L_element_validation.log;validation;circle;radius_bracketing;success;"circle: Radius-Bracketing r 13.565->13.500 (best_err=15549.000); Kandidaten=11.000->33860.000, 13.500->15549.000, 14.000->20079.000, 14.500->28513.000"
AC0820_L_element_validation.log;validation;circle;joint_multistart;failed;circle: Joint-Multistart keine relevante Änderung (cx=15.000, cy=15.000, r=13.500, best_err=15549.000)
AC0820_L_element_validation.log;validation;text;center_diagonal_update;failed;text: Mittelpunkt/Diagonale-Update verworfen (Fehler 177.996->180.177)
AC0820_L_element_validation.log;validation;text;width_bracketing;failed;"text: Breiten-Bracketing keine relevante Änderung (co2_font_scale: 0.903); Kandidaten=0.865->188.955, 0.903->177.996, 0.941->179.506, 0.992->181.359, 1.038->181.359, 1.043->181.359, 1.082->181.359, 1.120->181.359"
AC0820_L_element_validation.log;validation;circle;center_diagonal_update;adjustable_step;circle: Parameter nach Mittelpunkt/Diagonale angepasst
AC0820_L_element_validation.log;validation;circle;width_bracketing;fixed_rule;circle: Breiten-Bracketing übersprungen (stroke_circle: current=1.000, Range=1.000..1.000)
AC0820_L_element_validation.log;validation;circle;radius_bracketing;success;"circle: Radius-Bracketing r 13.565->13.500 (best_err=15549.000); Kandidaten=11.000->33860.000, 13.500->15549.000, 14.000->20079.000, 14.500->28513.000"
AC0820_L_element_validation.log;validation;circle;joint_multistart;failed;circle: Joint-Multistart keine relevante Änderung (cx=15.000, cy=15.000, r=13.500, best_err=15549.000)
AC0820_L_element_validation.log;validation;text;center_diagonal_update;failed;text: Mittelpunkt/Diagonale-Update verworfen (Fehler 177.996->180.177)
AC0820_L_element_validation.log;validation;text;width_bracketing;failed;"text: Breiten-Bracketing keine relevante Änderung (co2_font_scale: 0.903); Kandidaten=0.865->188.955, 0.903->177.996, 0.941->179.506, 0.992->181.359, 1.038->181.359, 1.043->181.359, 1.082->181.359, 1.120->181.359"
AC0820_L_element_validation.log;validation;circle;center_diagonal_update;adjustable_step;circle: Parameter nach Mittelpunkt/Diagonale angepasst
AC0820_L_element_validation.log;validation;circle;width_bracketing;fixed_rule;circle: Breiten-Bracketing übersprungen (stroke_circle: current=1.000, Range=1.000..1.000)
AC0820_L_element_validation.log;validation;circle;radius_bracketing;success;"circle: Radius-Bracketing r 13.565->13.500 (best_err=15549.000); Kandidaten=11.000->33860.000, 13.500->15549.000, 14.000->20079.000, 14.500->28513.000"
AC0820_L_element_validation.log;validation;circle;joint_multistart;failed;circle: Joint-Multistart keine relevante Änderung (cx=15.000, cy=15.000, r=13.500, best_err=15549.000)
AC0820_L_element_validation.log;validation;text;center_diagonal_update;failed;text: Mittelpunkt/Diagonale-Update verworfen (Fehler 177.996->180.177)
AC0820_L_element_validation.log;validation;text;width_bracketing;failed;"text: Breiten-Bracketing keine relevante Änderung (co2_font_scale: 0.903); Kandidaten=0.865->188.955, 0.903->177.996, 0.941->179.506, 0.992->181.359, 1.038->181.359, 1.043->181.359, 1.082->181.359, 1.120->181.359"
AC0820_L_element_validation.log;validation;circle;color_bracketing;fixed_rule;circle: Farb-Bracketing übersprungen (Farben gesperrt)
AC0820_L_element_validation.log;validation;text;color_bracketing;fixed_rule;text: Farb-Bracketing übersprungen (Farben gesperrt)
AC0820_M_element_validation.log;validation;circle;center_diagonal_update;adjustable_step;circle: Parameter nach Mittelpunkt/Diagonale angepasst
AC0820_M_element_validation.log;validation;circle;width_bracketing;fixed_rule;circle: Breiten-Bracketing übersprungen (stroke_circle: current=1.000, Range=1.000..1.000)
AC0820_M_element_validation.log;validation;circle;radius_bracketing;success;"circle: Radius-Bracketing r 8.857->9.000 (best_err=6181.000); Kandidaten=8.000->14697.000, 9.000->6181.000, 9.500->11013.000"
AC0820_M_element_validation.log;validation;circle;joint_multistart;failed;circle: Joint-Multistart keine relevante Änderung (cx=10.000, cy=10.000, r=9.000, best_err=6181.000)
AC0820_M_element_validation.log;validation;text;center_diagonal_update;adjustable_step;text: Parameter nach Mittelpunkt/Diagonale angepasst
AC0820_M_element_validation.log;validation;text;width_bracketing;success;"text: Breiten-Bracketing co2_font_scale 0.950->0.874; Kandidaten=0.874->155.848, 0.911->159.205, 0.948->159.335, 0.950->159.335, 0.997->159.335, 1.046->159.335, 1.083->159.335, 1.092->159.335, 1.120->159.335"
AC0820_M_element_validation.log;validation;circle;center_diagonal_update;adjustable_step;circle: Parameter nach Mittelpunkt/Diagonale angepasst
AC0820_M_element_validation.log;validation;circle;width_bracketing;fixed_rule;circle: Breiten-Bracketing übersprungen (stroke_circle: current=1.000, Range=1.000..1.000)
AC0820_M_element_validation.log;validation;circle;radius_bracketing;success;"circle: Radius-Bracketing r 9.024->9.000 (best_err=6181.000); Kandidaten=8.000->14697.000, 9.000->6181.000, 9.500->11013.000"
AC0820_M_element_validation.log;validation;circle;joint_multistart;failed;circle: Joint-Multistart keine relevante Änderung (cx=10.000, cy=10.000, r=9.000, best_err=6181.000)
AC0820_M_element_validation.log;validation;text;center_diagonal_update;failed;text: Mittelpunkt/Diagonale-Update verworfen (Fehler 155.848->163.325)
AC0820_M_element_validation.log;validation;text;width_bracketing;failed;"text: Breiten-Bracketing keine relevante Änderung (co2_font_scale: 0.874); Kandidaten=0.874->155.848, 0.911->159.205, 0.948->159.335, 0.997->159.335, 1.005->159.335, 1.046->159.335, 1.083->159.335, 1.120->159.335"
AC0820_M_element_validation.log;validation;circle;center_diagonal_update;adjustable_step;circle: Parameter nach Mittelpunkt/Diagonale angepasst
AC0820_M_element_validation.log;validation;circle;width_bracketing;fixed_rule;circle: Breiten-Bracketing übersprungen (stroke_circle: current=1.000, Range=1.000..1.000)
AC0820_M_element_validation.log;validation;circle;radius_bracketing;success;"circle: Radius-Bracketing r 9.024->9.000 (best_err=6181.000); Kandidaten=8.000->14697.000, 9.000->6181.000, 9.500->11013.000"
AC0820_M_element_validation.log;validation;circle;joint_multistart;failed;circle: Joint-Multistart keine relevante Änderung (cx=10.000, cy=10.000, r=9.000, best_err=6181.000)
AC0820_M_element_validation.log;validation;text;center_diagonal_update;failed;text: Mittelpunkt/Diagonale-Update verworfen (Fehler 155.848->163.325)
AC0820_M_element_validation.log;validation;text;width_bracketing;failed;"text: Breiten-Bracketing keine relevante Änderung (co2_font_scale: 0.874); Kandidaten=0.874->155.848, 0.911->159.205, 0.948->159.335, 0.997->159.335, 1.005->159.335, 1.046->159.335, 1.083->159.335, 1.120->159.335"
AC0820_M_element_validation.log;validation;circle;center_diagonal_update;adjustable_step;circle: Parameter nach Mittelpunkt/Diagonale angepasst
AC0820_M_element_validation.log;validation;circle;width_bracketing;fixed_rule;circle: Breiten-Bracketing übersprungen (stroke_circle: current=1.000, Range=1.000..1.000)
AC0820_M_element_validation.log;validation;circle;radius_bracketing;success;"circle: Radius-Bracketing r 9.024->9.000 (best_err=6181.000); Kandidaten=8.000->14697.000, 9.000->6181.000, 9.500->11013.000"
AC0820_M_element_validation.log;validation;circle;joint_multistart;failed;circle: Joint-Multistart keine relevante Änderung (cx=10.000, cy=10.000, r=9.000, best_err=6181.000)
AC0820_M_element_validation.log;validation;text;center_diagonal_update;failed;text: Mittelpunkt/Diagonale-Update verworfen (Fehler 155.848->163.325)
AC0820_M_element_validation.log;validation;text;width_bracketing;failed;"text: Breiten-Bracketing keine relevante Änderung (co2_font_scale: 0.874); Kandidaten=0.874->155.848, 0.911->159.205, 0.948->159.335, 0.997->159.335, 1.005->159.335, 1.046->159.335, 1.083->159.335, 1.120->159.335"
AC0820_M_element_validation.log;validation;circle;center_diagonal_update;adjustable_step;circle: Parameter nach Mittelpunkt/Diagonale angepasst
AC0820_M_element_validation.log;validation;circle;width_bracketing;fixed_rule;circle: Breiten-Bracketing übersprungen (stroke_circle: current=1.000, Range=1.000..1.000)
AC0820_M_element_validation.log;validation;circle;radius_bracketing;success;"circle: Radius-Bracketing r 9.024->9.000 (best_err=6181.000); Kandidaten=8.000->14697.000, 9.000->6181.000, 9.500->11013.000"
AC0820_M_element_validation.log;validation;circle;joint_multistart;failed;circle: Joint-Multistart keine relevante Änderung (cx=10.000, cy=10.000, r=9.000, best_err=6181.000)
AC0820_M_element_validation.log;validation;text;center_diagonal_update;failed;text: Mittelpunkt/Diagonale-Update verworfen (Fehler 155.848->163.325)
AC0820_M_element_validation.log;validation;text;width_bracketing;failed;"text: Breiten-Bracketing keine relevante Änderung (co2_font_scale: 0.874); Kandidaten=0.874->155.848, 0.911->159.205, 0.948->159.335, 0.997->159.335, 1.005->159.335, 1.046->159.335, 1.083->159.335, 1.120->159.335"
AC0820_M_element_validation.log;validation;circle;center_diagonal_update;adjustable_step;circle: Parameter nach Mittelpunkt/Diagonale angepasst
AC0820_M_element_validation.log;validation;circle;width_bracketing;fixed_rule;circle: Breiten-Bracketing übersprungen (stroke_circle: current=1.000, Range=1.000..1.000)
AC0820_M_element_validation.log;validation;circle;radius_bracketing;success;"circle: Radius-Bracketing r 9.024->9.000 (best_err=6181.000); Kandidaten=8.000->14697.000, 9.000->6181.000, 9.500->11013.000"
AC0820_M_element_validation.log;validation;circle;joint_multistart;failed;circle: Joint-Multistart keine relevante Änderung (cx=10.000, cy=10.000, r=9.000, best_err=6181.000)
AC0820_M_element_validation.log;validation;text;center_diagonal_update;failed;text: Mittelpunkt/Diagonale-Update verworfen (Fehler 155.848->163.325)
AC0820_M_element_validation.log;validation;text;width_bracketing;failed;"text: Breiten-Bracketing keine relevante Änderung (co2_font_scale: 0.874); Kandidaten=0.874->155.848, 0.911->159.205, 0.948->159.335, 0.997->159.335, 1.005->159.335, 1.046->159.335, 1.083->159.335, 1.120->159.335"
AC0820_M_element_validation.log;validation;circle;center_diagonal_update;adjustable_step;circle: Parameter nach Mittelpunkt/Diagonale angepasst
AC0820_M_element_validation.log;validation;circle;width_bracketing;fixed_rule;circle: Breiten-Bracketing übersprungen (stroke_circle: current=1.000, Range=1.000..1.000)
AC0820_M_element_validation.log;validation;circle;radius_bracketing;success;"circle: Radius-Bracketing r 9.024->9.000 (best_err=6181.000); Kandidaten=8.000->14697.000, 9.000->6181.000, 9.500->11013.000"
AC0820_M_element_validation.log;validation;circle;joint_multistart;failed;circle: Joint-Multistart keine relevante Änderung (cx=10.000, cy=10.000, r=9.000, best_err=6181.000)
AC0820_M_element_validation.log;validation;text;center_diagonal_update;failed;text: Mittelpunkt/Diagonale-Update verworfen (Fehler 155.848->163.325)
AC0820_M_element_validation.log;validation;text;width_bracketing;failed;"text: Breiten-Bracketing keine relevante Änderung (co2_font_scale: 0.874); Kandidaten=0.874->155.848, 0.911->159.205, 0.948->159.335, 0.997->159.335, 1.005->159.335, 1.046->159.335, 1.083->159.335, 1.120->159.335"
AC0820_M_element_validation.log;validation;circle;center_diagonal_update;adjustable_step;circle: Parameter nach Mittelpunkt/Diagonale angepasst
AC0820_M_element_validation.log;validation;circle;width_bracketing;fixed_rule;circle: Breiten-Bracketing übersprungen (stroke_circle: current=1.000, Range=1.000..1.000)
AC0820_M_element_validation.log;validation;circle;radius_bracketing;success;"circle: Radius-Bracketing r 9.024->9.000 (best_err=6181.000); Kandidaten=8.000->14697.000, 9.000->6181.000, 9.500->11013.000"
AC0820_M_element_validation.log;validation;circle;joint_multistart;failed;circle: Joint-Multistart keine relevante Änderung (cx=10.000, cy=10.000, r=9.000, best_err=6181.000)
AC0820_M_element_validation.log;validation;text;center_diagonal_update;failed;text: Mittelpunkt/Diagonale-Update verworfen (Fehler 155.848->163.325)
AC0820_M_element_validation.log;validation;text;width_bracketing;failed;"text: Breiten-Bracketing keine relevante Änderung (co2_font_scale: 0.874); Kandidaten=0.874->155.848, 0.911->159.205, 0.948->159.335, 0.997->159.335, 1.005->159.335, 1.046->159.335, 1.083->159.335, 1.120->159.335"
AC0820_M_element_validation.log;validation;circle;center_diagonal_update;adjustable_step;circle: Parameter nach Mittelpunkt/Diagonale angepasst
AC0820_M_element_validation.log;validation;circle;width_bracketing;fixed_rule;circle: Breiten-Bracketing übersprungen (stroke_circle: current=1.000, Range=1.000..1.000)
AC0820_M_element_validation.log;validation;circle;radius_bracketing;success;"circle: Radius-Bracketing r 9.024->9.000 (best_err=6181.000); Kandidaten=8.000->14697.000, 9.000->6181.000, 9.500->11013.000"
AC0820_M_element_validation.log;validation;circle;joint_multistart;failed;circle: Joint-Multistart keine relevante Änderung (cx=10.000, cy=10.000, r=9.000, best_err=6181.000)
AC0820_M_element_validation.log;validation;text;center_diagonal_update;failed;text: Mittelpunkt/Diagonale-Update verworfen (Fehler 155.848->163.325)
AC0820_M_element_validation.log;validation;text;width_bracketing;failed;"text: Breiten-Bracketing keine relevante Änderung (co2_font_scale: 0.874); Kandidaten=0.874->155.848, 0.911->159.205, 0.948->159.335, 0.997->159.335, 1.005->159.335, 1.046->159.335, 1.083->159.335, 1.120->159.335"
AC0820_M_element_validation.log;validation;circle;center_diagonal_update;adjustable_step;circle: Parameter nach Mittelpunkt/Diagonale angepasst
AC0820_M_element_validation.log;validation;circle;width_bracketing;fixed_rule;circle: Breiten-Bracketing übersprungen (stroke_circle: current=1.000, Range=1.000..1.000)
AC0820_M_element_validation.log;validation;circle;radius_bracketing;success;"circle: Radius-Bracketing r 9.024->9.000 (best_err=6181.000); Kandidaten=8.000->14697.000, 9.000->6181.000, 9.500->11013.000"
AC0820_M_element_validation.log;validation;circle;joint_multistart;failed;circle: Joint-Multistart keine relevante Änderung (cx=10.000, cy=10.000, r=9.000, best_err=6181.000)
AC0820_M_element_validation.log;validation;text;center_diagonal_update;failed;text: Mittelpunkt/Diagonale-Update verworfen (Fehler 155.848->163.325)
AC0820_M_element_validation.log;validation;text;width_bracketing;failed;"text: Breiten-Bracketing keine relevante Änderung (co2_font_scale: 0.874); Kandidaten=0.874->155.848, 0.911->159.205, 0.948->159.335, 0.997->159.335, 1.005->159.335, 1.046->159.335, 1.083->159.335, 1.120->159.335"
AC0820_M_element_validation.log;validation;circle;color_bracketing;fixed_rule;circle: Farb-Bracketing übersprungen (Farben gesperrt)
AC0820_M_element_validation.log;validation;text;color_bracketing;fixed_rule;text: Farb-Bracketing übersprungen (Farben gesperrt)
AC0820_S_element_validation.log;validation;circle;center_diagonal_update;adjustable_step;circle: Parameter nach Mittelpunkt/Diagonale angepasst
AC0820_S_element_validation.log;validation;circle;width_bracketing;fixed_rule;circle: Breiten-Bracketing übersprungen (stroke_circle: current=1.000, Range=1.000..1.000)
AC0820_S_element_validation.log;validation;circle;radius_bracketing;success;"circle: Radius-Bracketing r 5.900->6.500 (best_err=5233.000); Kandidaten=5.500->9557.000, 6.000->8030.000, 6.500->5233.000, 7.000->5385.000"
AC0820_S_element_validation.log;validation;circle;joint_multistart;failed;circle: Joint-Multistart keine relevante Änderung (cx=7.500, cy=7.500, r=6.500, best_err=5302.000)
AC0820_S_element_validation.log;validation;text;center_diagonal_update;adjustable_step;text: Parameter nach Mittelpunkt/Diagonale angepasst
AC0820_S_element_validation.log;validation;text;width_bracketing;failed;"text: Breiten-Bracketing keine relevante Änderung (co2_font_scale: 0.970); Kandidaten=0.873->134.529, 0.919->133.741, 0.965->121.059, 0.970->121.059, 1.026->121.059, 1.088->121.059, 1.115->121.059, 1.134->121.059, 1.180->121.059"
AC0820_S_element_validation.log;validation;circle;center_diagonal_update;adjustable_step;circle: Parameter nach Mittelpunkt/Diagonale angepasst
AC0820_S_element_validation.log;validation;circle;width_bracketing;fixed_rule;circle: Breiten-Bracketing übersprungen (stroke_circle: current=1.000, Range=1.000..1.000)
AC0820_S_element_validation.log;validation;circle;radius_bracketing;success;"circle: Radius-Bracketing r 6.741->6.500 (best_err=5302.000); Kandidaten=6.000->8160.000, 6.500->5302.000, 7.000->5385.000"
AC0820_S_element_validation.log;validation;circle;joint_multistart;failed;circle: Joint-Multistart keine relevante Änderung (cx=7.500, cy=7.500, r=6.500, best_err=5302.000)
AC0820_S_element_validation.log;validation;text;center_diagonal_update;adjustable_step;text: Parameter nach Mittelpunkt/Diagonale angepasst
AC0820_S_element_validation.log;validation;text;width_bracketing;failed;"text: Breiten-Bracketing keine relevante Änderung (co2_font_scale: 0.970); Kandidaten=0.873->122.420, 0.919->121.564, 0.965->118.141, 0.970->118.141, 1.026->118.141, 1.088->118.141, 1.115->118.141, 1.134->118.141, 1.180->118.141"
AC0820_S_element_validation.log;validation;circle;center_diagonal_update;adjustable_step;circle: Parameter nach Mittelpunkt/Diagonale angepasst
AC0820_S_element_validation.log;validation;circle;width_bracketing;fixed_rule;circle: Breiten-Bracketing übersprungen (stroke_circle: current=1.000, Range=1.000..1.000)
AC0820_S_element_validation.log;validation;circle;radius_bracketing;success;"circle: Radius-Bracketing r 6.741->6.500 (best_err=5302.000); Kandidaten=6.000->8160.000, 6.500->5302.000, 7.000->5385.000"
AC0820_S_element_validation.log;validation;circle;joint_multistart;failed;circle: Joint-Multistart keine relevante Änderung (cx=7.500, cy=7.500, r=6.500, best_err=5302.000)
AC0820_S_element_validation.log;validation;text;center_diagonal_update;failed;"text: Mittelpunkt/Diagonale-Update verworfen (Fehler 118.141->117.608; Box-Check verworfen (w_ratio=0.833, h_ratio=0.500, area_ratio=0.417))"
AC0820_S_element_validation.log;validation;text;width_bracketing;failed;"text: Breiten-Bracketing keine relevante Änderung (co2_font_scale: 0.970); Kandidaten=0.873->122.420, 0.919->121.564, 0.965->118.141, 0.970->118.141, 1.026->118.141, 1.088->118.141, 1.115->118.141, 1.134->118.141, 1.180->118.141"
AC0820_S_element_validation.log;validation;circle;center_diagonal_update;adjustable_step;circle: Parameter nach Mittelpunkt/Diagonale angepasst
AC0820_S_element_validation.log;validation;circle;width_bracketing;fixed_rule;circle: Breiten-Bracketing übersprungen (stroke_circle: current=1.000, Range=1.000..1.000)
AC0820_S_element_validation.log;validation;circle;radius_bracketing;success;"circle: Radius-Bracketing r 6.741->6.500 (best_err=5302.000); Kandidaten=6.000->8160.000, 6.500->5302.000, 7.000->5385.000"
AC0820_S_element_validation.log;validation;circle;joint_multistart;failed;circle: Joint-Multistart keine relevante Änderung (cx=7.500, cy=7.500, r=6.500, best_err=5302.000)
AC0820_S_element_validation.log;validation;text;center_diagonal_update;failed;"text: Mittelpunkt/Diagonale-Update verworfen (Fehler 118.141->117.608; Box-Check verworfen (w_ratio=0.833, h_ratio=0.500, area_ratio=0.417))"
AC0820_S_element_validation.log;validation;text;width_bracketing;failed;"text: Breiten-Bracketing keine relevante Änderung (co2_font_scale: 0.970); Kandidaten=0.873->122.420, 0.919->121.564, 0.965->118.141, 0.970->118.141, 1.026->118.141, 1.088->118.141, 1.115->118.141, 1.134->118.141, 1.180->118.141"
AC0820_S_element_validation.log;validation;circle;center_diagonal_update;adjustable_step;circle: Parameter nach Mittelpunkt/Diagonale angepasst
AC0820_S_element_validation.log;validation;circle;width_bracketing;fixed_rule;circle: Breiten-Bracketing übersprungen (stroke_circle: current=1.000, Range=1.000..1.000)
AC0820_S_element_validation.log;validation;circle;radius_bracketing;success;"circle: Radius-Bracketing r 6.741->6.500 (best_err=5302.000); Kandidaten=6.000->8160.000, 6.500->5302.000, 7.000->5385.000"
AC0820_S_element_validation.log;validation;circle;joint_multistart;failed;circle: Joint-Multistart keine relevante Änderung (cx=7.500, cy=7.500, r=6.500, best_err=5302.000)
AC0820_S_element_validation.log;validation;text;center_diagonal_update;failed;"text: Mittelpunkt/Diagonale-Update verworfen (Fehler 118.141->117.608; Box-Check verworfen (w_ratio=0.833, h_ratio=0.500, area_ratio=0.417))"
AC0820_S_element_validation.log;validation;text;width_bracketing;failed;"text: Breiten-Bracketing keine relevante Änderung (co2_font_scale: 0.970); Kandidaten=0.873->122.420, 0.919->121.564, 0.965->118.141, 0.970->118.141, 1.026->118.141, 1.088->118.141, 1.115->118.141, 1.134->118.141, 1.180->118.141"
AC0820_S_element_validation.log;validation;circle;center_diagonal_update;adjustable_step;circle: Parameter nach Mittelpunkt/Diagonale angepasst
AC0820_S_element_validation.log;validation;circle;width_bracketing;fixed_rule;circle: Breiten-Bracketing übersprungen (stroke_circle: current=1.000, Range=1.000..1.000)
AC0820_S_element_validation.log;validation;circle;radius_bracketing;success;"circle: Radius-Bracketing r 6.741->6.500 (best_err=5302.000); Kandidaten=6.000->8160.000, 6.500->5302.000, 7.000->5385.000"
AC0820_S_element_validation.log;validation;circle;joint_multistart;failed;circle: Joint-Multistart keine relevante Änderung (cx=7.500, cy=7.500, r=6.500, best_err=5302.000)
AC0820_S_element_validation.log;validation;text;center_diagonal_update;failed;"text: Mittelpunkt/Diagonale-Update verworfen (Fehler 118.141->117.608; Box-Check verworfen (w_ratio=0.833, h_ratio=0.500, area_ratio=0.417))"
AC0820_S_element_validation.log;validation;text;width_bracketing;failed;"text: Breiten-Bracketing keine relevante Änderung (co2_font_scale: 0.970); Kandidaten=0.873->122.420, 0.919->121.564, 0.965->118.141, 0.970->118.141, 1.026->118.141, 1.088->118.141, 1.115->118.141, 1.134->118.141, 1.180->118.141"
AC0820_S_element_validation.log;validation;circle;center_diagonal_update;adjustable_step;circle: Parameter nach Mittelpunkt/Diagonale angepasst
AC0820_S_element_validation.log;validation;circle;width_bracketing;fixed_rule;circle: Breiten-Bracketing übersprungen (stroke_circle: current=1.000, Range=1.000..1.000)
AC0820_S_element_validation.log;validation;circle;radius_bracketing;success;"circle: Radius-Bracketing r 6.741->6.500 (best_err=5302.000); Kandidaten=6.000->8160.000, 6.500->5302.000, 7.000->5385.000"
AC0820_S_element_validation.log;validation;circle;joint_multistart;failed;circle: Joint-Multistart keine relevante Änderung (cx=7.500, cy=7.500, r=6.500, best_err=5302.000)
AC0820_S_element_validation.log;validation;text;center_diagonal_update;failed;"text: Mittelpunkt/Diagonale-Update verworfen (Fehler 118.141->117.608; Box-Check verworfen (w_ratio=0.833, h_ratio=0.500, area_ratio=0.417))"
AC0820_S_element_validation.log;validation;text;width_bracketing;failed;"text: Breiten-Bracketing keine relevante Änderung (co2_font_scale: 0.970); Kandidaten=0.873->122.420, 0.919->121.564, 0.965->118.141, 0.970->118.141, 1.026->118.141, 1.088->118.141, 1.115->118.141, 1.134->118.141, 1.180->118.141"
AC0820_S_element_validation.log;validation;circle;center_diagonal_update;adjustable_step;circle: Parameter nach Mittelpunkt/Diagonale angepasst
AC0820_S_element_validation.log;validation;circle;width_bracketing;fixed_rule;circle: Breiten-Bracketing übersprungen (stroke_circle: current=1.000, Range=1.000..1.000)
AC0820_S_element_validation.log;validation;circle;radius_bracketing;success;"circle: Radius-Bracketing r 6.741->6.500 (best_err=5302.000); Kandidaten=6.000->8160.000, 6.500->5302.000, 7.000->5385.000"
AC0820_S_element_validation.log;validation;circle;joint_multistart;failed;circle: Joint-Multistart keine relevante Änderung (cx=7.500, cy=7.500, r=6.500, best_err=5302.000)
AC0820_S_element_validation.log;validation;text;center_diagonal_update;failed;"text: Mittelpunkt/Diagonale-Update verworfen (Fehler 118.141->117.608; Box-Check verworfen (w_ratio=0.833, h_ratio=0.500, area_ratio=0.417))"
AC0820_S_element_validation.log;validation;text;width_bracketing;failed;"text: Breiten-Bracketing keine relevante Änderung (co2_font_scale: 0.970); Kandidaten=0.873->122.420, 0.919->121.564, 0.965->118.141, 0.970->118.141, 1.026->118.141, 1.088->118.141, 1.115->118.141, 1.134->118.141, 1.180->118.141"
AC0820_S_element_validation.log;validation;circle;center_diagonal_update;adjustable_step;circle: Parameter nach Mittelpunkt/Diagonale angepasst
AC0820_S_element_validation.log;validation;circle;width_bracketing;fixed_rule;circle: Breiten-Bracketing übersprungen (stroke_circle: current=1.000, Range=1.000..1.000)
AC0820_S_element_validation.log;validation;circle;radius_bracketing;success;"circle: Radius-Bracketing r 6.741->6.500 (best_err=5302.000); Kandidaten=6.000->8160.000, 6.500->5302.000, 7.000->5385.000"
AC0820_S_element_validation.log;validation;circle;joint_multistart;failed;circle: Joint-Multistart keine relevante Änderung (cx=7.500, cy=7.500, r=6.500, best_err=5302.000)
AC0820_S_element_validation.log;validation;text;center_diagonal_update;failed;"text: Mittelpunkt/Diagonale-Update verworfen (Fehler 118.141->117.608; Box-Check verworfen (w_ratio=0.833, h_ratio=0.500, area_ratio=0.417))"
AC0820_S_element_validation.log;validation;text;width_bracketing;failed;"text: Breiten-Bracketing keine relevante Änderung (co2_font_scale: 0.970); Kandidaten=0.873->122.420, 0.919->121.564, 0.965->118.141, 0.970->118.141, 1.026->118.141, 1.088->118.141, 1.115->118.141, 1.134->118.141, 1.180->118.141"
AC0820_S_element_validation.log;validation;circle;center_diagonal_update;adjustable_step;circle: Parameter nach Mittelpunkt/Diagonale angepasst
AC0820_S_element_validation.log;validation;circle;width_bracketing;fixed_rule;circle: Breiten-Bracketing übersprungen (stroke_circle: current=1.000, Range=1.000..1.000)
AC0820_S_element_validation.log;validation;circle;radius_bracketing;success;"circle: Radius-Bracketing r 6.741->6.500 (best_err=5302.000); Kandidaten=6.000->8160.000, 6.500->5302.000, 7.000->5385.000"
AC0820_S_element_validation.log;validation;circle;joint_multistart;failed;circle: Joint-Multistart keine relevante Änderung (cx=7.500, cy=7.500, r=6.500, best_err=5302.000)
AC0820_S_element_validation.log;validation;text;center_diagonal_update;failed;"text: Mittelpunkt/Diagonale-Update verworfen (Fehler 118.141->117.608; Box-Check verworfen (w_ratio=0.833, h_ratio=0.500, area_ratio=0.417))"
AC0820_S_element_validation.log;validation;text;width_bracketing;failed;"text: Breiten-Bracketing keine relevante Änderung (co2_font_scale: 0.970); Kandidaten=0.873->122.420, 0.919->121.564, 0.965->118.141, 0.970->118.141, 1.026->118.141, 1.088->118.141, 1.115->118.141, 1.134->118.141, 1.180->118.141"
AC0820_S_element_validation.log;validation;circle;color_bracketing;fixed_rule;circle: Farb-Bracketing übersprungen (Farben gesperrt)
AC0820_S_element_validation.log;validation;text;color_bracketing;fixed_rule;text: Farb-Bracketing übersprungen (Farben gesperrt)
AC0831_L_element_validation.log;validation;circle;center_diagonal_update;adjustable_step;circle: Parameter nach Mittelpunkt/Diagonale angepasst
AC0831_L_element_validation.log;validation;circle;width_bracketing;fixed_rule;circle: Breiten-Bracketing übersprungen (stroke_circle: current=1.000, Range=1.000..1.000)
AC0831_L_element_validation.log;validation;circle;radius_bracketing;success;"circle: Radius-Bracketing r 9.600->9.500 (best_err=17110.000); Kandidaten=9.500->17110.000, 12.000->20428.000"
AC0831_L_element_validation.log;validation;circle;joint_multistart;failed;circle: Joint-Multistart keine relevante Änderung (cx=12.500, cy=12.500, r=9.500, best_err=17110.000)
AC0831_L_element_validation.log;validation;stem;geometry_sync;adjustable_step;stem: Geometrie nach Elementabgleich aktualisiert
AC0831_L_element_validation.log;validation;stem;width_bracketing;fixed_rule;stem: Breiten-Bracketing übersprungen (stem_width: current=2.000, Range=1.000..1.000)
AC0831_L_element_validation.log;validation;stem;length_bracketing;success;"stem: Längen-Bracketing stem_len 23.000->22.500; Kandidaten=15.000->55.483, 22.500->52.377, 23.000->65.313, 30.000->82.207, 37.500->95.572, 45.000->95.538"
AC0831_L_element_validation.log;validation;text;center_diagonal_update;failed;"text: Mittelpunkt/Diagonale-Update verworfen (Fehler 213.782->165.211; Box-Check verworfen (w_ratio=0.706, h_ratio=0.538, area_ratio=0.380))"
AC0831_L_element_validation.log;validation;text;width_bracketing;fixed_rule;text: Breiten-Bracketing übersprungen (co2_font_scale: current=0.820, Range=0.820..0.820)
AC0831_L_element_validation.log;validation;circle;center_diagonal_update;adjustable_step;circle: Parameter nach Mittelpunkt/Diagonale angepasst
AC0831_L_element_validation.log;validation;circle;width_bracketing;fixed_rule;circle: Breiten-Bracketing übersprungen (stroke_circle: current=1.000, Range=1.000..1.000)
AC0831_L_element_validation.log;validation;circle;radius_bracketing;success;"circle: Radius-Bracketing r 9.600->9.500 (best_err=17110.000); Kandidaten=9.500->17110.000, 12.000->20428.000"
AC0831_L_element_validation.log;validation;circle;joint_multistart;failed;circle: Joint-Multistart keine relevante Änderung (cx=12.500, cy=12.500, r=9.500, best_err=17110.000)
AC0831_L_element_validation.log;validation;stem;center_diagonal_update;failed;"stem: Mittelpunkt/Diagonale-Update verworfen (Fehler 68.611->66.551; Box-Check verworfen (w_ratio=0.375, h_ratio=0.808, area_ratio=0.303))"
AC0831_L_element_validation.log;validation;stem;geometry_sync;adjustable_step;stem: Geometrie nach Elementabgleich aktualisiert
AC0831_L_element_validation.log;validation;stem;width_bracketing;fixed_rule;stem: Breiten-Bracketing übersprungen (stem_width: current=2.000, Range=1.000..1.000)
AC0831_L_element_validation.log;validation;stem;length_bracketing;success;"stem: Längen-Bracketing stem_len 22.500->14.500; Kandidaten=14.500->55.123, 22.000->58.820, 22.500->68.611, 30.000->81.001, 37.500->93.714, 45.000->95.538"
AC0831_L_element_validation.log;validation;text;center_diagonal_update;failed;"text: Mittelpunkt/Diagonale-Update verworfen (Fehler 213.782->165.211; Box-Check verworfen (w_ratio=0.706, h_ratio=0.538, area_ratio=0.380))"
AC0831_L_element_validation.log;validation;text;width_bracketing;fixed_rule;text: Breiten-Bracketing übersprungen (co2_font_scale: current=0.820, Range=0.820..0.820)
AC0831_L_element_validation.log;validation;circle;center_diagonal_update;adjustable_step;circle: Parameter nach Mittelpunkt/Diagonale angepasst
AC0831_L_element_validation.log;validation;circle;width_bracketing;fixed_rule;circle: Breiten-Bracketing übersprungen (stroke_circle: current=1.000, Range=1.000..1.000)
AC0831_L_element_validation.log;validation;circle;radius_bracketing;success;"circle: Radius-Bracketing r 9.600->9.500 (best_err=17110.000); Kandidaten=9.500->17110.000, 12.000->20428.000"
AC0831_L_element_validation.log;validation;circle;joint_multistart;failed;circle: Joint-Multistart keine relevante Änderung (cx=12.500, cy=12.500, r=9.500, best_err=17110.000)
AC0831_L_element_validation.log;validation;stem;center_diagonal_update;failed;"stem: Mittelpunkt/Diagonale-Update verworfen (Fehler 108.362->91.115; Box-Check verworfen (w_ratio=0.375, h_ratio=0.714, area_ratio=0.268))"
AC0831_L_element_validation.log;validation;stem;geometry_sync;adjustable_step;stem: Geometrie nach Elementabgleich aktualisiert
AC0831_L_element_validation.log;validation;stem;width_bracketing;fixed_rule;stem: Breiten-Bracketing übersprungen (stem_width: current=2.000, Range=1.000..1.000)
AC0831_L_element_validation.log;validation;stem;length_bracketing;success;"stem: Längen-Bracketing stem_len 14.500->11.500; Kandidaten=11.500->94.407, 14.500->108.362, 20.000->108.003, 28.500->101.712, 36.500->95.538, 45.000->112.939"
AC0831_L_element_validation.log;validation;text;center_diagonal_update;failed;"text: Mittelpunkt/Diagonale-Update verworfen (Fehler 213.782->165.211; Box-Check verworfen (w_ratio=0.706, h_ratio=0.538, area_ratio=0.380))"
AC0831_L_element_validation.log;validation;text;width_bracketing;fixed_rule;text: Breiten-Bracketing übersprungen (co2_font_scale: current=0.820, Range=0.820..0.820)
AC0831_L_element_validation.log;validation;circle;center_diagonal_update;adjustable_step;circle: Parameter nach Mittelpunkt/Diagonale angepasst
AC0831_L_element_validation.log;validation;circle;width_bracketing;fixed_rule;circle: Breiten-Bracketing übersprungen (stroke_circle: current=1.000, Range=1.000..1.000)
AC0831_L_element_validation.log;validation;circle;radius_bracketing;success;"circle: Radius-Bracketing r 9.600->9.500 (best_err=17110.000); Kandidaten=9.500->17110.000, 12.000->20428.000"
AC0831_L_element_validation.log;validation;circle;joint_multistart;failed;circle: Joint-Multistart keine relevante Änderung (cx=12.500, cy=12.500, r=9.500, best_err=17110.000)
AC0831_L_element_validation.log;validation;stem;center_diagonal_update;failed;"stem: Mittelpunkt/Diagonale-Update verworfen (Fehler 128.767->108.267; Box-Check verworfen (w_ratio=0.375, h_ratio=0.667, area_ratio=0.250))"
AC0831_L_element_validation.log;validation;stem;geometry_sync;adjustable_step;stem: Geometrie nach Elementabgleich aktualisiert
AC0831_L_element_validation.log;validation;stem;width_bracketing;fixed_rule;stem: Breiten-Bracketing übersprungen (stem_width: current=2.000, Range=1.000..1.000)
AC0831_L_element_validation.log;validation;stem;length_bracketing;success;"stem: Längen-Bracketing stem_len 11.500->36.500; Kandidaten=11.500->128.767, 20.000->113.967, 28.500->101.761, 36.500->99.419, 45.000->112.035"
AC0831_L_element_validation.log;validation;text;center_diagonal_update;failed;"text: Mittelpunkt/Diagonale-Update verworfen (Fehler 213.782->165.211; Box-Check verworfen (w_ratio=0.706, h_ratio=0.538, area_ratio=0.380))"
AC0831_L_element_validation.log;validation;text;width_bracketing;fixed_rule;text: Breiten-Bracketing übersprungen (co2_font_scale: current=0.820, Range=0.820..0.820)
AC0831_L_element_validation.log;validation;circle;center_diagonal_update;adjustable_step;circle: Parameter nach Mittelpunkt/Diagonale angepasst
AC0831_L_element_validation.log;validation;circle;width_bracketing;fixed_rule;circle: Breiten-Bracketing übersprungen (stroke_circle: current=1.000, Range=1.000..1.000)
AC0831_L_element_validation.log;validation;circle;radius_bracketing;success;"circle: Radius-Bracketing r 9.600->9.500 (best_err=17110.000); Kandidaten=9.500->17110.000, 12.000->20428.000"
AC0831_L_element_validation.log;validation;circle;joint_multistart;failed;circle: Joint-Multistart keine relevante Änderung (cx=12.500, cy=12.500, r=9.500, best_err=17110.000)
AC0831_L_element_validation.log;validation;stem;center_diagonal_update;failed;"stem: Mittelpunkt/Diagonale-Update verworfen (Fehler 65.313->66.551; Box-Check verworfen (w_ratio=0.375, h_ratio=0.808, area_ratio=0.303))"
AC0831_L_element_validation.log;validation;stem;geometry_sync;adjustable_step;stem: Geometrie nach Elementabgleich aktualisiert
AC0831_L_element_validation.log;validation;stem;width_bracketing;fixed_rule;stem: Breiten-Bracketing übersprungen (stem_width: current=2.000, Range=1.000..1.000)
AC0831_L_element_validation.log;validation;stem;length_bracketing;success;"stem: Längen-Bracketing stem_len 23.000->22.500; Kandidaten=15.000->55.483, 22.500->52.377, 23.000->65.313, 30.000->82.207, 37.500->95.572, 45.000->95.538"
AC0831_L_element_validation.log;validation;text;center_diagonal_update;failed;"text: Mittelpunkt/Diagonale-Update verworfen (Fehler 213.782->165.211; Box-Check verworfen (w_ratio=0.706, h_ratio=0.538, area_ratio=0.380))"
AC0831_L_element_validation.log;validation;text;width_bracketing;fixed_rule;text: Breiten-Bracketing übersprungen (co2_font_scale: current=0.820, Range=0.820..0.820)
AC0831_L_element_validation.log;validation;circle;center_diagonal_update;adjustable_step;circle: Parameter nach Mittelpunkt/Diagonale angepasst
AC0831_L_element_validation.log;validation;circle;width_bracketing;fixed_rule;circle: Breiten-Bracketing übersprungen (stroke_circle: current=1.000, Range=1.000..1.000)
AC0831_L_element_validation.log;validation;circle;radius_bracketing;success;"circle: Radius-Bracketing r 9.600->9.500 (best_err=17110.000); Kandidaten=9.500->17110.000, 12.000->20428.000"
AC0831_L_element_validation.log;validation;circle;joint_multistart;failed;circle: Joint-Multistart keine relevante Änderung (cx=12.500, cy=12.500, r=9.500, best_err=17110.000)
AC0831_L_element_validation.log;validation;stem;center_diagonal_update;failed;"stem: Mittelpunkt/Diagonale-Update verworfen (Fehler 68.611->66.551; Box-Check verworfen (w_ratio=0.375, h_ratio=0.808, area_ratio=0.303))"
AC0831_L_element_validation.log;validation;stem;geometry_sync;adjustable_step;stem: Geometrie nach Elementabgleich aktualisiert
AC0831_L_element_validation.log;validation;stem;width_bracketing;fixed_rule;stem: Breiten-Bracketing übersprungen (stem_width: current=2.000, Range=1.000..1.000)
AC0831_L_element_validation.log;validation;stem;length_bracketing;success;"stem: Längen-Bracketing stem_len 22.500->14.500; Kandidaten=14.500->55.123, 22.000->58.820, 22.500->68.611, 30.000->81.001, 37.500->93.714, 45.000->95.538"
AC0831_L_element_validation.log;validation;text;center_diagonal_update;failed;"text: Mittelpunkt/Diagonale-Update verworfen (Fehler 213.782->165.211; Box-Check verworfen (w_ratio=0.706, h_ratio=0.538, area_ratio=0.380))"
AC0831_L_element_validation.log;validation;text;width_bracketing;fixed_rule;text: Breiten-Bracketing übersprungen (co2_font_scale: current=0.820, Range=0.820..0.820)
AC0831_L_element_validation.log;validation;circle;color_bracketing;fixed_rule;circle: Farb-Bracketing übersprungen (Farben gesperrt)
AC0831_L_element_validation.log;validation;stem;color_bracketing;fixed_rule;stem: Farb-Bracketing übersprungen (Farben gesperrt)
AC0831_L_element_validation.log;validation;text;color_bracketing;fixed_rule;text: Farb-Bracketing übersprungen (Farben gesperrt)
AC0831_M_element_validation.log;validation;circle;center_diagonal_update;adjustable_step;circle: Parameter nach Mittelpunkt/Diagonale angepasst
AC0831_M_element_validation.log;validation;circle;width_bracketing;fixed_rule;circle: Breiten-Bracketing übersprungen (stroke_circle: current=1.000, Range=1.000..1.000)
AC0831_M_element_validation.log;validation;circle;radius_bracketing;success;"circle: Radius-Bracketing r 7.200->7.000 (best_err=9849.000); Kandidaten=7.000->9849.000, 9.500->13549.000"
AC0831_M_element_validation.log;validation;circle;joint_multistart;failed;circle: Joint-Multistart keine relevante Änderung (cx=10.000, cy=10.000, r=7.000, best_err=9581.000)
AC0831_M_element_validation.log;validation;stem;center_diagonal_update;failed;"stem: Mittelpunkt/Diagonale-Update verworfen (Fehler 96.235->103.092; Box-Check verworfen (w_ratio=0.333, h_ratio=1.062, area_ratio=0.354))"
AC0831_M_element_validation.log;validation;stem;geometry_sync;adjustable_step;stem: Geometrie nach Elementabgleich aktualisiert
AC0831_M_element_validation.log;validation;stem;width_bracketing;fixed_rule;stem: Breiten-Bracketing übersprungen (stem_width: current=2.000, Range=1.000..1.000)
AC0831_M_element_validation.log;validation;stem;length_bracketing;success;"stem: Längen-Bracketing stem_len 18.000->17.500; Kandidaten=11.500->67.783, 17.500->62.365, 18.000->62.365, 23.500->101.066, 29.000->112.580, 35.000->111.302"
AC0831_M_element_validation.log;validation;text;center_diagonal_update;failed;"text: Mittelpunkt/Diagonale-Update verworfen (Fehler 172.577->154.289; Box-Check verworfen (w_ratio=0.643, h_ratio=0.500, area_ratio=0.321))"
AC0831_M_element_validation.log;validation;text;width_bracketing;success;"text: Breiten-Bracketing co2_font_scale 0.820->0.899; Kandidaten=0.740->172.382, 0.783->176.292, 0.820->172.577, 0.826->174.057, 0.882->176.576, 0.939->173.846, 0.943->173.846, 0.982->173.846, 1.025->173.846"
AC0831_M_element_validation.log;validation;circle;center_diagonal_update;adjustable_step;circle: Parameter nach Mittelpunkt/Diagonale angepasst
AC0831_M_element_validation.log;validation;circle;width_bracketing;fixed_rule;circle: Breiten-Bracketing übersprungen (stroke_circle: current=1.000, Range=1.000..1.000)
AC0831_M_element_validation.log;validation;circle;radius_bracketing;success;"circle: Radius-Bracketing r 7.200->7.000 (best_err=9849.000); Kandidaten=7.000->9849.000, 9.500->13549.000"
AC0831_M_element_validation.log;validation;circle;joint_multistart;failed;circle: Joint-Multistart keine relevante Änderung (cx=10.000, cy=10.000, r=7.000, best_err=9581.000)
AC0831_M_element_validation.log;validation;stem;center_diagonal_update;failed;"stem: Mittelpunkt/Diagonale-Update verworfen (Fehler 69.145->64.300; Box-Check verworfen (w_ratio=0.286, h_ratio=1.067, area_ratio=0.305))"
AC0831_M_element_validation.log;validation;stem;geometry_sync;adjustable_step;stem: Geometrie nach Elementabgleich aktualisiert
AC0831_M_element_validation.log;validation;stem;width_bracketing;fixed_rule;stem: Breiten-Bracketing übersprungen (stem_width: current=2.000, Range=1.000..1.000)
AC0831_M_element_validation.log;validation;stem;length_bracketing;success;"stem: Längen-Bracketing stem_len 17.500->11.500; Kandidaten=11.500->68.169, 17.500->69.145, 23.000->101.066, 29.000->114.464, 35.000->113.175"
AC0831_M_element_validation.log;validation;text;center_diagonal_update;failed;"text: Mittelpunkt/Diagonale-Update verworfen (Fehler 171.862->158.339; Box-Check verworfen (w_ratio=0.786, h_ratio=0.545, area_ratio=0.429))"
AC0831_M_element_validation.log;validation;text;width_bracketing;failed;"text: Breiten-Bracketing keine relevante Änderung (co2_font_scale: 0.899); Kandidaten=0.740->172.382, 0.764->175.630, 0.783->176.292, 0.826->174.057, 0.882->176.576, 0.899->171.862, 0.939->173.846, 0.982->173.846, 1.025->173.846"
AC0831_M_element_validation.log;validation;circle;center_diagonal_update;adjustable_step;circle: Parameter nach Mittelpunkt/Diagonale angepasst
AC0831_M_element_validation.log;validation;circle;width_bracketing;fixed_rule;circle: Breiten-Bracketing übersprungen (stroke_circle: current=1.000, Range=1.000..1.000)
AC0831_M_element_validation.log;validation;circle;radius_bracketing;success;"circle: Radius-Bracketing r 7.200->7.000 (best_err=9849.000); Kandidaten=7.000->9849.000, 9.500->13549.000"
AC0831_M_element_validation.log;validation;circle;joint_multistart;failed;circle: Joint-Multistart keine relevante Änderung (cx=10.000, cy=10.000, r=7.000, best_err=9581.000)
AC0831_M_element_validation.log;validation;stem;center_diagonal_update;failed;"stem: Mittelpunkt/Diagonale-Update verworfen (Fehler 115.207->91.569; Box-Check verworfen (w_ratio=0.286, h_ratio=1.000, area_ratio=0.286))"
AC0831_M_element_validation.log;validation;stem;geometry_sync;adjustable_step;stem: Geometrie nach Elementabgleich aktualisiert
AC0831_M_element_validation.log;validation;stem;width_bracketing;fixed_rule;stem: Breiten-Bracketing übersprungen (stem_width: current=2.000, Range=1.000..1.000)
AC0831_M_element_validation.log;validation;stem;length_bracketing;success;"stem: Längen-Bracketing stem_len 11.500->28.500; Kandidaten=9.000->117.672, 11.500->115.207, 15.500->135.619, 22.000->119.236, 28.500->111.302, 35.000->130.616"
AC0831_M_element_validation.log;validation;text;center_diagonal_update;failed;"text: Mittelpunkt/Diagonale-Update verworfen (Fehler 171.862->158.339; Box-Check verworfen (w_ratio=0.786, h_ratio=0.545, area_ratio=0.429))"
AC0831_M_element_validation.log;validation;text;width_bracketing;failed;"text: Breiten-Bracketing keine relevante Änderung (co2_font_scale: 0.899); Kandidaten=0.740->172.382, 0.764->175.630, 0.783->176.292, 0.826->174.057, 0.882->176.576, 0.899->171.862, 0.939->173.846, 0.982->173.846, 1.025->173.846"
AC0831_M_element_validation.log;validation;circle;center_diagonal_update;adjustable_step;circle: Parameter nach Mittelpunkt/Diagonale angepasst
AC0831_M_element_validation.log;validation;circle;width_bracketing;fixed_rule;circle: Breiten-Bracketing übersprungen (stroke_circle: current=1.000, Range=1.000..1.000)
AC0831_M_element_validation.log;validation;circle;radius_bracketing;success;"circle: Radius-Bracketing r 7.200->7.000 (best_err=9849.000); Kandidaten=7.000->9849.000, 9.500->13549.000"
AC0831_M_element_validation.log;validation;circle;joint_multistart;failed;circle: Joint-Multistart keine relevante Änderung (cx=10.000, cy=10.000, r=7.000, best_err=9581.000)
AC0831_M_element_validation.log;validation;stem;center_diagonal_update;failed;"stem: Mittelpunkt/Diagonale-Update verworfen (Fehler 62.365->69.202; Box-Check verworfen (w_ratio=0.286, h_ratio=1.133, area_ratio=0.324))"
AC0831_M_element_validation.log;validation;stem;geometry_sync;adjustable_step;stem: Geometrie nach Elementabgleich aktualisiert
AC0831_M_element_validation.log;validation;stem;width_bracketing;fixed_rule;stem: Breiten-Bracketing übersprungen (stem_width: current=2.000, Range=1.000..1.000)
AC0831_M_element_validation.log;validation;stem;length_bracketing;success;"stem: Längen-Bracketing stem_len 18.000->17.500; Kandidaten=11.500->67.783, 17.500->62.365, 18.000->62.365, 23.500->101.066, 29.000->112.580, 35.000->111.302"
AC0831_M_element_validation.log;validation;text;center_diagonal_update;failed;"text: Mittelpunkt/Diagonale-Update verworfen (Fehler 171.862->158.339; Box-Check verworfen (w_ratio=0.786, h_ratio=0.545, area_ratio=0.429))"
AC0831_M_element_validation.log;validation;text;width_bracketing;failed;"text: Breiten-Bracketing keine relevante Änderung (co2_font_scale: 0.899); Kandidaten=0.740->172.382, 0.764->175.630, 0.783->176.292, 0.826->174.057, 0.882->176.576, 0.899->171.862, 0.939->173.846, 0.982->173.846, 1.025->173.846"
AC0831_M_element_validation.log;validation;circle;center_diagonal_update;adjustable_step;circle: Parameter nach Mittelpunkt/Diagonale angepasst
AC0831_M_element_validation.log;validation;circle;width_bracketing;fixed_rule;circle: Breiten-Bracketing übersprungen (stroke_circle: current=1.000, Range=1.000..1.000)
AC0831_M_element_validation.log;validation;circle;radius_bracketing;success;"circle: Radius-Bracketing r 7.200->7.000 (best_err=9849.000); Kandidaten=7.000->9849.000, 9.500->13549.000"
AC0831_M_element_validation.log;validation;circle;joint_multistart;failed;circle: Joint-Multistart keine relevante Änderung (cx=10.000, cy=10.000, r=7.000, best_err=9581.000)
AC0831_M_element_validation.log;validation;stem;center_diagonal_update;failed;"stem: Mittelpunkt/Diagonale-Update verworfen (Fehler 69.145->64.300; Box-Check verworfen (w_ratio=0.286, h_ratio=1.067, area_ratio=0.305))"
AC0831_M_element_validation.log;validation;stem;geometry_sync;adjustable_step;stem: Geometrie nach Elementabgleich aktualisiert
AC0831_M_element_validation.log;validation;stem;width_bracketing;fixed_rule;stem: Breiten-Bracketing übersprungen (stem_width: current=2.000, Range=1.000..1.000)
AC0831_M_element_validation.log;validation;stem;length_bracketing;success;"stem: Längen-Bracketing stem_len 17.500->11.500; Kandidaten=11.500->68.169, 17.500->69.145, 23.000->101.066, 29.000->114.464, 35.000->113.175"
AC0831_M_element_validation.log;validation;text;center_diagonal_update;failed;"text: Mittelpunkt/Diagonale-Update verworfen (Fehler 171.862->158.339; Box-Check verworfen (w_ratio=0.786, h_ratio=0.545, area_ratio=0.429))"
AC0831_M_element_validation.log;validation;text;width_bracketing;failed;"text: Breiten-Bracketing keine relevante Änderung (co2_font_scale: 0.899); Kandidaten=0.740->172.382, 0.764->175.630, 0.783->176.292, 0.826->174.057, 0.882->176.576, 0.899->171.862, 0.939->173.846, 0.982->173.846, 1.025->173.846"
AC0831_M_element_validation.log;validation;circle;center_diagonal_update;adjustable_step;circle: Parameter nach Mittelpunkt/Diagonale angepasst
AC0831_M_element_validation.log;validation;circle;width_bracketing;fixed_rule;circle: Breiten-Bracketing übersprungen (stroke_circle: current=1.000, Range=1.000..1.000)
AC0831_M_element_validation.log;validation;circle;radius_bracketing;success;"circle: Radius-Bracketing r 7.200->7.000 (best_err=9849.000); Kandidaten=7.000->9849.000, 9.500->13549.000"
AC0831_M_element_validation.log;validation;circle;joint_multistart;failed;circle: Joint-Multistart keine relevante Änderung (cx=10.000, cy=10.000, r=7.000, best_err=9581.000)
AC0831_M_element_validation.log;validation;stem;center_diagonal_update;failed;"stem: Mittelpunkt/Diagonale-Update verworfen (Fehler 115.207->91.569; Box-Check verworfen (w_ratio=0.286, h_ratio=1.000, area_ratio=0.286))"
AC0831_M_element_validation.log;validation;stem;geometry_sync;adjustable_step;stem: Geometrie nach Elementabgleich aktualisiert
AC0831_M_element_validation.log;validation;stem;width_bracketing;fixed_rule;stem: Breiten-Bracketing übersprungen (stem_width: current=2.000, Range=1.000..1.000)
AC0831_M_element_validation.log;validation;stem;length_bracketing;success;"stem: Längen-Bracketing stem_len 11.500->28.500; Kandidaten=9.000->117.672, 11.500->115.207, 15.500->135.619, 22.000->119.236, 28.500->111.302, 35.000->130.616"
AC0831_M_element_validation.log;validation;text;center_diagonal_update;failed;"text: Mittelpunkt/Diagonale-Update verworfen (Fehler 171.862->158.339; Box-Check verworfen (w_ratio=0.786, h_ratio=0.545, area_ratio=0.429))"
AC0831_M_element_validation.log;validation;text;width_bracketing;failed;"text: Breiten-Bracketing keine relevante Änderung (co2_font_scale: 0.899); Kandidaten=0.740->172.382, 0.764->175.630, 0.783->176.292, 0.826->174.057, 0.882->176.576, 0.899->171.862, 0.939->173.846, 0.982->173.846, 1.025->173.846"
AC0831_M_element_validation.log;validation;circle;center_diagonal_update;adjustable_step;circle: Parameter nach Mittelpunkt/Diagonale angepasst
AC0831_M_element_validation.log;validation;circle;width_bracketing;fixed_rule;circle: Breiten-Bracketing übersprungen (stroke_circle: current=1.000, Range=1.000..1.000)
AC0831_M_element_validation.log;validation;circle;radius_bracketing;success;"circle: Radius-Bracketing r 7.200->7.000 (best_err=9849.000); Kandidaten=7.000->9849.000, 9.500->13549.000"
AC0831_M_element_validation.log;validation;circle;joint_multistart;failed;circle: Joint-Multistart keine relevante Änderung (cx=10.000, cy=10.000, r=7.000, best_err=9581.000)
AC0831_M_element_validation.log;validation;stem;center_diagonal_update;failed;"stem: Mittelpunkt/Diagonale-Update verworfen (Fehler 62.365->69.202; Box-Check verworfen (w_ratio=0.286, h_ratio=1.133, area_ratio=0.324))"
AC0831_M_element_validation.log;validation;stem;geometry_sync;adjustable_step;stem: Geometrie nach Elementabgleich aktualisiert
AC0831_M_element_validation.log;validation;stem;width_bracketing;fixed_rule;stem: Breiten-Bracketing übersprungen (stem_width: current=2.000, Range=1.000..1.000)
AC0831_M_element_validation.log;validation;stem;length_bracketing;success;"stem: Längen-Bracketing stem_len 18.000->17.500; Kandidaten=11.500->67.783, 17.500->62.365, 18.000->62.365, 23.500->101.066, 29.000->112.580, 35.000->111.302"
AC0831_M_element_validation.log;validation;text;center_diagonal_update;failed;"text: Mittelpunkt/Diagonale-Update verworfen (Fehler 171.862->158.339; Box-Check verworfen (w_ratio=0.786, h_ratio=0.545, area_ratio=0.429))"
AC0831_M_element_validation.log;validation;text;width_bracketing;failed;"text: Breiten-Bracketing keine relevante Änderung (co2_font_scale: 0.899); Kandidaten=0.740->172.382, 0.764->175.630, 0.783->176.292, 0.826->174.057, 0.882->176.576, 0.899->171.862, 0.939->173.846, 0.982->173.846, 1.025->173.846"
AC0831_M_element_validation.log;validation;circle;center_diagonal_update;adjustable_step;circle: Parameter nach Mittelpunkt/Diagonale angepasst
AC0831_M_element_validation.log;validation;circle;width_bracketing;fixed_rule;circle: Breiten-Bracketing übersprungen (stroke_circle: current=1.000, Range=1.000..1.000)
AC0831_M_element_validation.log;validation;circle;radius_bracketing;success;"circle: Radius-Bracketing r 7.200->7.000 (best_err=9849.000); Kandidaten=7.000->9849.000, 9.500->13549.000"
AC0831_M_element_validation.log;validation;circle;joint_multistart;failed;circle: Joint-Multistart keine relevante Änderung (cx=10.000, cy=10.000, r=7.000, best_err=9581.000)
AC0831_M_element_validation.log;validation;stem;center_diagonal_update;failed;"stem: Mittelpunkt/Diagonale-Update verworfen (Fehler 69.145->64.300; Box-Check verworfen (w_ratio=0.286, h_ratio=1.067, area_ratio=0.305))"
AC0831_M_element_validation.log;validation;stem;geometry_sync;adjustable_step;stem: Geometrie nach Elementabgleich aktualisiert
AC0831_M_element_validation.log;validation;stem;width_bracketing;fixed_rule;stem: Breiten-Bracketing übersprungen (stem_width: current=2.000, Range=1.000..1.000)
AC0831_M_element_validation.log;validation;stem;length_bracketing;success;"stem: Längen-Bracketing stem_len 17.500->11.500; Kandidaten=11.500->68.169, 17.500->69.145, 23.000->101.066, 29.000->114.464, 35.000->113.175"
AC0831_M_element_validation.log;validation;text;center_diagonal_update;failed;"text: Mittelpunkt/Diagonale-Update verworfen (Fehler 171.862->158.339; Box-Check verworfen (w_ratio=0.786, h_ratio=0.545, area_ratio=0.429))"
AC0831_M_element_validation.log;validation;text;width_bracketing;failed;"text: Breiten-Bracketing keine relevante Änderung (co2_font_scale: 0.899); Kandidaten=0.740->172.382, 0.764->175.630, 0.783->176.292, 0.826->174.057, 0.882->176.576, 0.899->171.862, 0.939->173.846, 0.982->173.846, 1.025->173.846"
AC0831_M_element_validation.log;validation;circle;center_diagonal_update;adjustable_step;circle: Parameter nach Mittelpunkt/Diagonale angepasst
AC0831_M_element_validation.log;validation;circle;width_bracketing;fixed_rule;circle: Breiten-Bracketing übersprungen (stroke_circle: current=1.000, Range=1.000..1.000)
AC0831_M_element_validation.log;validation;circle;radius_bracketing;success;"circle: Radius-Bracketing r 7.200->7.000 (best_err=9849.000); Kandidaten=7.000->9849.000, 9.500->13549.000"
AC0831_M_element_validation.log;validation;circle;joint_multistart;failed;circle: Joint-Multistart keine relevante Änderung (cx=10.000, cy=10.000, r=7.000, best_err=9581.000)
AC0831_M_element_validation.log;validation;stem;center_diagonal_update;failed;"stem: Mittelpunkt/Diagonale-Update verworfen (Fehler 115.207->91.569; Box-Check verworfen (w_ratio=0.286, h_ratio=1.000, area_ratio=0.286))"
AC0831_M_element_validation.log;validation;stem;geometry_sync;adjustable_step;stem: Geometrie nach Elementabgleich aktualisiert
AC0831_M_element_validation.log;validation;stem;width_bracketing;fixed_rule;stem: Breiten-Bracketing übersprungen (stem_width: current=2.000, Range=1.000..1.000)
AC0831_M_element_validation.log;validation;stem;length_bracketing;success;"stem: Längen-Bracketing stem_len 11.500->28.500; Kandidaten=9.000->117.672, 11.500->115.207, 15.500->135.619, 22.000->119.236, 28.500->111.302, 35.000->130.616"
AC0831_M_element_validation.log;validation;text;center_diagonal_update;failed;"text: Mittelpunkt/Diagonale-Update verworfen (Fehler 171.862->158.339; Box-Check verworfen (w_ratio=0.786, h_ratio=0.545, area_ratio=0.429))"
AC0831_M_element_validation.log;validation;text;width_bracketing;failed;"text: Breiten-Bracketing keine relevante Änderung (co2_font_scale: 0.899); Kandidaten=0.740->172.382, 0.764->175.630, 0.783->176.292, 0.826->174.057, 0.882->176.576, 0.899->171.862, 0.939->173.846, 0.982->173.846, 1.025->173.846"
AC0831_M_element_validation.log;validation;circle;center_diagonal_update;adjustable_step;circle: Parameter nach Mittelpunkt/Diagonale angepasst
AC0831_M_element_validation.log;validation;circle;width_bracketing;fixed_rule;circle: Breiten-Bracketing übersprungen (stroke_circle: current=1.000, Range=1.000..1.000)
AC0831_M_element_validation.log;validation;circle;radius_bracketing;success;"circle: Radius-Bracketing r 7.200->7.000 (best_err=9849.000); Kandidaten=7.000->9849.000, 9.500->13549.000"
AC0831_M_element_validation.log;validation;circle;joint_multistart;failed;circle: Joint-Multistart keine relevante Änderung (cx=10.000, cy=10.000, r=7.000, best_err=9581.000)
AC0831_M_element_validation.log;validation;stem;center_diagonal_update;failed;"stem: Mittelpunkt/Diagonale-Update verworfen (Fehler 62.365->69.202; Box-Check verworfen (w_ratio=0.286, h_ratio=1.133, area_ratio=0.324))"
AC0831_M_element_validation.log;validation;stem;geometry_sync;adjustable_step;stem: Geometrie nach Elementabgleich aktualisiert
AC0831_M_element_validation.log;validation;stem;width_bracketing;fixed_rule;stem: Breiten-Bracketing übersprungen (stem_width: current=2.000, Range=1.000..1.000)
AC0831_M_element_validation.log;validation;stem;length_bracketing;success;"stem: Längen-Bracketing stem_len 18.000->17.500; Kandidaten=11.500->67.783, 17.500->62.365, 18.000->62.365, 23.500->101.066, 29.000->112.580, 35.000->111.302"
AC0831_M_element_validation.log;validation;text;center_diagonal_update;failed;"text: Mittelpunkt/Diagonale-Update verworfen (Fehler 171.862->158.339; Box-Check verworfen (w_ratio=0.786, h_ratio=0.545, area_ratio=0.429))"
AC0831_M_element_validation.log;validation;text;width_bracketing;failed;"text: Breiten-Bracketing keine relevante Änderung (co2_font_scale: 0.899); Kandidaten=0.740->172.382, 0.764->175.630, 0.783->176.292, 0.826->174.057, 0.882->176.576, 0.899->171.862, 0.939->173.846, 0.982->173.846, 1.025->173.846"
AC0831_M_element_validation.log;validation;circle;color_bracketing;fixed_rule;circle: Farb-Bracketing übersprungen (Farben gesperrt)
AC0831_M_element_validation.log;validation;stem;color_bracketing;fixed_rule;stem: Farb-Bracketing übersprungen (Farben gesperrt)
AC0831_M_element_validation.log;validation;text;color_bracketing;fixed_rule;text: Farb-Bracketing übersprungen (Farben gesperrt)
AC0831_S_element_validation.log;validation;circle;center_diagonal_update;adjustable_step;circle: Parameter nach Mittelpunkt/Diagonale angepasst
AC0831_S_element_validation.log;validation;circle;width_bracketing;fixed_rule;circle: Breiten-Bracketing übersprungen (stroke_circle: current=1.000, Range=1.000..1.000)
AC0831_S_element_validation.log;validation;circle;radius_bracketing;success;"circle: Radius-Bracketing r 6.726->7.000 (best_err=6016.000); Kandidaten=6.000->8272.000, 6.500->6050.000, 7.000->6016.000"
AC0831_S_element_validation.log;validation;circle;joint_multistart;failed;circle: Joint-Multistart keine relevante Änderung (cx=7.500, cy=7.500, r=7.000, best_err=6016.000)
AC0831_S_element_validation.log;validation;stem;geometry_sync;adjustable_step;stem: Geometrie nach Elementabgleich aktualisiert
AC0831_S_element_validation.log;validation;stem;width_bracketing;fixed_rule;stem: Breiten-Bracketing übersprungen (stem_width: current=1.000, Range=1.000..1.000)
AC0831_S_element_validation.log;validation;stem;length_bracketing;success;"stem: Längen-Bracketing stem_len 10.500->12.000; Kandidaten=7.500->87.562, 10.500->54.000, 12.000->53.941, 16.500->76.747, 20.500->113.143, 25.000->120.763"
AC0831_S_element_validation.log;validation;text;center_diagonal_update;adjustable_step;text: Parameter nach Mittelpunkt/Diagonale angepasst
AC0831_S_element_validation.log;validation;text;width_bracketing;success;"text: Breiten-Bracketing co2_font_scale 0.820->0.740; Kandidaten=0.740->129.066, 0.783->135.619, 0.820->135.371, 0.826->136.770, 0.882->140.269, 0.939->142.601, 0.943->142.601, 0.982->142.601, 1.025->142.601"
AC0831_S_element_validation.log;validation;circle;center_diagonal_update;failed;circle: Mittelpunkt/Diagonale-Update verworfen (Fehler 120.760->126.889)
AC0831_S_element_validation.log;validation;circle;width_bracketing;fixed_rule;circle: Breiten-Bracketing übersprungen (stroke_circle: current=1.000, Range=1.000..1.000)
AC0831_S_element_validation.log;validation;circle;radius_bracketing;failed;"circle: Radius-Bracketing keine relevante Änderung (r: 7.000, best_err=6016.000); Kandidaten=6.500->6050.000, 7.000->6016.000"
AC0831_S_element_validation.log;validation;circle;joint_multistart;failed;circle: Joint-Multistart keine relevante Änderung (cx=7.500, cy=7.500, r=7.000, best_err=6016.000)
AC0831_S_element_validation.log;validation;stem;geometry_sync;adjustable_step;stem: Geometrie nach Elementabgleich aktualisiert
AC0831_S_element_validation.log;validation;stem;width_bracketing;fixed_rule;stem: Breiten-Bracketing übersprungen (stem_width: current=1.000, Range=1.000..1.000)
AC0831_S_element_validation.log;validation;stem;length_bracketing;success;"stem: Längen-Bracketing stem_len 10.500->12.000; Kandidaten=7.500->87.562, 10.500->54.000, 12.000->53.941, 16.500->76.747, 20.500->113.143, 25.000->120.763"
AC0831_S_element_validation.log;validation;text;center_diagonal_update;failed;"text: Mittelpunkt/Diagonale-Update verworfen (Fehler 129.066->145.120; Box-Check verworfen (w_ratio=0.667, h_ratio=0.556, area_ratio=0.370))"
AC0831_S_element_validation.log;validation;text;width_bracketing;failed;"text: Breiten-Bracketing keine relevante Änderung (co2_font_scale: 0.740); Kandidaten=0.740->129.066, 0.783->135.619, 0.826->136.770, 0.851->135.591, 0.882->140.269, 0.939->142.601, 0.982->142.601, 1.025->142.601"
AC0831_S_element_validation.log;validation;circle;center_diagonal_update;failed;circle: Mittelpunkt/Diagonale-Update verworfen (Fehler 120.760->126.889)
AC0831_S_element_validation.log;validation;circle;width_bracketing;fixed_rule;circle: Breiten-Bracketing übersprungen (stroke_circle: current=1.000, Range=1.000..1.000)
AC0831_S_element_validation.log;validation;circle;radius_bracketing;failed;"circle: Radius-Bracketing keine relevante Änderung (r: 7.000, best_err=6016.000); Kandidaten=6.500->6050.000, 7.000->6016.000"
AC0831_S_element_validation.log;validation;circle;joint_multistart;failed;circle: Joint-Multistart keine relevante Änderung (cx=7.500, cy=7.500, r=7.000, best_err=6016.000)
AC0831_S_element_validation.log;validation;stem;geometry_sync;adjustable_step;stem: Geometrie nach Elementabgleich aktualisiert
AC0831_S_element_validation.log;validation;stem;width_bracketing;fixed_rule;stem: Breiten-Bracketing übersprungen (stem_width: current=1.000, Range=1.000..1.000)
AC0831_S_element_validation.log;validation;stem;length_bracketing;success;"stem: Längen-Bracketing stem_len 10.500->12.000; Kandidaten=7.500->87.562, 10.500->54.000, 12.000->53.941, 16.500->76.747, 20.500->113.143, 25.000->120.763"
AC0831_S_element_validation.log;validation;text;center_diagonal_update;failed;"text: Mittelpunkt/Diagonale-Update verworfen (Fehler 129.066->145.120; Box-Check verworfen (w_ratio=0.667, h_ratio=0.556, area_ratio=0.370))"
AC0831_S_element_validation.log;validation;text;width_bracketing;failed;"text: Breiten-Bracketing keine relevante Änderung (co2_font_scale: 0.740); Kandidaten=0.740->129.066, 0.783->135.619, 0.826->136.770, 0.851->135.591, 0.882->140.269, 0.939->142.601, 0.982->142.601, 1.025->142.601"
AC0831_S_element_validation.log;validation;circle;center_diagonal_update;failed;circle: Mittelpunkt/Diagonale-Update verworfen (Fehler 120.760->126.889)
AC0831_S_element_validation.log;validation;circle;width_bracketing;fixed_rule;circle: Breiten-Bracketing übersprungen (stroke_circle: current=1.000, Range=1.000..1.000)
AC0831_S_element_validation.log;validation;circle;radius_bracketing;failed;"circle: Radius-Bracketing keine relevante Änderung (r: 7.000, best_err=6016.000); Kandidaten=6.500->6050.000, 7.000->6016.000"
AC0831_S_element_validation.log;validation;circle;joint_multistart;failed;circle: Joint-Multistart keine relevante Änderung (cx=7.500, cy=7.500, r=7.000, best_err=6016.000)
AC0831_S_element_validation.log;validation;stem;geometry_sync;adjustable_step;stem: Geometrie nach Elementabgleich aktualisiert
AC0831_S_element_validation.log;validation;stem;width_bracketing;fixed_rule;stem: Breiten-Bracketing übersprungen (stem_width: current=1.000, Range=1.000..1.000)
AC0831_S_element_validation.log;validation;stem;length_bracketing;success;"stem: Längen-Bracketing stem_len 10.500->12.000; Kandidaten=7.500->87.562, 10.500->54.000, 12.000->53.941, 16.500->76.747, 20.500->113.143, 25.000->120.763"
AC0831_S_element_validation.log;validation;text;center_diagonal_update;failed;"text: Mittelpunkt/Diagonale-Update verworfen (Fehler 129.066->145.120; Box-Check verworfen (w_ratio=0.667, h_ratio=0.556, area_ratio=0.370))"
AC0831_S_element_validation.log;validation;text;width_bracketing;failed;"text: Breiten-Bracketing keine relevante Änderung (co2_font_scale: 0.740); Kandidaten=0.740->129.066, 0.783->135.619, 0.826->136.770, 0.851->135.591, 0.882->140.269, 0.939->142.601, 0.982->142.601, 1.025->142.601"
AC0831_S_element_validation.log;validation;circle;center_diagonal_update;failed;circle: Mittelpunkt/Diagonale-Update verworfen (Fehler 120.760->126.889)
AC0831_S_element_validation.log;validation;circle;width_bracketing;fixed_rule;circle: Breiten-Bracketing übersprungen (stroke_circle: current=1.000, Range=1.000..1.000)
AC0831_S_element_validation.log;validation;circle;radius_bracketing;failed;"circle: Radius-Bracketing keine relevante Änderung (r: 7.000, best_err=6016.000); Kandidaten=6.500->6050.000, 7.000->6016.000"
AC0831_S_element_validation.log;validation;circle;joint_multistart;failed;circle: Joint-Multistart keine relevante Änderung (cx=7.500, cy=7.500, r=7.000, best_err=6016.000)
AC0831_S_element_validation.log;validation;stem;geometry_sync;adjustable_step;stem: Geometrie nach Elementabgleich aktualisiert
AC0831_S_element_validation.log;validation;stem;width_bracketing;fixed_rule;stem: Breiten-Bracketing übersprungen (stem_width: current=1.000, Range=1.000..1.000)
AC0831_S_element_validation.log;validation;stem;length_bracketing;success;"stem: Längen-Bracketing stem_len 10.500->12.000; Kandidaten=7.500->87.562, 10.500->54.000, 12.000->53.941, 16.500->76.747, 20.500->113.143, 25.000->120.763"
AC0831_S_element_validation.log;validation;text;center_diagonal_update;failed;"text: Mittelpunkt/Diagonale-Update verworfen (Fehler 129.066->145.120; Box-Check verworfen (w_ratio=0.667, h_ratio=0.556, area_ratio=0.370))"
AC0831_S_element_validation.log;validation;text;width_bracketing;failed;"text: Breiten-Bracketing keine relevante Änderung (co2_font_scale: 0.740); Kandidaten=0.740->129.066, 0.783->135.619, 0.826->136.770, 0.851->135.591, 0.882->140.269, 0.939->142.601, 0.982->142.601, 1.025->142.601"
AC0831_S_element_validation.log;validation;circle;center_diagonal_update;failed;circle: Mittelpunkt/Diagonale-Update verworfen (Fehler 120.760->126.889)
AC0831_S_element_validation.log;validation;circle;width_bracketing;fixed_rule;circle: Breiten-Bracketing übersprungen (stroke_circle: current=1.000, Range=1.000..1.000)
AC0831_S_element_validation.log;validation;circle;radius_bracketing;failed;"circle: Radius-Bracketing keine relevante Änderung (r: 7.000, best_err=6016.000); Kandidaten=6.500->6050.000, 7.000->6016.000"
AC0831_S_element_validation.log;validation;circle;joint_multistart;failed;circle: Joint-Multistart keine relevante Änderung (cx=7.500, cy=7.500, r=7.000, best_err=6016.000)
AC0831_S_element_validation.log;validation;stem;geometry_sync;adjustable_step;stem: Geometrie nach Elementabgleich aktualisiert
AC0831_S_element_validation.log;validation;stem;width_bracketing;fixed_rule;stem: Breiten-Bracketing übersprungen (stem_width: current=1.000, Range=1.000..1.000)
AC0831_S_element_validation.log;validation;stem;length_bracketing;success;"stem: Längen-Bracketing stem_len 10.500->12.000; Kandidaten=7.500->87.562, 10.500->54.000, 12.000->53.941, 16.500->76.747, 20.500->113.143, 25.000->120.763"
AC0831_S_element_validation.log;validation;text;center_diagonal_update;failed;"text: Mittelpunkt/Diagonale-Update verworfen (Fehler 129.066->145.120; Box-Check verworfen (w_ratio=0.667, h_ratio=0.556, area_ratio=0.370))"
AC0831_S_element_validation.log;validation;text;width_bracketing;failed;"text: Breiten-Bracketing keine relevante Änderung (co2_font_scale: 0.740); Kandidaten=0.740->129.066, 0.783->135.619, 0.826->136.770, 0.851->135.591, 0.882->140.269, 0.939->142.601, 0.982->142.601, 1.025->142.601"
AC0831_S_element_validation.log;validation;circle;center_diagonal_update;failed;circle: Mittelpunkt/Diagonale-Update verworfen (Fehler 120.760->126.889)
AC0831_S_element_validation.log;validation;circle;width_bracketing;fixed_rule;circle: Breiten-Bracketing übersprungen (stroke_circle: current=1.000, Range=1.000..1.000)
AC0831_S_element_validation.log;validation;circle;radius_bracketing;failed;"circle: Radius-Bracketing keine relevante Änderung (r: 7.000, best_err=6016.000); Kandidaten=6.500->6050.000, 7.000->6016.000"
AC0831_S_element_validation.log;validation;circle;joint_multistart;failed;circle: Joint-Multistart keine relevante Änderung (cx=7.500, cy=7.500, r=7.000, best_err=6016.000)
AC0831_S_element_validation.log;validation;stem;geometry_sync;adjustable_step;stem: Geometrie nach Elementabgleich aktualisiert
AC0831_S_element_validation.log;validation;stem;width_bracketing;fixed_rule;stem: Breiten-Bracketing übersprungen (stem_width: current=1.000, Range=1.000..1.000)
AC0831_S_element_validation.log;validation;stem;length_bracketing;success;"stem: Längen-Bracketing stem_len 10.500->12.000; Kandidaten=7.500->87.562, 10.500->54.000, 12.000->53.941, 16.500->76.747, 20.500->113.143, 25.000->120.763"
AC0831_S_element_validation.log;validation;text;center_diagonal_update;failed;"text: Mittelpunkt/Diagonale-Update verworfen (Fehler 129.066->145.120; Box-Check verworfen (w_ratio=0.667, h_ratio=0.556, area_ratio=0.370))"
AC0831_S_element_validation.log;validation;text;width_bracketing;failed;"text: Breiten-Bracketing keine relevante Änderung (co2_font_scale: 0.740); Kandidaten=0.740->129.066, 0.783->135.619, 0.826->136.770, 0.851->135.591, 0.882->140.269, 0.939->142.601, 0.982->142.601, 1.025->142.601"
AC0831_S_element_validation.log;validation;circle;center_diagonal_update;failed;circle: Mittelpunkt/Diagonale-Update verworfen (Fehler 120.760->126.889)
AC0831_S_element_validation.log;validation;circle;width_bracketing;fixed_rule;circle: Breiten-Bracketing übersprungen (stroke_circle: current=1.000, Range=1.000..1.000)
AC0831_S_element_validation.log;validation;circle;radius_bracketing;failed;"circle: Radius-Bracketing keine relevante Änderung (r: 7.000, best_err=6016.000); Kandidaten=6.500->6050.000, 7.000->6016.000"
AC0831_S_element_validation.log;validation;circle;joint_multistart;failed;circle: Joint-Multistart keine relevante Änderung (cx=7.500, cy=7.500, r=7.000, best_err=6016.000)
AC0831_S_element_validation.log;validation;stem;geometry_sync;adjustable_step;stem: Geometrie nach Elementabgleich aktualisiert
AC0831_S_element_validation.log;validation;stem;width_bracketing;fixed_rule;stem: Breiten-Bracketing übersprungen (stem_width: current=1.000, Range=1.000..1.000)
AC0831_S_element_validation.log;validation;stem;length_bracketing;success;"stem: Längen-Bracketing stem_len 10.500->12.000; Kandidaten=7.500->87.562, 10.500->54.000, 12.000->53.941, 16.500->76.747, 20.500->113.143, 25.000->120.763"
AC0831_S_element_validation.log;validation;text;center_diagonal_update;failed;"text: Mittelpunkt/Diagonale-Update verworfen (Fehler 129.066->145.120; Box-Check verworfen (w_ratio=0.667, h_ratio=0.556, area_ratio=0.370))"
AC0831_S_element_validation.log;validation;text;width_bracketing;failed;"text: Breiten-Bracketing keine relevante Änderung (co2_font_scale: 0.740); Kandidaten=0.740->129.066, 0.783->135.619, 0.826->136.770, 0.851->135.591, 0.882->140.269, 0.939->142.601, 0.982->142.601, 1.025->142.601"
AC0831_S_element_validation.log;validation;circle;center_diagonal_update;failed;circle: Mittelpunkt/Diagonale-Update verworfen (Fehler 120.760->126.889)
AC0831_S_element_validation.log;validation;circle;width_bracketing;fixed_rule;circle: Breiten-Bracketing übersprungen (stroke_circle: current=1.000, Range=1.000..1.000)
AC0831_S_element_validation.log;validation;circle;radius_bracketing;failed;"circle: Radius-Bracketing keine relevante Änderung (r: 7.000, best_err=6016.000); Kandidaten=6.500->6050.000, 7.000->6016.000"
AC0831_S_element_validation.log;validation;circle;joint_multistart;failed;circle: Joint-Multistart keine relevante Änderung (cx=7.500, cy=7.500, r=7.000, best_err=6016.000)
AC0831_S_element_validation.log;validation;stem;geometry_sync;adjustable_step;stem: Geometrie nach Elementabgleich aktualisiert
AC0831_S_element_validation.log;validation;stem;width_bracketing;fixed_rule;stem: Breiten-Bracketing übersprungen (stem_width: current=1.000, Range=1.000..1.000)
AC0831_S_element_validation.log;validation;stem;length_bracketing;success;"stem: Längen-Bracketing stem_len 10.500->12.000; Kandidaten=7.500->87.562, 10.500->54.000, 12.000->53.941, 16.500->76.747, 20.500->113.143, 25.000->120.763"
AC0831_S_element_validation.log;validation;text;center_diagonal_update;failed;"text: Mittelpunkt/Diagonale-Update verworfen (Fehler 129.066->145.120; Box-Check verworfen (w_ratio=0.667, h_ratio=0.556, area_ratio=0.370))"
AC0831_S_element_validation.log;validation;text;width_bracketing;failed;"text: Breiten-Bracketing keine relevante Änderung (co2_font_scale: 0.740); Kandidaten=0.740->129.066, 0.783->135.619, 0.826->136.770, 0.851->135.591, 0.882->140.269, 0.939->142.601, 0.982->142.601, 1.025->142.601"
AC0831_S_element_validation.log;validation;circle;center_diagonal_update;failed;circle: Mittelpunkt/Diagonale-Update verworfen (Fehler 120.760->126.889)
AC0831_S_element_validation.log;validation;circle;width_bracketing;fixed_rule;circle: Breiten-Bracketing übersprungen (stroke_circle: current=1.000, Range=1.000..1.000)
AC0831_S_element_validation.log;validation;circle;radius_bracketing;failed;"circle: Radius-Bracketing keine relevante Änderung (r: 7.000, best_err=6016.000); Kandidaten=6.500->6050.000, 7.000->6016.000"
AC0831_S_element_validation.log;validation;circle;joint_multistart;failed;circle: Joint-Multistart keine relevante Änderung (cx=7.500, cy=7.500, r=7.000, best_err=6016.000)
AC0831_S_element_validation.log;validation;stem;geometry_sync;adjustable_step;stem: Geometrie nach Elementabgleich aktualisiert
AC0831_S_element_validation.log;validation;stem;width_bracketing;fixed_rule;stem: Breiten-Bracketing übersprungen (stem_width: current=1.000, Range=1.000..1.000)
AC0831_S_element_validation.log;validation;stem;length_bracketing;success;"stem: Längen-Bracketing stem_len 10.500->12.000; Kandidaten=7.500->87.562, 10.500->54.000, 12.000->53.941, 16.500->76.747, 20.500->113.143, 25.000->120.763"
AC0831_S_element_validation.log;validation;text;center_diagonal_update;failed;"text: Mittelpunkt/Diagonale-Update verworfen (Fehler 129.066->145.120; Box-Check verworfen (w_ratio=0.667, h_ratio=0.556, area_ratio=0.370))"
AC0831_S_element_validation.log;validation;text;width_bracketing;failed;"text: Breiten-Bracketing keine relevante Änderung (co2_font_scale: 0.740); Kandidaten=0.740->129.066, 0.783->135.619, 0.826->136.770, 0.851->135.591, 0.882->140.269, 0.939->142.601, 0.982->142.601, 1.025->142.601"
AC0831_S_element_validation.log;validation;circle;color_bracketing;fixed_rule;circle: Farb-Bracketing übersprungen (Farben gesperrt)
AC0831_S_element_validation.log;validation;stem;color_bracketing;fixed_rule;stem: Farb-Bracketing übersprungen (Farben gesperrt)
AC0831_S_element_validation.log;validation;text;color_bracketing;fixed_rule;text: Farb-Bracketing übersprungen (Farben gesperrt)
AC0832_L_element_validation.log;validation;circle;center_diagonal_update;adjustable_step;circle: Parameter nach Mittelpunkt/Diagonale angepasst
AC0832_L_element_validation.log;validation;circle;width_bracketing;fixed_rule;circle: Breiten-Bracketing übersprungen (stroke_circle: current=1.000, Range=1.000..1.000)
AC0832_L_element_validation.log;validation;circle;radius_bracketing;success;"circle: Radius-Bracketing r 9.600->9.500 (best_err=17196.000); Kandidaten=9.500->17196.000, 12.000->19096.000"
AC0832_L_element_validation.log;validation;circle;joint_multistart;success;circle: Joint-Multistart cx 32.500->32.500, cy 12.500->12.500, r 9.500->10.000 (best_err=16799.000)
AC0832_L_element_validation.log;validation;arm;width_bracketing;fixed_rule;arm: Breiten-Bracketing übersprungen (arm_stroke: current=1.000, Range=1.000..1.000)
AC0832_L_element_validation.log;validation;arm;length_bracketing;failed;"arm: Längen-Bracketing keine relevante Änderung (arm_len: 22.500); Kandidaten=17.000->130.547, 22.500->120.817, 24.000->120.817, 31.000->120.817, 38.000->120.817, 45.000->120.817"
AC0832_L_element_validation.log;validation;text;center_diagonal_update;failed;"text: Mittelpunkt/Diagonale-Update verworfen (Fehler 169.678->143.917; Box-Check verworfen (w_ratio=0.857, h_ratio=0.538, area_ratio=0.462))"
AC0832_L_element_validation.log;validation;text;width_bracketing;fixed_rule;text: Breiten-Bracketing übersprungen (co2_font_scale: current=0.740, Range=0.740..0.740)
AC0832_L_element_validation.log;validation;circle;center_diagonal_update;failed;circle: Mittelpunkt/Diagonale-Update verworfen (Fehler 197.564->201.110)
AC0832_L_element_validation.log;validation;circle;width_bracketing;fixed_rule;circle: Breiten-Bracketing übersprungen (stroke_circle: current=1.000, Range=1.000..1.000)
AC0832_L_element_validation.log;validation;circle;radius_bracketing;failed;"circle: Radius-Bracketing keine relevante Änderung (r: 10.000, best_err=17509.000); Kandidaten=9.500->17589.000, 10.000->17509.000, 12.000->19278.000"
AC0832_L_element_validation.log;validation;circle;joint_multistart;failed;circle: Joint-Multistart keine relevante Änderung (cx=32.500, cy=12.500, r=10.000, best_err=17509.000)
AC0832_L_element_validation.log;validation;arm;width_bracketing;fixed_rule;arm: Breiten-Bracketing übersprungen (arm_stroke: current=1.000, Range=1.000..1.000)
AC0832_L_element_validation.log;validation;arm;length_bracketing;failed;"arm: Längen-Bracketing keine relevante Änderung (arm_len: 22.500); Kandidaten=17.000->130.547, 22.500->120.817, 24.000->120.817, 31.000->120.817, 38.000->120.817, 45.000->120.817"
AC0832_L_element_validation.log;validation;text;center_diagonal_update;failed;"text: Mittelpunkt/Diagonale-Update verworfen (Fehler 169.678->143.917; Box-Check verworfen (w_ratio=0.857, h_ratio=0.538, area_ratio=0.462))"
AC0832_L_element_validation.log;validation;text;width_bracketing;fixed_rule;text: Breiten-Bracketing übersprungen (co2_font_scale: current=0.740, Range=0.740..0.740)
AC0832_L_element_validation.log;validation;circle;color_bracketing;fixed_rule;circle: Farb-Bracketing übersprungen (Farben gesperrt)
AC0832_L_element_validation.log;validation;arm;color_bracketing;fixed_rule;arm: Farb-Bracketing übersprungen (Farben gesperrt)
AC0832_L_element_validation.log;validation;text;color_bracketing;fixed_rule;text: Farb-Bracketing übersprungen (Farben gesperrt)
AC0832_M_element_validation.log;validation;circle;center_diagonal_update;failed;circle: Mittelpunkt/Diagonale-Update verworfen (Fehler 158.354->159.880)
AC0832_M_element_validation.log;validation;circle;width_bracketing;fixed_rule;circle: Breiten-Bracketing übersprungen (stroke_circle: current=1.000, Range=1.000..1.000)
AC0832_M_element_validation.log;validation;circle;radius_bracketing;success;"circle: Radius-Bracketing r 7.400->7.000 (best_err=9943.000); Kandidaten=7.000->9943.000, 7.500->10137.000, 9.500->13564.000"
AC0832_M_element_validation.log;validation;circle;joint_multistart;failed;circle: Joint-Multistart keine relevante Änderung (cx=25.000, cy=10.000, r=7.000, best_err=9705.000)
AC0832_M_element_validation.log;validation;arm;center_diagonal_update;failed;"arm: Mittelpunkt/Diagonale-Update verworfen (Fehler 112.176->152.920; Box-Check verworfen (w_ratio=0.682, h_ratio=0.286, area_ratio=0.195))"
AC0832_M_element_validation.log;validation;arm;width_bracketing;fixed_rule;arm: Breiten-Bracketing übersprungen (arm_stroke: current=1.000, Range=1.000..1.000)
AC0832_M_element_validation.log;validation;arm;length_bracketing;failed;"arm: Längen-Bracketing keine relevante Änderung (arm_len: 18.000); Kandidaten=13.500->124.360, 18.000->112.176, 19.000->112.176, 24.000->112.176, 29.500->112.176, 35.000->112.176"
AC0832_M_element_validation.log;validation;text;center_diagonal_update;failed;text: Mittelpunkt/Diagonale-Update verworfen (Fehler 142.205->145.445)
AC0832_M_element_validation.log;validation;text;width_bracketing;failed;"text: Breiten-Bracketing keine relevante Änderung (co2_font_scale: 0.740); Kandidaten=0.740->142.205, 0.768->144.609, 0.795->146.092, 0.833->150.900, 0.851->155.085, 0.870->158.414, 0.897->154.766, 0.925->161.569"
AC0832_M_element_validation.log;validation;circle;center_diagonal_update;adjustable_step;circle: Parameter nach Mittelpunkt/Diagonale angepasst
AC0832_M_element_validation.log;validation;circle;width_bracketing;fixed_rule;circle: Breiten-Bracketing übersprungen (stroke_circle: current=1.000, Range=1.000..1.000)
AC0832_M_element_validation.log;validation;circle;radius_bracketing;success;"circle: Radius-Bracketing r 7.200->7.000 (best_err=9943.000); Kandidaten=7.000->9943.000, 9.500->13564.000"
AC0832_M_element_validation.log;validation;circle;joint_multistart;failed;circle: Joint-Multistart keine relevante Änderung (cx=25.000, cy=10.000, r=7.000, best_err=9705.000)
AC0832_M_element_validation.log;validation;arm;center_diagonal_update;failed;"arm: Mittelpunkt/Diagonale-Update verworfen (Fehler 112.176->152.920; Box-Check verworfen (w_ratio=0.682, h_ratio=0.286, area_ratio=0.195))"
AC0832_M_element_validation.log;validation;arm;width_bracketing;fixed_rule;arm: Breiten-Bracketing übersprungen (arm_stroke: current=1.000, Range=1.000..1.000)
AC0832_M_element_validation.log;validation;arm;length_bracketing;failed;"arm: Längen-Bracketing keine relevante Änderung (arm_len: 18.000); Kandidaten=13.500->124.360, 18.000->112.176, 19.000->112.176, 24.000->112.176, 29.500->112.176, 35.000->112.176"
AC0832_M_element_validation.log;validation;text;center_diagonal_update;failed;text: Mittelpunkt/Diagonale-Update verworfen (Fehler 142.205->145.445)
AC0832_M_element_validation.log;validation;text;width_bracketing;failed;"text: Breiten-Bracketing keine relevante Änderung (co2_font_scale: 0.740); Kandidaten=0.740->142.205, 0.768->144.609, 0.795->146.092, 0.833->150.900, 0.851->155.085, 0.870->158.414, 0.897->154.766, 0.925->161.569"
AC0832_M_element_validation.log;validation;circle;center_diagonal_update;adjustable_step;circle: Parameter nach Mittelpunkt/Diagonale angepasst
AC0832_M_element_validation.log;validation;circle;width_bracketing;fixed_rule;circle: Breiten-Bracketing übersprungen (stroke_circle: current=1.000, Range=1.000..1.000)
AC0832_M_element_validation.log;validation;circle;radius_bracketing;success;"circle: Radius-Bracketing r 7.200->7.000 (best_err=9943.000); Kandidaten=7.000->9943.000, 9.500->13564.000"
AC0832_M_element_validation.log;validation;circle;joint_multistart;failed;circle: Joint-Multistart keine relevante Änderung (cx=25.000, cy=10.000, r=7.000, best_err=9705.000)
AC0832_M_element_validation.log;validation;arm;center_diagonal_update;failed;"arm: Mittelpunkt/Diagonale-Update verworfen (Fehler 112.176->152.920; Box-Check verworfen (w_ratio=0.682, h_ratio=0.286, area_ratio=0.195))"
AC0832_M_element_validation.log;validation;arm;width_bracketing;fixed_rule;arm: Breiten-Bracketing übersprungen (arm_stroke: current=1.000, Range=1.000..1.000)
AC0832_M_element_validation.log;validation;arm;length_bracketing;failed;"arm: Längen-Bracketing keine relevante Änderung (arm_len: 18.000); Kandidaten=13.500->124.360, 18.000->112.176, 19.000->112.176, 24.000->112.176, 29.500->112.176, 35.000->112.176"
AC0832_M_element_validation.log;validation;text;center_diagonal_update;failed;text: Mittelpunkt/Diagonale-Update verworfen (Fehler 142.205->145.445)
AC0832_M_element_validation.log;validation;text;width_bracketing;failed;"text: Breiten-Bracketing keine relevante Änderung (co2_font_scale: 0.740); Kandidaten=0.740->142.205, 0.768->144.609, 0.795->146.092, 0.833->150.900, 0.851->155.085, 0.870->158.414, 0.897->154.766, 0.925->161.569"
AC0832_M_element_validation.log;validation;circle;center_diagonal_update;adjustable_step;circle: Parameter nach Mittelpunkt/Diagonale angepasst
AC0832_M_element_validation.log;validation;circle;width_bracketing;fixed_rule;circle: Breiten-Bracketing übersprungen (stroke_circle: current=1.000, Range=1.000..1.000)
AC0832_M_element_validation.log;validation;circle;radius_bracketing;success;"circle: Radius-Bracketing r 7.200->7.000 (best_err=9943.000); Kandidaten=7.000->9943.000, 9.500->13564.000"
AC0832_M_element_validation.log;validation;circle;joint_multistart;failed;circle: Joint-Multistart keine relevante Änderung (cx=25.000, cy=10.000, r=7.000, best_err=9705.000)
AC0832_M_element_validation.log;validation;arm;center_diagonal_update;failed;"arm: Mittelpunkt/Diagonale-Update verworfen (Fehler 112.176->152.920; Box-Check verworfen (w_ratio=0.682, h_ratio=0.286, area_ratio=0.195))"
AC0832_M_element_validation.log;validation;arm;width_bracketing;fixed_rule;arm: Breiten-Bracketing übersprungen (arm_stroke: current=1.000, Range=1.000..1.000)
AC0832_M_element_validation.log;validation;arm;length_bracketing;failed;"arm: Längen-Bracketing keine relevante Änderung (arm_len: 18.000); Kandidaten=13.500->124.360, 18.000->112.176, 19.000->112.176, 24.000->112.176, 29.500->112.176, 35.000->112.176"
AC0832_M_element_validation.log;validation;text;center_diagonal_update;failed;text: Mittelpunkt/Diagonale-Update verworfen (Fehler 142.205->145.445)
AC0832_M_element_validation.log;validation;text;width_bracketing;failed;"text: Breiten-Bracketing keine relevante Änderung (co2_font_scale: 0.740); Kandidaten=0.740->142.205, 0.768->144.609, 0.795->146.092, 0.833->150.900, 0.851->155.085, 0.870->158.414, 0.897->154.766, 0.925->161.569"
AC0832_M_element_validation.log;validation;circle;center_diagonal_update;adjustable_step;circle: Parameter nach Mittelpunkt/Diagonale angepasst
AC0832_M_element_validation.log;validation;circle;width_bracketing;fixed_rule;circle: Breiten-Bracketing übersprungen (stroke_circle: current=1.000, Range=1.000..1.000)
AC0832_M_element_validation.log;validation;circle;radius_bracketing;success;"circle: Radius-Bracketing r 7.200->7.000 (best_err=9943.000); Kandidaten=7.000->9943.000, 9.500->13564.000"
AC0832_M_element_validation.log;validation;circle;joint_multistart;failed;circle: Joint-Multistart keine relevante Änderung (cx=25.000, cy=10.000, r=7.000, best_err=9705.000)
AC0832_M_element_validation.log;validation;arm;center_diagonal_update;failed;"arm: Mittelpunkt/Diagonale-Update verworfen (Fehler 112.176->152.920; Box-Check verworfen (w_ratio=0.682, h_ratio=0.286, area_ratio=0.195))"
AC0832_M_element_validation.log;validation;arm;width_bracketing;fixed_rule;arm: Breiten-Bracketing übersprungen (arm_stroke: current=1.000, Range=1.000..1.000)
AC0832_M_element_validation.log;validation;arm;length_bracketing;failed;"arm: Längen-Bracketing keine relevante Änderung (arm_len: 18.000); Kandidaten=13.500->124.360, 18.000->112.176, 19.000->112.176, 24.000->112.176, 29.500->112.176, 35.000->112.176"
AC0832_M_element_validation.log;validation;text;center_diagonal_update;failed;text: Mittelpunkt/Diagonale-Update verworfen (Fehler 142.205->145.445)
AC0832_M_element_validation.log;validation;text;width_bracketing;failed;"text: Breiten-Bracketing keine relevante Änderung (co2_font_scale: 0.740); Kandidaten=0.740->142.205, 0.768->144.609, 0.795->146.092, 0.833->150.900, 0.851->155.085, 0.870->158.414, 0.897->154.766, 0.925->161.569"
AC0832_M_element_validation.log;validation;circle;center_diagonal_update;adjustable_step;circle: Parameter nach Mittelpunkt/Diagonale angepasst
AC0832_M_element_validation.log;validation;circle;width_bracketing;fixed_rule;circle: Breiten-Bracketing übersprungen (stroke_circle: current=1.000, Range=1.000..1.000)
AC0832_M_element_validation.log;validation;circle;radius_bracketing;success;"circle: Radius-Bracketing r 7.200->7.000 (best_err=9943.000); Kandidaten=7.000->9943.000, 9.500->13564.000"
AC0832_M_element_validation.log;validation;circle;joint_multistart;failed;circle: Joint-Multistart keine relevante Änderung (cx=25.000, cy=10.000, r=7.000, best_err=9705.000)
AC0832_M_element_validation.log;validation;arm;center_diagonal_update;failed;"arm: Mittelpunkt/Diagonale-Update verworfen (Fehler 112.176->152.920; Box-Check verworfen (w_ratio=0.682, h_ratio=0.286, area_ratio=0.195))"
AC0832_M_element_validation.log;validation;arm;width_bracketing;fixed_rule;arm: Breiten-Bracketing übersprungen (arm_stroke: current=1.000, Range=1.000..1.000)
AC0832_M_element_validation.log;validation;arm;length_bracketing;failed;"arm: Längen-Bracketing keine relevante Änderung (arm_len: 18.000); Kandidaten=13.500->124.360, 18.000->112.176, 19.000->112.176, 24.000->112.176, 29.500->112.176, 35.000->112.176"
AC0832_M_element_validation.log;validation;text;center_diagonal_update;failed;text: Mittelpunkt/Diagonale-Update verworfen (Fehler 142.205->145.445)
AC0832_M_element_validation.log;validation;text;width_bracketing;failed;"text: Breiten-Bracketing keine relevante Änderung (co2_font_scale: 0.740); Kandidaten=0.740->142.205, 0.768->144.609, 0.795->146.092, 0.833->150.900, 0.851->155.085, 0.870->158.414, 0.897->154.766, 0.925->161.569"
AC0832_M_element_validation.log;validation;circle;color_bracketing;fixed_rule;circle: Farb-Bracketing übersprungen (Farben gesperrt)
AC0832_M_element_validation.log;validation;arm;color_bracketing;fixed_rule;arm: Farb-Bracketing übersprungen (Farben gesperrt)
AC0832_M_element_validation.log;validation;text;color_bracketing;fixed_rule;text: Farb-Bracketing übersprungen (Farben gesperrt)
AC0832_S_element_validation.log;validation;circle;center_diagonal_update;failed;circle: Mittelpunkt/Diagonale-Update verworfen (Fehler 190.776->198.995)
AC0832_S_element_validation.log;validation;circle;width_bracketing;fixed_rule;circle: Breiten-Bracketing übersprungen (stroke_circle: current=1.000, Range=1.000..1.000)
AC0832_S_element_validation.log;validation;circle;radius_bracketing;success;"circle: Radius-Bracketing r 4.800->6.500 (best_err=5391.000); Kandidaten=5.500->7480.000, 6.000->6484.000, 6.500->5391.000, 7.000->6058.000"
AC0832_S_element_validation.log;validation;circle;joint_multistart;failed;circle: Joint-Multistart keine relevante Änderung (cx=17.500, cy=7.500, r=6.500, best_err=6022.000)
AC0832_S_element_validation.log;validation;arm;width_bracketing;fixed_rule;arm: Breiten-Bracketing übersprungen (arm_stroke: current=1.000, Range=1.000..1.000)
AC0832_S_element_validation.log;validation;arm;length_bracketing;failed;"arm: Längen-Bracketing keine relevante Änderung (arm_len: 11.000); Kandidaten=9.000->107.321, 11.000->95.429, 13.000->95.429, 17.000->95.429, 21.000->95.429, 25.000->95.429"
AC0832_S_element_validation.log;validation;text;center_diagonal_update;adjustable_step;text: Parameter nach Mittelpunkt/Diagonale angepasst
AC0832_S_element_validation.log;validation;text;width_bracketing;success;"text: Breiten-Bracketing co2_font_scale 0.740->0.909; Kandidaten=0.740->128.618, 0.768->129.068, 0.795->126.427, 0.833->126.107, 0.851->127.144, 0.870->122.373, 0.897->122.608, 0.925->120.431"
AC0832_S_element_validation.log;validation;circle;width_bracketing;fixed_rule;circle: Breiten-Bracketing übersprungen (stroke_circle: current=1.000, Range=1.000..1.000)
AC0832_S_element_validation.log;validation;circle;radius_bracketing;failed;"circle: Radius-Bracketing keine relevante Änderung (r: 6.509, best_err=6022.000); Kandidaten=6.000->8232.000, 6.500->6022.000, 7.000->6093.000"
AC0832_S_element_validation.log;validation;circle;joint_multistart;failed;circle: Joint-Multistart keine relevante Änderung (cx=17.500, cy=7.500, r=6.509, best_err=6022.000)
AC0832_S_element_validation.log;validation;arm;width_bracketing;fixed_rule;arm: Breiten-Bracketing übersprungen (arm_stroke: current=1.000, Range=1.000..1.000)
AC0832_S_element_validation.log;validation;arm;length_bracketing;failed;"arm: Längen-Bracketing keine relevante Änderung (arm_len: 11.000); Kandidaten=9.000->99.917, 11.000->86.042, 13.000->86.042, 17.000->86.042, 21.000->86.042, 25.000->86.042"
AC0832_S_element_validation.log;validation;text;center_diagonal_update;adjustable_step;text: Parameter nach Mittelpunkt/Diagonale angepasst
AC0832_S_element_validation.log;validation;text;width_bracketing;failed;"text: Breiten-Bracketing keine relevante Änderung (co2_font_scale: 0.909); Kandidaten=0.740->128.618, 0.768->129.068, 0.773->128.910, 0.795->126.427, 0.833->125.821, 0.870->122.373, 0.897->122.608, 0.909->119.766, 0.925->120.431"
AC0832_S_element_validation.log;validation;circle;width_bracketing;fixed_rule;circle: Breiten-Bracketing übersprungen (stroke_circle: current=1.000, Range=1.000..1.000)
AC0832_S_element_validation.log;validation;circle;radius_bracketing;failed;"circle: Radius-Bracketing keine relevante Änderung (r: 6.518, best_err=6149.000); Kandidaten=6.000->8359.000, 6.500->6149.000, 7.000->6220.000"
AC0832_S_element_validation.log;validation;circle;joint_multistart;failed;circle: Joint-Multistart keine relevante Änderung (cx=17.500, cy=7.500, r=6.518, best_err=6149.000)
AC0832_S_element_validation.log;validation;arm;width_bracketing;fixed_rule;arm: Breiten-Bracketing übersprungen (arm_stroke: current=1.000, Range=1.000..1.000)
AC0832_S_element_validation.log;validation;arm;length_bracketing;failed;"arm: Längen-Bracketing keine relevante Änderung (arm_len: 11.000); Kandidaten=9.000->99.917, 11.000->86.042, 13.000->86.042, 17.000->86.042, 21.000->86.042, 25.000->86.042"
AC0832_S_element_validation.log;validation;text;center_diagonal_update;adjustable_step;text: Parameter nach Mittelpunkt/Diagonale angepasst
AC0832_S_element_validation.log;validation;text;width_bracketing;failed;"text: Breiten-Bracketing keine relevante Änderung (co2_font_scale: 0.909); Kandidaten=0.740->128.618, 0.768->129.068, 0.773->128.910, 0.795->127.191, 0.833->125.821, 0.870->122.373, 0.897->122.608, 0.909->119.766, 0.925->120.431"
AC0832_S_element_validation.log;validation;circle;width_bracketing;fixed_rule;circle: Breiten-Bracketing übersprungen (stroke_circle: current=1.000, Range=1.000..1.000)
AC0832_S_element_validation.log;validation;circle;radius_bracketing;success;"circle: Radius-Bracketing r 6.527->6.500 (best_err=6149.000); Kandidaten=6.000->8359.000, 6.500->6149.000, 7.000->6220.000"
AC0832_S_element_validation.log;validation;circle;joint_multistart;failed;circle: Joint-Multistart keine relevante Änderung (cx=17.500, cy=7.500, r=6.500, best_err=6022.000)
AC0832_S_element_validation.log;validation;arm;width_bracketing;fixed_rule;arm: Breiten-Bracketing übersprungen (arm_stroke: current=1.000, Range=1.000..1.000)
AC0832_S_element_validation.log;validation;arm;length_bracketing;failed;"arm: Längen-Bracketing keine relevante Änderung (arm_len: 11.000); Kandidaten=9.000->107.321, 11.000->95.429, 13.000->95.429, 17.000->95.429, 21.000->95.429, 25.000->95.429"
AC0832_S_element_validation.log;validation;text;center_diagonal_update;adjustable_step;text: Parameter nach Mittelpunkt/Diagonale angepasst
AC0832_S_element_validation.log;validation;text;width_bracketing;failed;"text: Breiten-Bracketing keine relevante Änderung (co2_font_scale: 0.909); Kandidaten=0.740->128.618, 0.768->129.068, 0.773->128.910, 0.795->129.653, 0.833->125.821, 0.870->122.373, 0.897->122.608, 0.909->119.766, 0.925->120.431"
AC0832_S_element_validation.log;validation;circle;width_bracketing;fixed_rule;circle: Breiten-Bracketing übersprungen (stroke_circle: current=1.000, Range=1.000..1.000)
AC0832_S_element_validation.log;validation;circle;radius_bracketing;failed;"circle: Radius-Bracketing keine relevante Änderung (r: 6.509, best_err=6022.000); Kandidaten=6.000->8232.000, 6.500->6022.000, 7.000->6093.000"
AC0832_S_element_validation.log;validation;circle;joint_multistart;failed;circle: Joint-Multistart keine relevante Änderung (cx=17.500, cy=7.500, r=6.509, best_err=6022.000)
AC0832_S_element_validation.log;validation;arm;width_bracketing;fixed_rule;arm: Breiten-Bracketing übersprungen (arm_stroke: current=1.000, Range=1.000..1.000)
AC0832_S_element_validation.log;validation;arm;length_bracketing;failed;"arm: Längen-Bracketing keine relevante Änderung (arm_len: 11.000); Kandidaten=9.000->99.917, 11.000->86.042, 13.000->86.042, 17.000->86.042, 21.000->86.042, 25.000->86.042"
AC0832_S_element_validation.log;validation;text;center_diagonal_update;adjustable_step;text: Parameter nach Mittelpunkt/Diagonale angepasst
AC0832_S_element_validation.log;validation;text;width_bracketing;failed;"text: Breiten-Bracketing keine relevante Änderung (co2_font_scale: 0.909); Kandidaten=0.740->128.618, 0.768->134.698, 0.773->134.379, 0.795->129.653, 0.833->126.389, 0.870->122.373, 0.897->122.608, 0.909->119.766, 0.925->120.431"
AC0832_S_element_validation.log;validation;circle;width_bracketing;fixed_rule;circle: Breiten-Bracketing übersprungen (stroke_circle: current=1.000, Range=1.000..1.000)
AC0832_S_element_validation.log;validation;circle;radius_bracketing;failed;"circle: Radius-Bracketing keine relevante Änderung (r: 6.518, best_err=6149.000); Kandidaten=6.000->8359.000, 6.500->6149.000, 7.000->6220.000"
AC0832_S_element_validation.log;validation;circle;joint_multistart;failed;circle: Joint-Multistart keine relevante Änderung (cx=17.500, cy=7.500, r=6.518, best_err=6149.000)
AC0832_S_element_validation.log;validation;arm;width_bracketing;fixed_rule;arm: Breiten-Bracketing übersprungen (arm_stroke: current=1.000, Range=1.000..1.000)
AC0832_S_element_validation.log;validation;arm;length_bracketing;failed;"arm: Längen-Bracketing keine relevante Änderung (arm_len: 11.000); Kandidaten=9.000->99.917, 11.000->86.042, 13.000->86.042, 17.000->86.042, 21.000->86.042, 25.000->86.042"
AC0832_S_element_validation.log;validation;text;center_diagonal_update;adjustable_step;text: Parameter nach Mittelpunkt/Diagonale angepasst
AC0832_S_element_validation.log;validation;text;width_bracketing;failed;"text: Breiten-Bracketing keine relevante Änderung (co2_font_scale: 0.909); Kandidaten=0.740->128.618, 0.768->134.698, 0.773->134.379, 0.795->129.653, 0.833->126.389, 0.870->122.373, 0.897->122.608, 0.909->119.766, 0.925->120.431"
AC0832_S_element_validation.log;validation;circle;width_bracketing;fixed_rule;circle: Breiten-Bracketing übersprungen (stroke_circle: current=1.000, Range=1.000..1.000)
AC0832_S_element_validation.log;validation;circle;radius_bracketing;success;"circle: Radius-Bracketing r 6.527->6.500 (best_err=6149.000); Kandidaten=6.000->8359.000, 6.500->6149.000, 7.000->6220.000"
AC0832_S_element_validation.log;validation;circle;joint_multistart;failed;circle: Joint-Multistart keine relevante Änderung (cx=17.500, cy=7.500, r=6.500, best_err=6022.000)
AC0832_S_element_validation.log;validation;arm;width_bracketing;fixed_rule;arm: Breiten-Bracketing übersprungen (arm_stroke: current=1.000, Range=1.000..1.000)
AC0832_S_element_validation.log;validation;arm;length_bracketing;failed;"arm: Längen-Bracketing keine relevante Änderung (arm_len: 11.000); Kandidaten=9.000->107.321, 11.000->95.429, 13.000->95.429, 17.000->95.429, 21.000->95.429, 25.000->95.429"
AC0832_S_element_validation.log;validation;text;center_diagonal_update;adjustable_step;text: Parameter nach Mittelpunkt/Diagonale angepasst
AC0832_S_element_validation.log;validation;text;width_bracketing;failed;"text: Breiten-Bracketing keine relevante Änderung (co2_font_scale: 0.909); Kandidaten=0.740->135.196, 0.768->134.698, 0.773->134.379, 0.795->129.653, 0.833->126.389, 0.870->122.373, 0.897->122.608, 0.909->119.766, 0.925->120.431"
AC0832_S_element_validation.log;validation;circle;width_bracketing;fixed_rule;circle: Breiten-Bracketing übersprungen (stroke_circle: current=1.000, Range=1.000..1.000)
AC0832_S_element_validation.log;validation;circle;radius_bracketing;failed;"circle: Radius-Bracketing keine relevante Änderung (r: 6.509, best_err=6022.000); Kandidaten=6.000->8232.000, 6.500->6022.000, 7.000->6093.000"
AC0832_S_element_validation.log;validation;circle;joint_multistart;failed;circle: Joint-Multistart keine relevante Änderung (cx=17.500, cy=7.500, r=6.509, best_err=6022.000)
AC0832_S_element_validation.log;validation;arm;width_bracketing;fixed_rule;arm: Breiten-Bracketing übersprungen (arm_stroke: current=1.000, Range=1.000..1.000)
AC0832_S_element_validation.log;validation;arm;length_bracketing;failed;"arm: Längen-Bracketing keine relevante Änderung (arm_len: 11.000); Kandidaten=9.000->99.917, 11.000->86.042, 13.000->86.042, 17.000->86.042, 21.000->86.042, 25.000->86.042"
AC0832_S_element_validation.log;validation;text;center_diagonal_update;failed;"text: Mittelpunkt/Diagonale-Update verworfen (Fehler 119.766->120.630; Box-Check verworfen (w_ratio=0.909, h_ratio=0.500, area_ratio=0.455))"
AC0832_S_element_validation.log;validation;text;width_bracketing;failed;"text: Breiten-Bracketing keine relevante Änderung (co2_font_scale: 0.909); Kandidaten=0.740->135.196, 0.768->134.698, 0.773->134.379, 0.795->129.653, 0.833->126.389, 0.870->122.373, 0.897->122.608, 0.909->119.766, 0.925->120.431"
AC0832_S_element_validation.log;validation;circle;color_bracketing;fixed_rule;circle: Farb-Bracketing übersprungen (Farben gesperrt)
AC0832_S_element_validation.log;validation;arm;color_bracketing;fixed_rule;arm: Farb-Bracketing übersprungen (Farben gesperrt)
AC0832_S_element_validation.log;validation;text;color_bracketing;fixed_rule;text: Farb-Bracketing übersprungen (Farben gesperrt)
AC0833_L_element_validation.log;validation;circle;center_diagonal_update;adjustable_step;circle: Parameter nach Mittelpunkt/Diagonale angepasst
AC0833_L_element_validation.log;validation;circle;width_bracketing;fixed_rule;circle: Breiten-Bracketing übersprungen (stroke_circle: current=1.000, Range=1.000..1.000)
AC0833_L_element_validation.log;validation;circle;radius_bracketing;success;"circle: Radius-Bracketing r 9.600->9.500 (best_err=16616.000); Kandidaten=9.500->16616.000, 12.000->20007.000"
AC0833_L_element_validation.log;validation;circle;joint_multistart;failed;circle: Joint-Multistart keine relevante Änderung (cx=12.500, cy=32.500, r=9.500, best_err=16616.000)
AC0833_L_element_validation.log;validation;arm;width_bracketing;fixed_rule;arm: Breiten-Bracketing übersprungen (arm_stroke: current=1.000, Range=1.000..1.000)
AC0833_L_element_validation.log;validation;arm;length_bracketing;failed;"arm: Längen-Bracketing keine relevante Änderung (arm_len: 23.000); Kandidaten=17.000->134.556, 23.000->121.635, 24.000->121.635, 31.000->121.635, 38.000->121.635, 45.000->121.635"
AC0833_L_element_validation.log;validation;text;center_diagonal_update;failed;"text: Mittelpunkt/Diagonale-Update verworfen (Fehler 191.176->164.522; Box-Check verworfen (w_ratio=0.706, h_ratio=0.538, area_ratio=0.380))"
AC0833_L_element_validation.log;validation;text;width_bracketing;fixed_rule;text: Breiten-Bracketing übersprungen (co2_font_scale: current=0.820, Range=0.820..0.820)
AC0833_L_element_validation.log;validation;circle;center_diagonal_update;adjustable_step;circle: Parameter nach Mittelpunkt/Diagonale angepasst
AC0833_L_element_validation.log;validation;circle;width_bracketing;fixed_rule;circle: Breiten-Bracketing übersprungen (stroke_circle: current=1.000, Range=1.000..1.000)
AC0833_L_element_validation.log;validation;circle;radius_bracketing;success;"circle: Radius-Bracketing r 9.600->9.500 (best_err=16616.000); Kandidaten=9.500->16616.000, 12.000->20007.000"
AC0833_L_element_validation.log;validation;circle;joint_multistart;failed;circle: Joint-Multistart keine relevante Änderung (cx=12.500, cy=32.500, r=9.500, best_err=16616.000)
AC0833_L_element_validation.log;validation;arm;width_bracketing;fixed_rule;arm: Breiten-Bracketing übersprungen (arm_stroke: current=1.000, Range=1.000..1.000)
AC0833_L_element_validation.log;validation;arm;length_bracketing;failed;"arm: Längen-Bracketing keine relevante Änderung (arm_len: 23.000); Kandidaten=17.000->134.556, 23.000->121.635, 24.000->121.635, 31.000->121.635, 38.000->121.635, 45.000->121.635"
AC0833_L_element_validation.log;validation;text;center_diagonal_update;failed;"text: Mittelpunkt/Diagonale-Update verworfen (Fehler 191.176->164.522; Box-Check verworfen (w_ratio=0.706, h_ratio=0.538, area_ratio=0.380))"
AC0833_L_element_validation.log;validation;text;width_bracketing;fixed_rule;text: Breiten-Bracketing übersprungen (co2_font_scale: current=0.820, Range=0.820..0.820)
AC0833_L_element_validation.log;validation;circle;center_diagonal_update;adjustable_step;circle: Parameter nach Mittelpunkt/Diagonale angepasst
AC0833_L_element_validation.log;validation;circle;width_bracketing;fixed_rule;circle: Breiten-Bracketing übersprungen (stroke_circle: current=1.000, Range=1.000..1.000)
AC0833_L_element_validation.log;validation;circle;radius_bracketing;success;"circle: Radius-Bracketing r 9.600->9.500 (best_err=16616.000); Kandidaten=9.500->16616.000, 12.000->20007.000"
AC0833_L_element_validation.log;validation;circle;joint_multistart;failed;circle: Joint-Multistart keine relevante Änderung (cx=12.500, cy=32.500, r=9.500, best_err=16616.000)
AC0833_L_element_validation.log;validation;arm;width_bracketing;fixed_rule;arm: Breiten-Bracketing übersprungen (arm_stroke: current=1.000, Range=1.000..1.000)
AC0833_L_element_validation.log;validation;arm;length_bracketing;failed;"arm: Längen-Bracketing keine relevante Änderung (arm_len: 23.000); Kandidaten=17.000->134.556, 23.000->121.635, 24.000->121.635, 31.000->121.635, 38.000->121.635, 45.000->121.635"
AC0833_L_element_validation.log;validation;text;center_diagonal_update;failed;"text: Mittelpunkt/Diagonale-Update verworfen (Fehler 191.176->164.522; Box-Check verworfen (w_ratio=0.706, h_ratio=0.538, area_ratio=0.380))"
AC0833_L_element_validation.log;validation;text;width_bracketing;fixed_rule;text: Breiten-Bracketing übersprungen (co2_font_scale: current=0.820, Range=0.820..0.820)
AC0833_L_element_validation.log;validation;circle;center_diagonal_update;adjustable_step;circle: Parameter nach Mittelpunkt/Diagonale angepasst
AC0833_L_element_validation.log;validation;circle;width_bracketing;fixed_rule;circle: Breiten-Bracketing übersprungen (stroke_circle: current=1.000, Range=1.000..1.000)
AC0833_L_element_validation.log;validation;circle;radius_bracketing;success;"circle: Radius-Bracketing r 9.600->9.500 (best_err=16616.000); Kandidaten=9.500->16616.000, 12.000->20007.000"
AC0833_L_element_validation.log;validation;circle;joint_multistart;failed;circle: Joint-Multistart keine relevante Änderung (cx=12.500, cy=32.500, r=9.500, best_err=16616.000)
AC0833_L_element_validation.log;validation;arm;width_bracketing;fixed_rule;arm: Breiten-Bracketing übersprungen (arm_stroke: current=1.000, Range=1.000..1.000)
AC0833_L_element_validation.log;validation;arm;length_bracketing;failed;"arm: Längen-Bracketing keine relevante Änderung (arm_len: 23.000); Kandidaten=17.000->134.556, 23.000->121.635, 24.000->121.635, 31.000->121.635, 38.000->121.635, 45.000->121.635"
AC0833_L_element_validation.log;validation;text;center_diagonal_update;failed;"text: Mittelpunkt/Diagonale-Update verworfen (Fehler 191.176->164.522; Box-Check verworfen (w_ratio=0.706, h_ratio=0.538, area_ratio=0.380))"
AC0833_L_element_validation.log;validation;text;width_bracketing;fixed_rule;text: Breiten-Bracketing übersprungen (co2_font_scale: current=0.820, Range=0.820..0.820)
AC0833_L_element_validation.log;validation;circle;center_diagonal_update;adjustable_step;circle: Parameter nach Mittelpunkt/Diagonale angepasst
AC0833_L_element_validation.log;validation;circle;width_bracketing;fixed_rule;circle: Breiten-Bracketing übersprungen (stroke_circle: current=1.000, Range=1.000..1.000)
AC0833_L_element_validation.log;validation;circle;radius_bracketing;success;"circle: Radius-Bracketing r 9.600->9.500 (best_err=16616.000); Kandidaten=9.500->16616.000, 12.000->20007.000"
AC0833_L_element_validation.log;validation;circle;joint_multistart;failed;circle: Joint-Multistart keine relevante Änderung (cx=12.500, cy=32.500, r=9.500, best_err=16616.000)
AC0833_L_element_validation.log;validation;arm;width_bracketing;fixed_rule;arm: Breiten-Bracketing übersprungen (arm_stroke: current=1.000, Range=1.000..1.000)
AC0833_L_element_validation.log;validation;arm;length_bracketing;failed;"arm: Längen-Bracketing keine relevante Änderung (arm_len: 23.000); Kandidaten=17.000->134.556, 23.000->121.635, 24.000->121.635, 31.000->121.635, 38.000->121.635, 45.000->121.635"
AC0833_L_element_validation.log;validation;text;center_diagonal_update;failed;"text: Mittelpunkt/Diagonale-Update verworfen (Fehler 191.176->164.522; Box-Check verworfen (w_ratio=0.706, h_ratio=0.538, area_ratio=0.380))"
AC0833_L_element_validation.log;validation;text;width_bracketing;fixed_rule;text: Breiten-Bracketing übersprungen (co2_font_scale: current=0.820, Range=0.820..0.820)
AC0833_L_element_validation.log;validation;circle;center_diagonal_update;adjustable_step;circle: Parameter nach Mittelpunkt/Diagonale angepasst
AC0833_L_element_validation.log;validation;circle;width_bracketing;fixed_rule;circle: Breiten-Bracketing übersprungen (stroke_circle: current=1.000, Range=1.000..1.000)
AC0833_L_element_validation.log;validation;circle;radius_bracketing;success;"circle: Radius-Bracketing r 9.600->9.500 (best_err=16616.000); Kandidaten=9.500->16616.000, 12.000->20007.000"
AC0833_L_element_validation.log;validation;circle;joint_multistart;failed;circle: Joint-Multistart keine relevante Änderung (cx=12.500, cy=32.500, r=9.500, best_err=16616.000)
AC0833_L_element_validation.log;validation;arm;width_bracketing;fixed_rule;arm: Breiten-Bracketing übersprungen (arm_stroke: current=1.000, Range=1.000..1.000)
AC0833_L_element_validation.log;validation;arm;length_bracketing;failed;"arm: Längen-Bracketing keine relevante Änderung (arm_len: 23.000); Kandidaten=17.000->134.556, 23.000->121.635, 24.000->121.635, 31.000->121.635, 38.000->121.635, 45.000->121.635"
AC0833_L_element_validation.log;validation;text;center_diagonal_update;failed;"text: Mittelpunkt/Diagonale-Update verworfen (Fehler 191.176->164.522; Box-Check verworfen (w_ratio=0.706, h_ratio=0.538, area_ratio=0.380))"
AC0833_L_element_validation.log;validation;text;width_bracketing;fixed_rule;text: Breiten-Bracketing übersprungen (co2_font_scale: current=0.820, Range=0.820..0.820)
AC0833_L_element_validation.log;validation;circle;color_bracketing;fixed_rule;circle: Farb-Bracketing übersprungen (Farben gesperrt)
AC0833_L_element_validation.log;validation;arm;color_bracketing;fixed_rule;arm: Farb-Bracketing übersprungen (Farben gesperrt)
AC0833_L_element_validation.log;validation;text;color_bracketing;fixed_rule;text: Farb-Bracketing übersprungen (Farben gesperrt)
AC0833_M_element_validation.log;validation;circle;center_diagonal_update;adjustable_step;circle: Parameter nach Mittelpunkt/Diagonale angepasst
AC0833_M_element_validation.log;validation;circle;width_bracketing;fixed_rule;circle: Breiten-Bracketing übersprungen (stroke_circle: current=1.000, Range=1.000..1.000)
AC0833_M_element_validation.log;validation;circle;radius_bracketing;success;"circle: Radius-Bracketing r 7.950->8.000 (best_err=11535.000); Kandidaten=8.000->11535.000, 9.500->13446.000"
AC0833_M_element_validation.log;validation;circle;joint_multistart;failed;circle: Joint-Multistart keine relevante Änderung (cx=10.000, cy=25.000, r=8.000, best_err=11535.000)
AC0833_M_element_validation.log;validation;arm;center_diagonal_update;failed;"arm: Mittelpunkt/Diagonale-Update verworfen (Fehler 104.068->119.525; Box-Check verworfen (w_ratio=0.143, h_ratio=0.762, area_ratio=0.109))"
AC0833_M_element_validation.log;validation;arm;width_bracketing;fixed_rule;arm: Breiten-Bracketing übersprungen (arm_stroke: current=1.000, Range=1.000..1.000)
AC0833_M_element_validation.log;validation;arm;length_bracketing;failed;"arm: Längen-Bracketing keine relevante Änderung (arm_len: 17.000); Kandidaten=13.000->124.002, 17.000->104.068, 18.500->104.068, 24.000->104.068, 29.500->104.068, 35.000->104.068"
AC0833_M_element_validation.log;validation;text;center_diagonal_update;failed;text: Mittelpunkt/Diagonale-Update verworfen (Fehler 132.362->146.439)
AC0833_M_element_validation.log;validation;text;width_bracketing;fixed_rule;text: Breiten-Bracketing übersprungen (co2_font_scale: current=0.820, Range=0.820..0.820)
AC0833_M_element_validation.log;validation;circle;center_diagonal_update;adjustable_step;circle: Parameter nach Mittelpunkt/Diagonale angepasst
AC0833_M_element_validation.log;validation;circle;width_bracketing;fixed_rule;circle: Breiten-Bracketing übersprungen (stroke_circle: current=1.000, Range=1.000..1.000)
AC0833_M_element_validation.log;validation;circle;radius_bracketing;success;"circle: Radius-Bracketing r 7.950->8.000 (best_err=11535.000); Kandidaten=8.000->11535.000, 9.500->13446.000"
AC0833_M_element_validation.log;validation;circle;joint_multistart;failed;circle: Joint-Multistart keine relevante Änderung (cx=10.000, cy=25.000, r=8.000, best_err=11535.000)
AC0833_M_element_validation.log;validation;arm;center_diagonal_update;failed;"arm: Mittelpunkt/Diagonale-Update verworfen (Fehler 104.068->119.525; Box-Check verworfen (w_ratio=0.143, h_ratio=0.762, area_ratio=0.109))"
AC0833_M_element_validation.log;validation;arm;width_bracketing;fixed_rule;arm: Breiten-Bracketing übersprungen (arm_stroke: current=1.000, Range=1.000..1.000)
AC0833_M_element_validation.log;validation;arm;length_bracketing;failed;"arm: Längen-Bracketing keine relevante Änderung (arm_len: 17.000); Kandidaten=13.000->124.002, 17.000->104.068, 18.500->104.068, 24.000->104.068, 29.500->104.068, 35.000->104.068"
AC0833_M_element_validation.log;validation;text;center_diagonal_update;failed;text: Mittelpunkt/Diagonale-Update verworfen (Fehler 132.362->146.439)
AC0833_M_element_validation.log;validation;text;width_bracketing;fixed_rule;text: Breiten-Bracketing übersprungen (co2_font_scale: current=0.820, Range=0.820..0.820)
AC0833_M_element_validation.log;validation;circle;center_diagonal_update;adjustable_step;circle: Parameter nach Mittelpunkt/Diagonale angepasst
AC0833_M_element_validation.log;validation;circle;width_bracketing;fixed_rule;circle: Breiten-Bracketing übersprungen (stroke_circle: current=1.000, Range=1.000..1.000)
AC0833_M_element_validation.log;validation;circle;radius_bracketing;success;"circle: Radius-Bracketing r 7.950->8.000 (best_err=11535.000); Kandidaten=8.000->11535.000, 9.500->13446.000"
AC0833_M_element_validation.log;validation;circle;joint_multistart;failed;circle: Joint-Multistart keine relevante Änderung (cx=10.000, cy=25.000, r=8.000, best_err=11535.000)
AC0833_M_element_validation.log;validation;arm;center_diagonal_update;failed;"arm: Mittelpunkt/Diagonale-Update verworfen (Fehler 104.068->119.525; Box-Check verworfen (w_ratio=0.143, h_ratio=0.762, area_ratio=0.109))"
AC0833_M_element_validation.log;validation;arm;width_bracketing;fixed_rule;arm: Breiten-Bracketing übersprungen (arm_stroke: current=1.000, Range=1.000..1.000)
AC0833_M_element_validation.log;validation;arm;length_bracketing;failed;"arm: Längen-Bracketing keine relevante Änderung (arm_len: 17.000); Kandidaten=13.000->124.002, 17.000->104.068, 18.500->104.068, 24.000->104.068, 29.500->104.068, 35.000->104.068"
AC0833_M_element_validation.log;validation;text;center_diagonal_update;failed;text: Mittelpunkt/Diagonale-Update verworfen (Fehler 132.362->146.439)
AC0833_M_element_validation.log;validation;text;width_bracketing;fixed_rule;text: Breiten-Bracketing übersprungen (co2_font_scale: current=0.820, Range=0.820..0.820)
AC0833_M_element_validation.log;validation;circle;center_diagonal_update;adjustable_step;circle: Parameter nach Mittelpunkt/Diagonale angepasst
AC0833_M_element_validation.log;validation;circle;width_bracketing;fixed_rule;circle: Breiten-Bracketing übersprungen (stroke_circle: current=1.000, Range=1.000..1.000)
AC0833_M_element_validation.log;validation;circle;radius_bracketing;success;"circle: Radius-Bracketing r 7.950->8.000 (best_err=11535.000); Kandidaten=8.000->11535.000, 9.500->13446.000"
AC0833_M_element_validation.log;validation;circle;joint_multistart;failed;circle: Joint-Multistart keine relevante Änderung (cx=10.000, cy=25.000, r=8.000, best_err=11535.000)
AC0833_M_element_validation.log;validation;arm;center_diagonal_update;failed;"arm: Mittelpunkt/Diagonale-Update verworfen (Fehler 104.068->119.525; Box-Check verworfen (w_ratio=0.143, h_ratio=0.762, area_ratio=0.109))"
AC0833_M_element_validation.log;validation;arm;width_bracketing;fixed_rule;arm: Breiten-Bracketing übersprungen (arm_stroke: current=1.000, Range=1.000..1.000)
AC0833_M_element_validation.log;validation;arm;length_bracketing;failed;"arm: Längen-Bracketing keine relevante Änderung (arm_len: 17.000); Kandidaten=13.000->124.002, 17.000->104.068, 18.500->104.068, 24.000->104.068, 29.500->104.068, 35.000->104.068"
AC0833_M_element_validation.log;validation;text;center_diagonal_update;failed;text: Mittelpunkt/Diagonale-Update verworfen (Fehler 132.362->146.439)
AC0833_M_element_validation.log;validation;text;width_bracketing;fixed_rule;text: Breiten-Bracketing übersprungen (co2_font_scale: current=0.820, Range=0.820..0.820)
AC0833_M_element_validation.log;validation;circle;center_diagonal_update;adjustable_step;circle: Parameter nach Mittelpunkt/Diagonale angepasst
AC0833_M_element_validation.log;validation;circle;width_bracketing;fixed_rule;circle: Breiten-Bracketing übersprungen (stroke_circle: current=1.000, Range=1.000..1.000)
AC0833_M_element_validation.log;validation;circle;radius_bracketing;success;"circle: Radius-Bracketing r 7.950->8.000 (best_err=11535.000); Kandidaten=8.000->11535.000, 9.500->13446.000"
AC0833_M_element_validation.log;validation;circle;joint_multistart;failed;circle: Joint-Multistart keine relevante Änderung (cx=10.000, cy=25.000, r=8.000, best_err=11535.000)
AC0833_M_element_validation.log;validation;arm;center_diagonal_update;failed;"arm: Mittelpunkt/Diagonale-Update verworfen (Fehler 104.068->119.525; Box-Check verworfen (w_ratio=0.143, h_ratio=0.762, area_ratio=0.109))"
AC0833_M_element_validation.log;validation;arm;width_bracketing;fixed_rule;arm: Breiten-Bracketing übersprungen (arm_stroke: current=1.000, Range=1.000..1.000)
AC0833_M_element_validation.log;validation;arm;length_bracketing;failed;"arm: Längen-Bracketing keine relevante Änderung (arm_len: 17.000); Kandidaten=13.000->124.002, 17.000->104.068, 18.500->104.068, 24.000->104.068, 29.500->104.068, 35.000->104.068"
AC0833_M_element_validation.log;validation;text;center_diagonal_update;failed;text: Mittelpunkt/Diagonale-Update verworfen (Fehler 132.362->146.439)
AC0833_M_element_validation.log;validation;text;width_bracketing;fixed_rule;text: Breiten-Bracketing übersprungen (co2_font_scale: current=0.820, Range=0.820..0.820)
AC0833_M_element_validation.log;validation;circle;center_diagonal_update;adjustable_step;circle: Parameter nach Mittelpunkt/Diagonale angepasst
AC0833_M_element_validation.log;validation;circle;width_bracketing;fixed_rule;circle: Breiten-Bracketing übersprungen (stroke_circle: current=1.000, Range=1.000..1.000)
AC0833_M_element_validation.log;validation;circle;radius_bracketing;success;"circle: Radius-Bracketing r 7.950->8.000 (best_err=11535.000); Kandidaten=8.000->11535.000, 9.500->13446.000"
AC0833_M_element_validation.log;validation;circle;joint_multistart;failed;circle: Joint-Multistart keine relevante Änderung (cx=10.000, cy=25.000, r=8.000, best_err=11535.000)
AC0833_M_element_validation.log;validation;arm;center_diagonal_update;failed;"arm: Mittelpunkt/Diagonale-Update verworfen (Fehler 104.068->119.525; Box-Check verworfen (w_ratio=0.143, h_ratio=0.762, area_ratio=0.109))"
AC0833_M_element_validation.log;validation;arm;width_bracketing;fixed_rule;arm: Breiten-Bracketing übersprungen (arm_stroke: current=1.000, Range=1.000..1.000)
AC0833_M_element_validation.log;validation;arm;length_bracketing;failed;"arm: Längen-Bracketing keine relevante Änderung (arm_len: 17.000); Kandidaten=13.000->124.002, 17.000->104.068, 18.500->104.068, 24.000->104.068, 29.500->104.068, 35.000->104.068"
AC0833_M_element_validation.log;validation;text;center_diagonal_update;failed;text: Mittelpunkt/Diagonale-Update verworfen (Fehler 132.362->146.439)
AC0833_M_element_validation.log;validation;text;width_bracketing;fixed_rule;text: Breiten-Bracketing übersprungen (co2_font_scale: current=0.820, Range=0.820..0.820)
AC0833_M_element_validation.log;validation;circle;center_diagonal_update;adjustable_step;circle: Parameter nach Mittelpunkt/Diagonale angepasst
AC0833_M_element_validation.log;validation;circle;width_bracketing;fixed_rule;circle: Breiten-Bracketing übersprungen (stroke_circle: current=1.000, Range=1.000..1.000)
AC0833_M_element_validation.log;validation;circle;radius_bracketing;success;"circle: Radius-Bracketing r 7.950->8.000 (best_err=11535.000); Kandidaten=8.000->11535.000, 9.500->13446.000"
AC0833_M_element_validation.log;validation;circle;joint_multistart;failed;circle: Joint-Multistart keine relevante Änderung (cx=10.000, cy=25.000, r=8.000, best_err=11535.000)
AC0833_M_element_validation.log;validation;arm;center_diagonal_update;failed;"arm: Mittelpunkt/Diagonale-Update verworfen (Fehler 104.068->119.525; Box-Check verworfen (w_ratio=0.143, h_ratio=0.762, area_ratio=0.109))"
AC0833_M_element_validation.log;validation;arm;width_bracketing;fixed_rule;arm: Breiten-Bracketing übersprungen (arm_stroke: current=1.000, Range=1.000..1.000)
AC0833_M_element_validation.log;validation;arm;length_bracketing;failed;"arm: Längen-Bracketing keine relevante Änderung (arm_len: 17.000); Kandidaten=13.000->124.002, 17.000->104.068, 18.500->104.068, 24.000->104.068, 29.500->104.068, 35.000->104.068"
AC0833_M_element_validation.log;validation;text;center_diagonal_update;failed;text: Mittelpunkt/Diagonale-Update verworfen (Fehler 132.362->146.439)
AC0833_M_element_validation.log;validation;text;width_bracketing;fixed_rule;text: Breiten-Bracketing übersprungen (co2_font_scale: current=0.820, Range=0.820..0.820)
AC0833_M_element_validation.log;validation;circle;center_diagonal_update;adjustable_step;circle: Parameter nach Mittelpunkt/Diagonale angepasst
AC0833_M_element_validation.log;validation;circle;width_bracketing;fixed_rule;circle: Breiten-Bracketing übersprungen (stroke_circle: current=1.000, Range=1.000..1.000)
AC0833_M_element_validation.log;validation;circle;radius_bracketing;success;"circle: Radius-Bracketing r 7.950->8.000 (best_err=11535.000); Kandidaten=8.000->11535.000, 9.500->13446.000"
AC0833_M_element_validation.log;validation;circle;joint_multistart;failed;circle: Joint-Multistart keine relevante Änderung (cx=10.000, cy=25.000, r=8.000, best_err=11535.000)
AC0833_M_element_validation.log;validation;arm;center_diagonal_update;failed;"arm: Mittelpunkt/Diagonale-Update verworfen (Fehler 104.068->119.525; Box-Check verworfen (w_ratio=0.143, h_ratio=0.762, area_ratio=0.109))"
AC0833_M_element_validation.log;validation;arm;width_bracketing;fixed_rule;arm: Breiten-Bracketing übersprungen (arm_stroke: current=1.000, Range=1.000..1.000)
AC0833_M_element_validation.log;validation;arm;length_bracketing;failed;"arm: Längen-Bracketing keine relevante Änderung (arm_len: 17.000); Kandidaten=13.000->124.002, 17.000->104.068, 18.500->104.068, 24.000->104.068, 29.500->104.068, 35.000->104.068"
AC0833_M_element_validation.log;validation;text;center_diagonal_update;failed;text: Mittelpunkt/Diagonale-Update verworfen (Fehler 132.362->146.439)
AC0833_M_element_validation.log;validation;text;width_bracketing;fixed_rule;text: Breiten-Bracketing übersprungen (co2_font_scale: current=0.820, Range=0.820..0.820)
AC0833_M_element_validation.log;validation;circle;center_diagonal_update;adjustable_step;circle: Parameter nach Mittelpunkt/Diagonale angepasst
AC0833_M_element_validation.log;validation;circle;width_bracketing;fixed_rule;circle: Breiten-Bracketing übersprungen (stroke_circle: current=1.000, Range=1.000..1.000)
AC0833_M_element_validation.log;validation;circle;radius_bracketing;success;"circle: Radius-Bracketing r 7.950->8.000 (best_err=11535.000); Kandidaten=8.000->11535.000, 9.500->13446.000"
AC0833_M_element_validation.log;validation;circle;joint_multistart;failed;circle: Joint-Multistart keine relevante Änderung (cx=10.000, cy=25.000, r=8.000, best_err=11535.000)
AC0833_M_element_validation.log;validation;arm;center_diagonal_update;failed;"arm: Mittelpunkt/Diagonale-Update verworfen (Fehler 104.068->119.525; Box-Check verworfen (w_ratio=0.143, h_ratio=0.762, area_ratio=0.109))"
AC0833_M_element_validation.log;validation;arm;width_bracketing;fixed_rule;arm: Breiten-Bracketing übersprungen (arm_stroke: current=1.000, Range=1.000..1.000)
AC0833_M_element_validation.log;validation;arm;length_bracketing;failed;"arm: Längen-Bracketing keine relevante Änderung (arm_len: 17.000); Kandidaten=13.000->124.002, 17.000->104.068, 18.500->104.068, 24.000->104.068, 29.500->104.068, 35.000->104.068"
AC0833_M_element_validation.log;validation;text;center_diagonal_update;failed;text: Mittelpunkt/Diagonale-Update verworfen (Fehler 132.362->146.439)
AC0833_M_element_validation.log;validation;text;width_bracketing;fixed_rule;text: Breiten-Bracketing übersprungen (co2_font_scale: current=0.820, Range=0.820..0.820)
AC0833_M_element_validation.log;validation;circle;center_diagonal_update;adjustable_step;circle: Parameter nach Mittelpunkt/Diagonale angepasst
AC0833_M_element_validation.log;validation;circle;width_bracketing;fixed_rule;circle: Breiten-Bracketing übersprungen (stroke_circle: current=1.000, Range=1.000..1.000)
AC0833_M_element_validation.log;validation;circle;radius_bracketing;success;"circle: Radius-Bracketing r 7.950->8.000 (best_err=11535.000); Kandidaten=8.000->11535.000, 9.500->13446.000"
AC0833_M_element_validation.log;validation;circle;joint_multistart;failed;circle: Joint-Multistart keine relevante Änderung (cx=10.000, cy=25.000, r=8.000, best_err=11535.000)
AC0833_M_element_validation.log;validation;arm;center_diagonal_update;failed;"arm: Mittelpunkt/Diagonale-Update verworfen (Fehler 104.068->119.525; Box-Check verworfen (w_ratio=0.143, h_ratio=0.762, area_ratio=0.109))"
AC0833_M_element_validation.log;validation;arm;width_bracketing;fixed_rule;arm: Breiten-Bracketing übersprungen (arm_stroke: current=1.000, Range=1.000..1.000)
AC0833_M_element_validation.log;validation;arm;length_bracketing;failed;"arm: Längen-Bracketing keine relevante Änderung (arm_len: 17.000); Kandidaten=13.000->124.002, 17.000->104.068, 18.500->104.068, 24.000->104.068, 29.500->104.068, 35.000->104.068"
AC0833_M_element_validation.log;validation;text;center_diagonal_update;failed;text: Mittelpunkt/Diagonale-Update verworfen (Fehler 132.362->146.439)
AC0833_M_element_validation.log;validation;text;width_bracketing;fixed_rule;text: Breiten-Bracketing übersprungen (co2_font_scale: current=0.820, Range=0.820..0.820)
AC0833_M_element_validation.log;validation;circle;color_bracketing;fixed_rule;circle: Farb-Bracketing übersprungen (Farben gesperrt)
AC0833_M_element_validation.log;validation;arm;color_bracketing;fixed_rule;arm: Farb-Bracketing übersprungen (Farben gesperrt)
AC0833_M_element_validation.log;validation;text;color_bracketing;fixed_rule;text: Farb-Bracketing übersprungen (Farben gesperrt)
AC0833_S_element_validation.log;validation;circle;center_diagonal_update;adjustable_step;circle: Parameter nach Mittelpunkt/Diagonale angepasst
AC0833_S_element_validation.log;validation;circle;width_bracketing;fixed_rule;circle: Breiten-Bracketing übersprungen (stroke_circle: current=1.000, Range=1.000..1.000)
AC0833_S_element_validation.log;validation;circle;radius_bracketing;success;"circle: Radius-Bracketing r 6.121->6.500 (best_err=5679.000); Kandidaten=5.500->9216.000, 6.000->8006.000, 6.500->5679.000, 7.000->5698.000"
AC0833_S_element_validation.log;validation;circle;joint_multistart;success;circle: Joint-Multistart cx 7.500->7.500, cy 17.500->17.500, r 6.500->7.000 (best_err=5710.000)
AC0833_S_element_validation.log;validation;arm;width_bracketing;fixed_rule;arm: Breiten-Bracketing übersprungen (arm_stroke: current=1.000, Range=1.000..1.000)
AC0833_S_element_validation.log;validation;arm;length_bracketing;failed;"arm: Längen-Bracketing keine relevante Änderung (arm_len: 10.500); Kandidaten=8.500->68.625, 10.500->47.875, 12.500->47.875, 16.500->47.875, 21.000->47.875, 25.000->47.875"
AC0833_S_element_validation.log;validation;text;center_diagonal_update;adjustable_step;text: Parameter nach Mittelpunkt/Diagonale angepasst
AC0833_S_element_validation.log;validation;text;width_bracketing;success;"text: Breiten-Bracketing co2_font_scale 0.820->0.882; Kandidaten=0.740->137.647, 0.783->138.593, 0.820->133.169, 0.826->133.064, 0.882->128.985, 0.939->129.661, 0.943->129.661, 0.982->129.661, 1.025->129.661"
AC0833_S_element_validation.log;validation;circle;center_diagonal_update;failed;circle: Mittelpunkt/Diagonale-Update verworfen (Fehler 120.133->126.345)
AC0833_S_element_validation.log;validation;circle;width_bracketing;fixed_rule;circle: Breiten-Bracketing übersprungen (stroke_circle: current=1.000, Range=1.000..1.000)
AC0833_S_element_validation.log;validation;circle;radius_bracketing;failed;"circle: Radius-Bracketing keine relevante Änderung (r: 7.000, best_err=5839.000); Kandidaten=6.500->5866.000, 7.000->5839.000"
AC0833_S_element_validation.log;validation;circle;joint_multistart;failed;circle: Joint-Multistart keine relevante Änderung (cx=7.500, cy=17.500, r=7.000, best_err=5839.000)
AC0833_S_element_validation.log;validation;arm;width_bracketing;fixed_rule;arm: Breiten-Bracketing übersprungen (arm_stroke: current=1.000, Range=1.000..1.000)
AC0833_S_element_validation.log;validation;arm;length_bracketing;failed;"arm: Längen-Bracketing keine relevante Änderung (arm_len: 10.500); Kandidaten=8.500->68.625, 10.500->47.875, 12.500->47.875, 16.500->47.875, 21.000->47.875, 25.000->47.875"
AC0833_S_element_validation.log;validation;text;center_diagonal_update;adjustable_step;text: Parameter nach Mittelpunkt/Diagonale angepasst
AC0833_S_element_validation.log;validation;text;width_bracketing;failed;"text: Breiten-Bracketing keine relevante Änderung (co2_font_scale: 0.882); Kandidaten=0.740->125.638, 0.750->125.691, 0.783->126.507, 0.826->119.224, 0.882->110.883, 0.939->114.782, 0.982->114.782, 1.014->114.782, 1.025->114.782"
AC0833_S_element_validation.log;validation;circle;center_diagonal_update;failed;circle: Mittelpunkt/Diagonale-Update verworfen (Fehler 120.133->126.345)
AC0833_S_element_validation.log;validation;circle;width_bracketing;fixed_rule;circle: Breiten-Bracketing übersprungen (stroke_circle: current=1.000, Range=1.000..1.000)
AC0833_S_element_validation.log;validation;circle;radius_bracketing;failed;"circle: Radius-Bracketing keine relevante Änderung (r: 7.000, best_err=5839.000); Kandidaten=6.500->5866.000, 7.000->5839.000"
AC0833_S_element_validation.log;validation;circle;joint_multistart;failed;circle: Joint-Multistart keine relevante Änderung (cx=7.500, cy=17.500, r=7.000, best_err=5839.000)
AC0833_S_element_validation.log;validation;arm;width_bracketing;fixed_rule;arm: Breiten-Bracketing übersprungen (arm_stroke: current=1.000, Range=1.000..1.000)
AC0833_S_element_validation.log;validation;arm;length_bracketing;failed;"arm: Längen-Bracketing keine relevante Änderung (arm_len: 10.500); Kandidaten=8.500->68.625, 10.500->47.875, 12.500->47.875, 16.500->47.875, 21.000->47.875, 25.000->47.875"
AC0833_S_element_validation.log;validation;text;center_diagonal_update;adjustable_step;text: Parameter nach Mittelpunkt/Diagonale angepasst
AC0833_S_element_validation.log;validation;text;width_bracketing;failed;"text: Breiten-Bracketing keine relevante Änderung (co2_font_scale: 0.882); Kandidaten=0.740->131.662, 0.750->131.120, 0.783->128.944, 0.826->118.212, 0.882->110.883, 0.939->114.782, 0.982->114.782, 1.014->114.782, 1.025->114.782"
AC0833_S_element_validation.log;validation;circle;center_diagonal_update;failed;circle: Mittelpunkt/Diagonale-Update verworfen (Fehler 120.133->126.345)
AC0833_S_element_validation.log;validation;circle;width_bracketing;fixed_rule;circle: Breiten-Bracketing übersprungen (stroke_circle: current=1.000, Range=1.000..1.000)
AC0833_S_element_validation.log;validation;circle;radius_bracketing;failed;"circle: Radius-Bracketing keine relevante Änderung (r: 7.000, best_err=5839.000); Kandidaten=6.500->5866.000, 7.000->5839.000"
AC0833_S_element_validation.log;validation;circle;joint_multistart;failed;circle: Joint-Multistart keine relevante Änderung (cx=7.500, cy=17.500, r=7.000, best_err=5839.000)
AC0833_S_element_validation.log;validation;arm;width_bracketing;fixed_rule;arm: Breiten-Bracketing übersprungen (arm_stroke: current=1.000, Range=1.000..1.000)
AC0833_S_element_validation.log;validation;arm;length_bracketing;failed;"arm: Längen-Bracketing keine relevante Änderung (arm_len: 10.500); Kandidaten=8.500->68.625, 10.500->47.875, 12.500->47.875, 16.500->47.875, 21.000->47.875, 25.000->47.875"
AC0833_S_element_validation.log;validation;text;center_diagonal_update;failed;text: Mittelpunkt/Diagonale-Update verworfen (Fehler 110.883->111.925)
AC0833_S_element_validation.log;validation;text;width_bracketing;failed;"text: Breiten-Bracketing keine relevante Änderung (co2_font_scale: 0.882); Kandidaten=0.740->131.662, 0.750->131.120, 0.783->128.944, 0.826->118.212, 0.882->110.883, 0.939->114.782, 0.982->114.782, 1.014->114.782, 1.025->114.782"
AC0833_S_element_validation.log;validation;circle;color_bracketing;fixed_rule;circle: Farb-Bracketing übersprungen (Farben gesperrt)
AC0833_S_element_validation.log;validation;arm;color_bracketing;fixed_rule;arm: Farb-Bracketing übersprungen (Farben gesperrt)
AC0833_S_element_validation.log;validation;text;color_bracketing;fixed_rule;text: Farb-Bracketing übersprungen (Farben gesperrt)
AC0834_L_element_validation.log;validation;circle;center_diagonal_update;adjustable_step;circle: Parameter nach Mittelpunkt/Diagonale angepasst
AC0834_L_element_validation.log;validation;circle;width_bracketing;fixed_rule;circle: Breiten-Bracketing übersprungen (stroke_circle: current=1.000, Range=1.000..1.000)
AC0834_L_element_validation.log;validation;circle;radius_bracketing;success;"circle: Radius-Bracketing r 9.600->9.500 (best_err=17270.000); Kandidaten=9.500->17270.000, 12.000->19705.000"
AC0834_L_element_validation.log;validation;circle;joint_multistart;failed;circle: Joint-Multistart keine relevante Änderung (cx=12.500, cy=12.500, r=9.500, best_err=17270.000)
AC0834_L_element_validation.log;validation;arm;width_bracketing;fixed_rule;arm: Breiten-Bracketing übersprungen (arm_stroke: current=1.000, Range=1.000..1.000)
AC0834_L_element_validation.log;validation;arm;length_bracketing;failed;"arm: Längen-Bracketing keine relevante Änderung (arm_len: 23.000); Kandidaten=17.000->128.795, 23.000->119.305, 24.000->119.305, 31.000->119.305, 38.000->119.305, 45.000->119.305"
AC0834_L_element_validation.log;validation;text;center_diagonal_update;failed;"text: Mittelpunkt/Diagonale-Update verworfen (Fehler 181.800->165.601; Box-Check verworfen (w_ratio=0.706, h_ratio=0.538, area_ratio=0.380))"
AC0834_L_element_validation.log;validation;text;width_bracketing;fixed_rule;text: Breiten-Bracketing übersprungen (co2_font_scale: current=0.820, Range=0.820..0.820)
AC0834_L_element_validation.log;validation;circle;center_diagonal_update;adjustable_step;circle: Parameter nach Mittelpunkt/Diagonale angepasst
AC0834_L_element_validation.log;validation;circle;width_bracketing;fixed_rule;circle: Breiten-Bracketing übersprungen (stroke_circle: current=1.000, Range=1.000..1.000)
AC0834_L_element_validation.log;validation;circle;radius_bracketing;success;"circle: Radius-Bracketing r 9.600->9.500 (best_err=17270.000); Kandidaten=9.500->17270.000, 12.000->19705.000"
AC0834_L_element_validation.log;validation;circle;joint_multistart;failed;circle: Joint-Multistart keine relevante Änderung (cx=12.500, cy=12.500, r=9.500, best_err=17270.000)
AC0834_L_element_validation.log;validation;arm;width_bracketing;fixed_rule;arm: Breiten-Bracketing übersprungen (arm_stroke: current=1.000, Range=1.000..1.000)
AC0834_L_element_validation.log;validation;arm;length_bracketing;failed;"arm: Längen-Bracketing keine relevante Änderung (arm_len: 23.000); Kandidaten=17.000->128.795, 23.000->119.305, 24.000->119.305, 31.000->119.305, 38.000->119.305, 45.000->119.305"
AC0834_L_element_validation.log;validation;text;center_diagonal_update;failed;"text: Mittelpunkt/Diagonale-Update verworfen (Fehler 181.800->165.601; Box-Check verworfen (w_ratio=0.706, h_ratio=0.538, area_ratio=0.380))"
AC0834_L_element_validation.log;validation;text;width_bracketing;fixed_rule;text: Breiten-Bracketing übersprungen (co2_font_scale: current=0.820, Range=0.820..0.820)
AC0834_L_element_validation.log;validation;circle;center_diagonal_update;adjustable_step;circle: Parameter nach Mittelpunkt/Diagonale angepasst
AC0834_L_element_validation.log;validation;circle;width_bracketing;fixed_rule;circle: Breiten-Bracketing übersprungen (stroke_circle: current=1.000, Range=1.000..1.000)
AC0834_L_element_validation.log;validation;circle;radius_bracketing;success;"circle: Radius-Bracketing r 9.600->9.500 (best_err=17270.000); Kandidaten=9.500->17270.000, 12.000->19705.000"
AC0834_L_element_validation.log;validation;circle;joint_multistart;failed;circle: Joint-Multistart keine relevante Änderung (cx=12.500, cy=12.500, r=9.500, best_err=17270.000)
AC0834_L_element_validation.log;validation;arm;width_bracketing;fixed_rule;arm: Breiten-Bracketing übersprungen (arm_stroke: current=1.000, Range=1.000..1.000)
AC0834_L_element_validation.log;validation;arm;length_bracketing;failed;"arm: Längen-Bracketing keine relevante Änderung (arm_len: 23.000); Kandidaten=17.000->128.795, 23.000->119.305, 24.000->119.305, 31.000->119.305, 38.000->119.305, 45.000->119.305"
AC0834_L_element_validation.log;validation;text;center_diagonal_update;failed;"text: Mittelpunkt/Diagonale-Update verworfen (Fehler 181.800->165.601; Box-Check verworfen (w_ratio=0.706, h_ratio=0.538, area_ratio=0.380))"
AC0834_L_element_validation.log;validation;text;width_bracketing;fixed_rule;text: Breiten-Bracketing übersprungen (co2_font_scale: current=0.820, Range=0.820..0.820)
AC0834_L_element_validation.log;validation;circle;center_diagonal_update;adjustable_step;circle: Parameter nach Mittelpunkt/Diagonale angepasst
AC0834_L_element_validation.log;validation;circle;width_bracketing;fixed_rule;circle: Breiten-Bracketing übersprungen (stroke_circle: current=1.000, Range=1.000..1.000)
AC0834_L_element_validation.log;validation;circle;radius_bracketing;success;"circle: Radius-Bracketing r 9.600->9.500 (best_err=17270.000); Kandidaten=9.500->17270.000, 12.000->19705.000"
AC0834_L_element_validation.log;validation;circle;joint_multistart;failed;circle: Joint-Multistart keine relevante Änderung (cx=12.500, cy=12.500, r=9.500, best_err=17270.000)
AC0834_L_element_validation.log;validation;arm;width_bracketing;fixed_rule;arm: Breiten-Bracketing übersprungen (arm_stroke: current=1.000, Range=1.000..1.000)
AC0834_L_element_validation.log;validation;arm;length_bracketing;failed;"arm: Längen-Bracketing keine relevante Änderung (arm_len: 23.000); Kandidaten=17.000->128.795, 23.000->119.305, 24.000->119.305, 31.000->119.305, 38.000->119.305, 45.000->119.305"
AC0834_L_element_validation.log;validation;text;center_diagonal_update;failed;"text: Mittelpunkt/Diagonale-Update verworfen (Fehler 181.800->165.601; Box-Check verworfen (w_ratio=0.706, h_ratio=0.538, area_ratio=0.380))"
AC0834_L_element_validation.log;validation;text;width_bracketing;fixed_rule;text: Breiten-Bracketing übersprungen (co2_font_scale: current=0.820, Range=0.820..0.820)
AC0834_L_element_validation.log;validation;circle;center_diagonal_update;adjustable_step;circle: Parameter nach Mittelpunkt/Diagonale angepasst
AC0834_L_element_validation.log;validation;circle;width_bracketing;fixed_rule;circle: Breiten-Bracketing übersprungen (stroke_circle: current=1.000, Range=1.000..1.000)
AC0834_L_element_validation.log;validation;circle;radius_bracketing;success;"circle: Radius-Bracketing r 9.600->9.500 (best_err=17270.000); Kandidaten=9.500->17270.000, 12.000->19705.000"
AC0834_L_element_validation.log;validation;circle;joint_multistart;failed;circle: Joint-Multistart keine relevante Änderung (cx=12.500, cy=12.500, r=9.500, best_err=17270.000)
AC0834_L_element_validation.log;validation;arm;width_bracketing;fixed_rule;arm: Breiten-Bracketing übersprungen (arm_stroke: current=1.000, Range=1.000..1.000)
AC0834_L_element_validation.log;validation;arm;length_bracketing;failed;"arm: Längen-Bracketing keine relevante Änderung (arm_len: 23.000); Kandidaten=17.000->128.795, 23.000->119.305, 24.000->119.305, 31.000->119.305, 38.000->119.305, 45.000->119.305"
AC0834_L_element_validation.log;validation;text;center_diagonal_update;failed;"text: Mittelpunkt/Diagonale-Update verworfen (Fehler 181.800->165.601; Box-Check verworfen (w_ratio=0.706, h_ratio=0.538, area_ratio=0.380))"
AC0834_L_element_validation.log;validation;text;width_bracketing;fixed_rule;text: Breiten-Bracketing übersprungen (co2_font_scale: current=0.820, Range=0.820..0.820)
AC0834_L_element_validation.log;validation;circle;center_diagonal_update;adjustable_step;circle: Parameter nach Mittelpunkt/Diagonale angepasst
AC0834_L_element_validation.log;validation;circle;width_bracketing;fixed_rule;circle: Breiten-Bracketing übersprungen (stroke_circle: current=1.000, Range=1.000..1.000)
AC0834_L_element_validation.log;validation;circle;radius_bracketing;success;"circle: Radius-Bracketing r 9.600->9.500 (best_err=17270.000); Kandidaten=9.500->17270.000, 12.000->19705.000"
AC0834_L_element_validation.log;validation;circle;joint_multistart;failed;circle: Joint-Multistart keine relevante Änderung (cx=12.500, cy=12.500, r=9.500, best_err=17270.000)
AC0834_L_element_validation.log;validation;arm;width_bracketing;fixed_rule;arm: Breiten-Bracketing übersprungen (arm_stroke: current=1.000, Range=1.000..1.000)
AC0834_L_element_validation.log;validation;arm;length_bracketing;failed;"arm: Längen-Bracketing keine relevante Änderung (arm_len: 23.000); Kandidaten=17.000->128.795, 23.000->119.305, 24.000->119.305, 31.000->119.305, 38.000->119.305, 45.000->119.305"
AC0834_L_element_validation.log;validation;text;center_diagonal_update;failed;"text: Mittelpunkt/Diagonale-Update verworfen (Fehler 181.800->165.601; Box-Check verworfen (w_ratio=0.706, h_ratio=0.538, area_ratio=0.380))"
AC0834_L_element_validation.log;validation;text;width_bracketing;fixed_rule;text: Breiten-Bracketing übersprungen (co2_font_scale: current=0.820, Range=0.820..0.820)
AC0834_L_element_validation.log;validation;circle;color_bracketing;fixed_rule;circle: Farb-Bracketing übersprungen (Farben gesperrt)
AC0834_L_element_validation.log;validation;arm;color_bracketing;fixed_rule;arm: Farb-Bracketing übersprungen (Farben gesperrt)
AC0834_L_element_validation.log;validation;text;color_bracketing;fixed_rule;text: Farb-Bracketing übersprungen (Farben gesperrt)
AC0834_M_element_validation.log;validation;circle;center_diagonal_update;adjustable_step;circle: Parameter nach Mittelpunkt/Diagonale angepasst
AC0834_M_element_validation.log;validation;circle;width_bracketing;fixed_rule;circle: Breiten-Bracketing übersprungen (stroke_circle: current=1.000, Range=1.000..1.000)
AC0834_M_element_validation.log;validation;circle;radius_bracketing;success;"circle: Radius-Bracketing r 7.200->7.000 (best_err=10286.000); Kandidaten=7.000->10286.000, 9.500->13430.000"
AC0834_M_element_validation.log;validation;circle;joint_multistart;failed;circle: Joint-Multistart keine relevante Änderung (cx=10.000, cy=10.000, r=7.000, best_err=10021.000)
AC0834_M_element_validation.log;validation;arm;center_diagonal_update;failed;"arm: Mittelpunkt/Diagonale-Update verworfen (Fehler 106.291->133.878; Box-Check verworfen (w_ratio=0.714, h_ratio=0.143, area_ratio=0.102))"
AC0834_M_element_validation.log;validation;arm;width_bracketing;fixed_rule;arm: Breiten-Bracketing übersprungen (arm_stroke: current=1.000, Range=1.000..1.000)
AC0834_M_element_validation.log;validation;arm;length_bracketing;failed;"arm: Längen-Bracketing keine relevante Änderung (arm_len: 18.000); Kandidaten=13.500->122.940, 18.000->110.261, 19.000->110.261, 24.000->110.261, 29.500->110.261, 35.000->110.261"
AC0834_M_element_validation.log;validation;text;center_diagonal_update;adjustable_step;text: Parameter nach Mittelpunkt/Diagonale angepasst
AC0834_M_element_validation.log;validation;text;width_bracketing;success;"text: Breiten-Bracketing co2_font_scale 0.820->0.939; Kandidaten=0.740->150.159, 0.783->146.663, 0.820->147.608, 0.826->148.613, 0.882->149.543, 0.939->146.072, 0.943->146.072, 0.982->146.072, 1.025->146.072"
AC0834_M_element_validation.log;validation;circle;center_diagonal_update;adjustable_step;circle: Parameter nach Mittelpunkt/Diagonale angepasst
AC0834_M_element_validation.log;validation;circle;width_bracketing;fixed_rule;circle: Breiten-Bracketing übersprungen (stroke_circle: current=1.000, Range=1.000..1.000)
AC0834_M_element_validation.log;validation;circle;radius_bracketing;success;"circle: Radius-Bracketing r 7.200->7.000 (best_err=10286.000); Kandidaten=7.000->10286.000, 9.500->13430.000"
AC0834_M_element_validation.log;validation;circle;joint_multistart;failed;circle: Joint-Multistart keine relevante Änderung (cx=10.000, cy=10.000, r=7.000, best_err=10021.000)
AC0834_M_element_validation.log;validation;arm;center_diagonal_update;failed;"arm: Mittelpunkt/Diagonale-Update verworfen (Fehler 106.291->133.878; Box-Check verworfen (w_ratio=0.714, h_ratio=0.143, area_ratio=0.102))"
AC0834_M_element_validation.log;validation;arm;width_bracketing;fixed_rule;arm: Breiten-Bracketing übersprungen (arm_stroke: current=1.000, Range=1.000..1.000)
AC0834_M_element_validation.log;validation;arm;length_bracketing;failed;"arm: Längen-Bracketing keine relevante Änderung (arm_len: 18.000); Kandidaten=13.500->122.940, 18.000->110.261, 19.000->110.261, 24.000->110.261, 29.500->110.261, 35.000->110.261"
AC0834_M_element_validation.log;validation;text;width_bracketing;success;"text: Breiten-Bracketing co2_font_scale 0.939->0.798; Kandidaten=0.740->150.159, 0.783->146.663, 0.798->145.144, 0.826->148.613, 0.882->149.543, 0.939->146.072, 0.982->146.072, 1.025->146.072"
AC0834_M_element_validation.log;validation;circle;center_diagonal_update;adjustable_step;circle: Parameter nach Mittelpunkt/Diagonale angepasst
AC0834_M_element_validation.log;validation;circle;width_bracketing;fixed_rule;circle: Breiten-Bracketing übersprungen (stroke_circle: current=1.000, Range=1.000..1.000)
AC0834_M_element_validation.log;validation;circle;radius_bracketing;success;"circle: Radius-Bracketing r 7.200->7.000 (best_err=10286.000); Kandidaten=7.000->10286.000, 9.500->13430.000"
AC0834_M_element_validation.log;validation;circle;joint_multistart;failed;circle: Joint-Multistart keine relevante Änderung (cx=10.000, cy=10.000, r=7.000, best_err=10021.000)
AC0834_M_element_validation.log;validation;arm;center_diagonal_update;failed;"arm: Mittelpunkt/Diagonale-Update verworfen (Fehler 106.291->133.878; Box-Check verworfen (w_ratio=0.714, h_ratio=0.143, area_ratio=0.102))"
AC0834_M_element_validation.log;validation;arm;width_bracketing;fixed_rule;arm: Breiten-Bracketing übersprungen (arm_stroke: current=1.000, Range=1.000..1.000)
AC0834_M_element_validation.log;validation;arm;length_bracketing;failed;"arm: Längen-Bracketing keine relevante Änderung (arm_len: 18.000); Kandidaten=13.500->122.940, 18.000->110.261, 19.000->110.261, 24.000->110.261, 29.500->110.261, 35.000->110.261"
AC0834_M_element_validation.log;validation;text;width_bracketing;failed;"text: Breiten-Bracketing keine relevante Änderung (co2_font_scale: 0.798); Kandidaten=0.740->150.159, 0.783->146.663, 0.798->145.144, 0.826->148.613, 0.882->149.543, 0.918->148.332, 0.939->146.072, 0.982->146.072, 1.025->146.072"
AC0834_M_element_validation.log;validation;circle;center_diagonal_update;adjustable_step;circle: Parameter nach Mittelpunkt/Diagonale angepasst
AC0834_M_element_validation.log;validation;circle;width_bracketing;fixed_rule;circle: Breiten-Bracketing übersprungen (stroke_circle: current=1.000, Range=1.000..1.000)
AC0834_M_element_validation.log;validation;circle;radius_bracketing;success;"circle: Radius-Bracketing r 7.200->7.000 (best_err=10286.000); Kandidaten=7.000->10286.000, 9.500->13430.000"
AC0834_M_element_validation.log;validation;circle;joint_multistart;failed;circle: Joint-Multistart keine relevante Änderung (cx=10.000, cy=10.000, r=7.000, best_err=10021.000)
AC0834_M_element_validation.log;validation;arm;center_diagonal_update;failed;"arm: Mittelpunkt/Diagonale-Update verworfen (Fehler 106.291->133.878; Box-Check verworfen (w_ratio=0.714, h_ratio=0.143, area_ratio=0.102))"
AC0834_M_element_validation.log;validation;arm;width_bracketing;fixed_rule;arm: Breiten-Bracketing übersprungen (arm_stroke: current=1.000, Range=1.000..1.000)
AC0834_M_element_validation.log;validation;arm;length_bracketing;failed;"arm: Längen-Bracketing keine relevante Änderung (arm_len: 18.000); Kandidaten=13.500->122.940, 18.000->110.261, 19.000->110.261, 24.000->110.261, 29.500->110.261, 35.000->110.261"
AC0834_M_element_validation.log;validation;text;width_bracketing;failed;"text: Breiten-Bracketing keine relevante Änderung (co2_font_scale: 0.798); Kandidaten=0.740->150.159, 0.783->146.663, 0.798->145.144, 0.826->148.613, 0.882->149.543, 0.918->148.332, 0.939->146.072, 0.982->146.072, 1.025->146.072"
AC0834_M_element_validation.log;validation;circle;center_diagonal_update;adjustable_step;circle: Parameter nach Mittelpunkt/Diagonale angepasst
AC0834_M_element_validation.log;validation;circle;width_bracketing;fixed_rule;circle: Breiten-Bracketing übersprungen (stroke_circle: current=1.000, Range=1.000..1.000)
AC0834_M_element_validation.log;validation;circle;radius_bracketing;success;"circle: Radius-Bracketing r 7.200->7.000 (best_err=10286.000); Kandidaten=7.000->10286.000, 9.500->13430.000"
AC0834_M_element_validation.log;validation;circle;joint_multistart;failed;circle: Joint-Multistart keine relevante Änderung (cx=10.000, cy=10.000, r=7.000, best_err=10021.000)
AC0834_M_element_validation.log;validation;arm;center_diagonal_update;failed;"arm: Mittelpunkt/Diagonale-Update verworfen (Fehler 106.291->133.878; Box-Check verworfen (w_ratio=0.714, h_ratio=0.143, area_ratio=0.102))"
AC0834_M_element_validation.log;validation;arm;width_bracketing;fixed_rule;arm: Breiten-Bracketing übersprungen (arm_stroke: current=1.000, Range=1.000..1.000)
AC0834_M_element_validation.log;validation;arm;length_bracketing;failed;"arm: Längen-Bracketing keine relevante Änderung (arm_len: 18.000); Kandidaten=13.500->122.940, 18.000->110.261, 19.000->110.261, 24.000->110.261, 29.500->110.261, 35.000->110.261"
AC0834_M_element_validation.log;validation;text;width_bracketing;failed;"text: Breiten-Bracketing keine relevante Änderung (co2_font_scale: 0.798); Kandidaten=0.740->150.159, 0.783->146.663, 0.798->145.144, 0.826->148.613, 0.882->149.543, 0.918->148.332, 0.939->146.072, 0.982->146.072, 1.025->146.072"
AC0834_M_element_validation.log;validation;circle;center_diagonal_update;adjustable_step;circle: Parameter nach Mittelpunkt/Diagonale angepasst
AC0834_M_element_validation.log;validation;circle;width_bracketing;fixed_rule;circle: Breiten-Bracketing übersprungen (stroke_circle: current=1.000, Range=1.000..1.000)
AC0834_M_element_validation.log;validation;circle;radius_bracketing;success;"circle: Radius-Bracketing r 7.200->7.000 (best_err=10286.000); Kandidaten=7.000->10286.000, 9.500->13430.000"
AC0834_M_element_validation.log;validation;circle;joint_multistart;failed;circle: Joint-Multistart keine relevante Änderung (cx=10.000, cy=10.000, r=7.000, best_err=10021.000)
AC0834_M_element_validation.log;validation;arm;center_diagonal_update;failed;"arm: Mittelpunkt/Diagonale-Update verworfen (Fehler 106.291->133.878; Box-Check verworfen (w_ratio=0.714, h_ratio=0.143, area_ratio=0.102))"
AC0834_M_element_validation.log;validation;arm;width_bracketing;fixed_rule;arm: Breiten-Bracketing übersprungen (arm_stroke: current=1.000, Range=1.000..1.000)
AC0834_M_element_validation.log;validation;arm;length_bracketing;failed;"arm: Längen-Bracketing keine relevante Änderung (arm_len: 18.000); Kandidaten=13.500->122.940, 18.000->110.261, 19.000->110.261, 24.000->110.261, 29.500->110.261, 35.000->110.261"
AC0834_M_element_validation.log;validation;text;width_bracketing;failed;"text: Breiten-Bracketing keine relevante Änderung (co2_font_scale: 0.798); Kandidaten=0.740->150.159, 0.783->146.663, 0.798->145.144, 0.826->148.613, 0.882->149.543, 0.918->148.332, 0.939->146.072, 0.982->146.072, 1.025->146.072"
AC0834_M_element_validation.log;validation;circle;color_bracketing;fixed_rule;circle: Farb-Bracketing übersprungen (Farben gesperrt)
AC0834_M_element_validation.log;validation;arm;color_bracketing;fixed_rule;arm: Farb-Bracketing übersprungen (Farben gesperrt)
AC0834_M_element_validation.log;validation;text;color_bracketing;fixed_rule;text: Farb-Bracketing übersprungen (Farben gesperrt)
AC0834_S_element_validation.log;validation;circle;center_diagonal_update;failed;circle: Mittelpunkt/Diagonale-Update verworfen (Fehler 120.267->123.976)
AC0834_S_element_validation.log;validation;circle;width_bracketing;fixed_rule;circle: Breiten-Bracketing übersprungen (stroke_circle: current=1.000, Range=1.000..1.000)
AC0834_S_element_validation.log;validation;circle;radius_bracketing;failed;"circle: Radius-Bracketing keine relevante Änderung (r: 7.000, best_err=6241.000); Kandidaten=6.500->6270.000, 7.000->6241.000"
AC0834_S_element_validation.log;validation;circle;joint_multistart;failed;circle: Joint-Multistart keine relevante Änderung (cx=7.500, cy=7.500, r=7.000, best_err=6241.000)
AC0834_S_element_validation.log;validation;arm;width_bracketing;fixed_rule;arm: Breiten-Bracketing übersprungen (arm_stroke: current=1.000, Range=1.000..1.000)
AC0834_S_element_validation.log;validation;arm;length_bracketing;failed;"arm: Längen-Bracketing keine relevante Änderung (arm_len: 10.500); Kandidaten=8.000->86.950, 10.500->74.850, 12.000->74.850, 16.500->74.850, 20.500->74.850, 25.000->74.850"
AC0834_S_element_validation.log;validation;text;center_diagonal_update;adjustable_step;text: Parameter nach Mittelpunkt/Diagonale angepasst
AC0834_S_element_validation.log;validation;text;width_bracketing;success;"text: Breiten-Bracketing co2_font_scale 0.820->0.882; Kandidaten=0.740->128.489, 0.783->124.144, 0.820->118.998, 0.826->119.128, 0.882->113.471, 0.939->122.584, 0.943->122.584, 0.982->122.584, 1.025->122.584"
AC0834_S_element_validation.log;validation;circle;center_diagonal_update;failed;circle: Mittelpunkt/Diagonale-Update verworfen (Fehler 120.267->123.976)
AC0834_S_element_validation.log;validation;circle;width_bracketing;fixed_rule;circle: Breiten-Bracketing übersprungen (stroke_circle: current=1.000, Range=1.000..1.000)
AC0834_S_element_validation.log;validation;circle;radius_bracketing;failed;"circle: Radius-Bracketing keine relevante Änderung (r: 7.000, best_err=6241.000); Kandidaten=6.500->6270.000, 7.000->6241.000"
AC0834_S_element_validation.log;validation;circle;joint_multistart;failed;circle: Joint-Multistart keine relevante Änderung (cx=7.500, cy=7.500, r=7.000, best_err=6241.000)
AC0834_S_element_validation.log;validation;arm;width_bracketing;fixed_rule;arm: Breiten-Bracketing übersprungen (arm_stroke: current=1.000, Range=1.000..1.000)
AC0834_S_element_validation.log;validation;arm;length_bracketing;failed;"arm: Längen-Bracketing keine relevante Änderung (arm_len: 10.500); Kandidaten=8.000->86.950, 10.500->74.850, 12.000->74.850, 16.500->74.850, 20.500->74.850, 25.000->74.850"
AC0834_S_element_validation.log;validation;text;center_diagonal_update;failed;text: Mittelpunkt/Diagonale-Update verworfen (Fehler 113.471->135.695)
AC0834_S_element_validation.log;validation;text;width_bracketing;failed;"text: Breiten-Bracketing keine relevante Änderung (co2_font_scale: 0.882); Kandidaten=0.740->128.489, 0.750->128.208, 0.783->124.144, 0.826->119.128, 0.882->113.471, 0.939->122.584, 0.982->122.584, 1.014->122.584, 1.025->122.584"
AC0834_S_element_validation.log;validation;circle;color_bracketing;fixed_rule;circle: Farb-Bracketing übersprungen (Farben gesperrt)
AC0834_S_element_validation.log;validation;arm;color_bracketing;fixed_rule;arm: Farb-Bracketing übersprungen (Farben gesperrt)
AC0834_S_element_validation.log;validation;text;color_bracketing;fixed_rule;text: Farb-Bracketing übersprungen (Farben gesperrt)
AC0835_L_element_validation.log;validation;circle;center_diagonal_update;adjustable_step;circle: Parameter nach Mittelpunkt/Diagonale angepasst
AC0835_L_element_validation.log;validation;circle;width_bracketing;fixed_rule;circle: Breiten-Bracketing übersprungen (stroke_circle: current=1.000, Range=1.000..1.000)
AC0835_L_element_validation.log;validation;circle;radius_bracketing;success;"circle: Radius-Bracketing r 10.847->11.000 (best_err=12678.000); Kandidaten=9.000->24094.000, 11.000->12678.000, 11.500->13510.000, 12.000->21062.000"
AC0835_L_element_validation.log;validation;circle;joint_multistart;failed;circle: Joint-Multistart keine relevante Änderung (cx=12.500, cy=12.500, r=11.000, best_err=12678.000)
AC0835_L_element_validation.log;validation;text;center_diagonal_update;adjustable_step;text: Parameter nach Mittelpunkt/Diagonale angepasst
AC0835_L_element_validation.log;validation;text;width_bracketing;success;"text: Breiten-Bracketing voc_font_scale 0.520->0.698; Kandidaten=0.312->167.725, 0.442->166.320, 0.505->154.450, 0.520->155.120, 0.598->144.750, 0.698->136.097, 0.956->177.286, 1.214->186.219, 1.407->176.077, 1.600->189.929"
AC0835_L_element_validation.log;validation;circle;width_bracketing;fixed_rule;circle: Breiten-Bracketing übersprungen (stroke_circle: current=1.000, Range=1.000..1.000)
AC0835_L_element_validation.log;validation;circle;radius_bracketing;failed;"circle: Radius-Bracketing keine relevante Änderung (r: 11.000, best_err=12678.000); Kandidaten=9.000->24094.000, 11.000->12678.000, 11.500->13510.000, 12.000->21062.000"
AC0835_L_element_validation.log;validation;circle;joint_multistart;failed;circle: Joint-Multistart keine relevante Änderung (cx=12.500, cy=12.500, r=11.000, best_err=12678.000)
AC0835_L_element_validation.log;validation;text;center_diagonal_update;failed;"text: Mittelpunkt/Diagonale-Update verworfen (Fehler 136.097->130.252; Box-Check verworfen (w_ratio=0.800, h_ratio=0.462, area_ratio=0.369))"
AC0835_L_element_validation.log;validation;text;width_bracketing;failed;"text: Breiten-Bracketing keine relevante Änderung (voc_font_scale: 0.698); Kandidaten=0.419->166.896, 0.593->149.127, 0.596->148.958, 0.698->136.097, 0.773->162.868, 0.803->165.688, 1.009->176.753, 1.246->183.218, 1.423->173.425, 1.600->189.929"
AC0835_L_element_validation.log;validation;circle;color_bracketing;fixed_rule;circle: Farb-Bracketing übersprungen (Farben gesperrt)
AC0835_L_element_validation.log;validation;text;color_bracketing;fixed_rule;text: Farb-Bracketing übersprungen (Farben gesperrt)
AC0835_M_element_validation.log;validation;circle;center_diagonal_update;adjustable_step;circle: Parameter nach Mittelpunkt/Diagonale angepasst
AC0835_M_element_validation.log;validation;circle;width_bracketing;fixed_rule;circle: Breiten-Bracketing übersprungen (stroke_circle: current=1.000, Range=1.000..1.000)
AC0835_M_element_validation.log;validation;circle;radius_bracketing;success;"circle: Radius-Bracketing r 8.728->9.000 (best_err=7140.000); Kandidaten=8.000->15106.000, 8.500->11295.000, 9.000->7140.000, 9.500->11948.000"
AC0835_M_element_validation.log;validation;circle;joint_multistart;failed;circle: Joint-Multistart keine relevante Änderung (cx=10.000, cy=10.000, r=9.000, best_err=7140.000)
AC0835_M_element_validation.log;validation;text;center_diagonal_update;adjustable_step;text: Parameter nach Mittelpunkt/Diagonale angepasst
AC0835_M_element_validation.log;validation;text;width_bracketing;success;"text: Breiten-Bracketing voc_font_scale 0.520->0.698; Kandidaten=0.312->151.503, 0.442->151.503, 0.505->148.738, 0.520->145.947, 0.598->134.906, 0.698->123.467, 0.956->150.153, 1.214->154.943, 1.407->147.032, 1.600->164.811"
AC0835_M_element_validation.log;validation;circle;center_diagonal_update;adjustable_step;circle: Parameter nach Mittelpunkt/Diagonale angepasst
AC0835_M_element_validation.log;validation;circle;width_bracketing;fixed_rule;circle: Breiten-Bracketing übersprungen (stroke_circle: current=1.000, Range=1.000..1.000)
AC0835_M_element_validation.log;validation;circle;radius_bracketing;success;"circle: Radius-Bracketing r 9.024->9.000 (best_err=7140.000); Kandidaten=8.000->15106.000, 9.000->7140.000, 9.500->11948.000"
AC0835_M_element_validation.log;validation;circle;joint_multistart;failed;circle: Joint-Multistart keine relevante Änderung (cx=10.000, cy=10.000, r=9.000, best_err=7140.000)
AC0835_M_element_validation.log;validation;text;center_diagonal_update;failed;"text: Mittelpunkt/Diagonale-Update verworfen (Fehler 123.467->143.005; Box-Check verworfen (w_ratio=0.765, h_ratio=0.455, area_ratio=0.348))"
AC0835_M_element_validation.log;validation;text;width_bracketing;success;"text: Breiten-Bracketing voc_font_scale 0.698->0.773; Kandidaten=0.419->151.503, 0.593->135.197, 0.596->134.906, 0.698->123.467, 0.773->117.099, 0.803->119.848, 1.009->149.845, 1.246->153.561, 1.423->144.129, 1.600->164.811"
AC0835_M_element_validation.log;validation;circle;center_diagonal_update;adjustable_step;circle: Parameter nach Mittelpunkt/Diagonale angepasst
AC0835_M_element_validation.log;validation;circle;width_bracketing;fixed_rule;circle: Breiten-Bracketing übersprungen (stroke_circle: current=1.000, Range=1.000..1.000)
AC0835_M_element_validation.log;validation;circle;radius_bracketing;success;"circle: Radius-Bracketing r 9.024->9.000 (best_err=7140.000); Kandidaten=8.000->15106.000, 9.000->7140.000, 9.500->11948.000"
AC0835_M_element_validation.log;validation;circle;joint_multistart;failed;circle: Joint-Multistart keine relevante Änderung (cx=10.000, cy=10.000, r=9.000, best_err=7140.000)
AC0835_M_element_validation.log;validation;text;center_diagonal_update;failed;"text: Mittelpunkt/Diagonale-Update verworfen (Fehler 117.099->130.043; Box-Check verworfen (w_ratio=0.737, h_ratio=0.455, area_ratio=0.335))"
AC0835_M_element_validation.log;validation;text;width_bracketing;failed;"text: Breiten-Bracketing keine relevante Änderung (voc_font_scale: 0.773); Kandidaten=0.450->153.104, 0.634->130.727, 0.657->128.527, 0.773->117.099, 0.818->121.971, 0.889->142.621, 1.064->145.678, 1.310->152.472, 1.494->146.205, 1.678->167.971"
AC0835_M_element_validation.log;validation;circle;center_diagonal_update;adjustable_step;circle: Parameter nach Mittelpunkt/Diagonale angepasst
AC0835_M_element_validation.log;validation;circle;width_bracketing;fixed_rule;circle: Breiten-Bracketing übersprungen (stroke_circle: current=1.000, Range=1.000..1.000)
AC0835_M_element_validation.log;validation;circle;radius_bracketing;success;"circle: Radius-Bracketing r 9.024->9.000 (best_err=7140.000); Kandidaten=8.000->15106.000, 9.000->7140.000, 9.500->11948.000"
AC0835_M_element_validation.log;validation;circle;joint_multistart;failed;circle: Joint-Multistart keine relevante Änderung (cx=10.000, cy=10.000, r=9.000, best_err=7140.000)
AC0835_M_element_validation.log;validation;text;center_diagonal_update;failed;"text: Mittelpunkt/Diagonale-Update verworfen (Fehler 117.099->130.043; Box-Check verworfen (w_ratio=0.737, h_ratio=0.455, area_ratio=0.335))"
AC0835_M_element_validation.log;validation;text;width_bracketing;failed;"text: Breiten-Bracketing keine relevante Änderung (voc_font_scale: 0.773); Kandidaten=0.450->153.104, 0.634->130.727, 0.657->128.527, 0.773->117.099, 0.818->121.971, 0.889->142.621, 1.064->145.678, 1.310->152.472, 1.494->146.205, 1.678->167.971"
AC0835_M_element_validation.log;validation;circle;center_diagonal_update;adjustable_step;circle: Parameter nach Mittelpunkt/Diagonale angepasst
AC0835_M_element_validation.log;validation;circle;width_bracketing;fixed_rule;circle: Breiten-Bracketing übersprungen (stroke_circle: current=1.000, Range=1.000..1.000)
AC0835_M_element_validation.log;validation;circle;radius_bracketing;success;"circle: Radius-Bracketing r 9.024->9.000 (best_err=7140.000); Kandidaten=8.000->15106.000, 9.000->7140.000, 9.500->11948.000"
AC0835_M_element_validation.log;validation;circle;joint_multistart;failed;circle: Joint-Multistart keine relevante Änderung (cx=10.000, cy=10.000, r=9.000, best_err=7140.000)
AC0835_M_element_validation.log;validation;text;center_diagonal_update;failed;"text: Mittelpunkt/Diagonale-Update verworfen (Fehler 117.099->130.043; Box-Check verworfen (w_ratio=0.737, h_ratio=0.455, area_ratio=0.335))"
AC0835_M_element_validation.log;validation;text;width_bracketing;failed;"text: Breiten-Bracketing keine relevante Änderung (voc_font_scale: 0.773); Kandidaten=0.450->153.104, 0.634->130.727, 0.657->128.527, 0.773->117.099, 0.818->121.971, 0.889->142.621, 1.064->145.678, 1.310->152.472, 1.494->146.205, 1.678->167.971"
AC0835_M_element_validation.log;validation;circle;center_diagonal_update;adjustable_step;circle: Parameter nach Mittelpunkt/Diagonale angepasst
AC0835_M_element_validation.log;validation;circle;width_bracketing;fixed_rule;circle: Breiten-Bracketing übersprungen (stroke_circle: current=1.000, Range=1.000..1.000)
AC0835_M_element_validation.log;validation;circle;radius_bracketing;success;"circle: Radius-Bracketing r 9.024->9.000 (best_err=7140.000); Kandidaten=8.000->15106.000, 9.000->7140.000, 9.500->11948.000"
AC0835_M_element_validation.log;validation;circle;joint_multistart;failed;circle: Joint-Multistart keine relevante Änderung (cx=10.000, cy=10.000, r=9.000, best_err=7140.000)
AC0835_M_element_validation.log;validation;text;center_diagonal_update;failed;"text: Mittelpunkt/Diagonale-Update verworfen (Fehler 117.099->130.043; Box-Check verworfen (w_ratio=0.737, h_ratio=0.455, area_ratio=0.335))"
AC0835_M_element_validation.log;validation;text;width_bracketing;failed;"text: Breiten-Bracketing keine relevante Änderung (voc_font_scale: 0.773); Kandidaten=0.450->153.104, 0.634->130.727, 0.657->128.527, 0.773->117.099, 0.818->121.971, 0.889->142.621, 1.064->145.678, 1.310->152.472, 1.494->146.205, 1.678->167.971"
AC0835_M_element_validation.log;validation;circle;center_diagonal_update;adjustable_step;circle: Parameter nach Mittelpunkt/Diagonale angepasst
AC0835_M_element_validation.log;validation;circle;width_bracketing;fixed_rule;circle: Breiten-Bracketing übersprungen (stroke_circle: current=1.000, Range=1.000..1.000)
AC0835_M_element_validation.log;validation;circle;radius_bracketing;success;"circle: Radius-Bracketing r 9.024->9.000 (best_err=7140.000); Kandidaten=8.000->15106.000, 9.000->7140.000, 9.500->11948.000"
AC0835_M_element_validation.log;validation;circle;joint_multistart;failed;circle: Joint-Multistart keine relevante Änderung (cx=10.000, cy=10.000, r=9.000, best_err=7140.000)
AC0835_M_element_validation.log;validation;text;center_diagonal_update;failed;"text: Mittelpunkt/Diagonale-Update verworfen (Fehler 117.099->130.043; Box-Check verworfen (w_ratio=0.737, h_ratio=0.455, area_ratio=0.335))"
AC0835_M_element_validation.log;validation;text;width_bracketing;failed;"text: Breiten-Bracketing keine relevante Änderung (voc_font_scale: 0.773); Kandidaten=0.450->153.104, 0.634->130.727, 0.657->128.527, 0.773->117.099, 0.818->121.971, 0.889->142.621, 1.064->145.678, 1.310->152.472, 1.494->146.205, 1.678->167.971"
AC0835_M_element_validation.log;validation;circle;center_diagonal_update;adjustable_step;circle: Parameter nach Mittelpunkt/Diagonale angepasst
AC0835_M_element_validation.log;validation;circle;width_bracketing;fixed_rule;circle: Breiten-Bracketing übersprungen (stroke_circle: current=1.000, Range=1.000..1.000)
AC0835_M_element_validation.log;validation;circle;radius_bracketing;success;"circle: Radius-Bracketing r 9.024->9.000 (best_err=7140.000); Kandidaten=8.000->15106.000, 9.000->7140.000, 9.500->11948.000"
AC0835_M_element_validation.log;validation;circle;joint_multistart;failed;circle: Joint-Multistart keine relevante Änderung (cx=10.000, cy=10.000, r=9.000, best_err=7140.000)
AC0835_M_element_validation.log;validation;text;center_diagonal_update;failed;"text: Mittelpunkt/Diagonale-Update verworfen (Fehler 117.099->130.043; Box-Check verworfen (w_ratio=0.737, h_ratio=0.455, area_ratio=0.335))"
AC0835_M_element_validation.log;validation;text;width_bracketing;failed;"text: Breiten-Bracketing keine relevante Änderung (voc_font_scale: 0.773); Kandidaten=0.450->153.104, 0.634->130.727, 0.657->128.527, 0.773->117.099, 0.818->121.971, 0.889->142.621, 1.064->145.678, 1.310->152.472, 1.494->146.205, 1.678->167.971"
AC0835_M_element_validation.log;validation;circle;center_diagonal_update;adjustable_step;circle: Parameter nach Mittelpunkt/Diagonale angepasst
AC0835_M_element_validation.log;validation;circle;width_bracketing;fixed_rule;circle: Breiten-Bracketing übersprungen (stroke_circle: current=1.000, Range=1.000..1.000)
AC0835_M_element_validation.log;validation;circle;radius_bracketing;success;"circle: Radius-Bracketing r 9.024->9.000 (best_err=7140.000); Kandidaten=8.000->15106.000, 9.000->7140.000, 9.500->11948.000"
AC0835_M_element_validation.log;validation;circle;joint_multistart;failed;circle: Joint-Multistart keine relevante Änderung (cx=10.000, cy=10.000, r=9.000, best_err=7140.000)
AC0835_M_element_validation.log;validation;text;center_diagonal_update;failed;"text: Mittelpunkt/Diagonale-Update verworfen (Fehler 117.099->130.043; Box-Check verworfen (w_ratio=0.737, h_ratio=0.455, area_ratio=0.335))"
AC0835_M_element_validation.log;validation;text;width_bracketing;failed;"text: Breiten-Bracketing keine relevante Änderung (voc_font_scale: 0.773); Kandidaten=0.450->153.104, 0.634->130.727, 0.657->128.527, 0.773->117.099, 0.818->121.971, 0.889->142.621, 1.064->145.678, 1.310->152.472, 1.494->146.205, 1.678->167.971"
AC0835_M_element_validation.log;validation;circle;center_diagonal_update;adjustable_step;circle: Parameter nach Mittelpunkt/Diagonale angepasst
AC0835_M_element_validation.log;validation;circle;width_bracketing;fixed_rule;circle: Breiten-Bracketing übersprungen (stroke_circle: current=1.000, Range=1.000..1.000)
AC0835_M_element_validation.log;validation;circle;radius_bracketing;success;"circle: Radius-Bracketing r 9.024->9.000 (best_err=7140.000); Kandidaten=8.000->15106.000, 9.000->7140.000, 9.500->11948.000"
AC0835_M_element_validation.log;validation;circle;joint_multistart;failed;circle: Joint-Multistart keine relevante Änderung (cx=10.000, cy=10.000, r=9.000, best_err=7140.000)
AC0835_M_element_validation.log;validation;text;center_diagonal_update;failed;"text: Mittelpunkt/Diagonale-Update verworfen (Fehler 117.099->130.043; Box-Check verworfen (w_ratio=0.737, h_ratio=0.455, area_ratio=0.335))"
AC0835_M_element_validation.log;validation;text;width_bracketing;failed;"text: Breiten-Bracketing keine relevante Änderung (voc_font_scale: 0.773); Kandidaten=0.450->153.104, 0.634->130.727, 0.657->128.527, 0.773->117.099, 0.818->121.971, 0.889->142.621, 1.064->145.678, 1.310->152.472, 1.494->146.205, 1.678->167.971"
AC0835_M_element_validation.log;validation;circle;color_bracketing;fixed_rule;circle: Farb-Bracketing übersprungen (Farben gesperrt)
AC0835_M_element_validation.log;validation;text;color_bracketing;fixed_rule;text: Farb-Bracketing übersprungen (Farben gesperrt)
AC0835_S_element_validation.log;validation;circle;center_diagonal_update;adjustable_step;circle: Parameter nach Mittelpunkt/Diagonale angepasst
AC0835_S_element_validation.log;validation;circle;width_bracketing;fixed_rule;circle: Breiten-Bracketing übersprungen (stroke_circle: current=1.000, Range=1.000..1.000)
AC0835_S_element_validation.log;validation;circle;radius_bracketing;failed;"circle: Radius-Bracketing keine relevante Änderung (r: 6.514, best_err=5870.000); Kandidaten=6.000->8492.000, 6.500->5870.000, 7.000->6109.000"
AC0835_S_element_validation.log;validation;circle;joint_multistart;failed;circle: Joint-Multistart keine relevante Änderung (cx=7.500, cy=7.500, r=6.514, best_err=5870.000)
AC0835_S_element_validation.log;validation;text;center_diagonal_update;failed;"text: Mittelpunkt/Diagonale-Update verworfen (Fehler 144.044->123.606; Box-Check verworfen (w_ratio=0.750, h_ratio=0.375, area_ratio=0.281))"
AC0835_S_element_validation.log;validation;text;width_bracketing;success;"text: Breiten-Bracketing voc_font_scale 0.520->0.312; Kandidaten=0.312->144.044, 0.442->144.044, 0.505->144.044, 0.520->144.044, 0.598->144.044, 0.698->153.037, 0.956->146.582, 1.214->156.511, 1.407->149.085, 1.600->151.874"
AC0835_S_element_validation.log;validation;circle;center_diagonal_update;failed;circle: Mittelpunkt/Diagonale-Update verworfen (Fehler 100.279->105.512)
AC0835_S_element_validation.log;validation;circle;width_bracketing;fixed_rule;circle: Breiten-Bracketing übersprungen (stroke_circle: current=1.000, Range=1.000..1.000)
AC0835_S_element_validation.log;validation;circle;radius_bracketing;failed;"circle: Radius-Bracketing keine relevante Änderung (r: 6.514, best_err=5870.000); Kandidaten=6.000->8492.000, 6.500->5870.000, 7.000->6109.000"
AC0835_S_element_validation.log;validation;circle;joint_multistart;failed;circle: Joint-Multistart keine relevante Änderung (cx=7.500, cy=7.500, r=6.514, best_err=5870.000)
AC0835_S_element_validation.log;validation;text;center_diagonal_update;failed;"text: Mittelpunkt/Diagonale-Update verworfen (Fehler 144.044->123.606; Box-Check verworfen (w_ratio=0.750, h_ratio=0.375, area_ratio=0.281))"
AC0835_S_element_validation.log;validation;text;width_bracketing;failed;"text: Breiten-Bracketing keine relevante Änderung (voc_font_scale: 0.312); Kandidaten=0.300->144.044, 0.312->144.044, 0.359->144.044, 0.495->144.044, 0.690->154.709, 0.950->146.571, 1.210->156.592, 1.405->148.252, 1.600->151.874"
AC0835_S_element_validation.log;validation;circle;color_bracketing;fixed_rule;circle: Farb-Bracketing übersprungen (Farben gesperrt)
AC0835_S_element_validation.log;validation;text;color_bracketing;fixed_rule;text: Farb-Bracketing übersprungen (Farben gesperrt)
AC0836_L_element_validation.log;validation;circle;center_diagonal_update;adjustable_step;circle: Parameter nach Mittelpunkt/Diagonale angepasst
AC0836_L_element_validation.log;validation;circle;width_bracketing;fixed_rule;circle: Breiten-Bracketing übersprungen (stroke_circle: current=1.000, Range=1.000..1.000)
AC0836_L_element_validation.log;validation;circle;radius_bracketing;success;"circle: Radius-Bracketing r 10.321->9.500 (best_err=17711.000); Kandidaten=9.500->17711.000, 10.000->18578.000, 10.500->19419.000, 12.000->21806.000"
AC0836_L_element_validation.log;validation;circle;joint_multistart;failed;circle: Joint-Multistart keine relevante Änderung (cx=12.500, cy=12.500, r=9.500, best_err=16910.000)
AC0836_L_element_validation.log;validation;stem;geometry_sync;adjustable_step;stem: Geometrie nach Elementabgleich aktualisiert
AC0836_L_element_validation.log;validation;stem;width_bracketing;fixed_rule;stem: Breiten-Bracketing übersprungen (stem_width: current=2.000, Range=1.000..1.000)
AC0836_L_element_validation.log;validation;stem;length_bracketing;success;"stem: Längen-Bracketing stem_len 23.000->15.000; Kandidaten=15.000->55.483, 22.500->61.561, 23.000->70.444, 30.000->86.615, 37.500->103.729, 45.000->108.157"
AC0836_L_element_validation.log;validation;text;center_diagonal_update;failed;"text: Mittelpunkt/Diagonale-Update verworfen (Fehler 228.262->179.398; Box-Check verworfen (w_ratio=0.688, h_ratio=0.400, area_ratio=0.275))"
AC0836_L_element_validation.log;validation;text;width_bracketing;success;"text: Breiten-Bracketing voc_font_scale 0.520->1.214; Kandidaten=0.312->218.694, 0.442->220.250, 0.505->225.405, 0.520->228.262, 0.598->231.327, 0.698->230.191, 0.956->212.866, 1.214->204.700, 1.407->216.429, 1.600->227.295"
AC0836_L_element_validation.log;validation;circle;center_diagonal_update;adjustable_step;circle: Parameter nach Mittelpunkt/Diagonale angepasst
AC0836_L_element_validation.log;validation;circle;width_bracketing;fixed_rule;circle: Breiten-Bracketing übersprungen (stroke_circle: current=1.000, Range=1.000..1.000)
AC0836_L_element_validation.log;validation;circle;radius_bracketing;success;"circle: Radius-Bracketing r 9.720->9.500 (best_err=16910.000); Kandidaten=9.500->16910.000, 12.000->21153.000"
AC0836_L_element_validation.log;validation;circle;joint_multistart;failed;circle: Joint-Multistart keine relevante Änderung (cx=12.500, cy=12.500, r=9.500, best_err=16910.000)
AC0836_L_element_validation.log;validation;stem;center_diagonal_update;failed;"stem: Mittelpunkt/Diagonale-Update verworfen (Fehler 110.804->93.485; Box-Check verworfen (w_ratio=0.375, h_ratio=0.636, area_ratio=0.239))"
AC0836_L_element_validation.log;validation;stem;geometry_sync;adjustable_step;stem: Geometrie nach Elementabgleich aktualisiert
AC0836_L_element_validation.log;validation;stem;width_bracketing;fixed_rule;stem: Breiten-Bracketing übersprungen (stem_width: current=2.000, Range=1.000..1.000)
AC0836_L_element_validation.log;validation;stem;length_bracketing;success;"stem: Längen-Bracketing stem_len 15.000->12.000; Kandidaten=12.000->91.091, 15.000->110.804, 20.500->102.032, 28.500->107.828, 37.000->108.157, 45.000->124.940"
AC0836_L_element_validation.log;validation;text;center_diagonal_update;failed;"text: Mittelpunkt/Diagonale-Update verworfen (Fehler 204.700->202.832; Box-Check verworfen (w_ratio=1.087, h_ratio=0.500, area_ratio=0.543))"
AC0836_L_element_validation.log;validation;text;width_bracketing;failed;"text: Breiten-Bracketing keine relevante Änderung (voc_font_scale: 1.214); Kandidaten=0.450->219.444, 0.683->229.000, 0.916->215.007, 1.032->206.396, 1.214->204.700, 1.227->202.777, 1.396->215.546, 1.537->231.776, 1.770->242.271, 2.003->261.441"
AC0836_L_element_validation.log;validation;circle;center_diagonal_update;adjustable_step;circle: Parameter nach Mittelpunkt/Diagonale angepasst
AC0836_L_element_validation.log;validation;circle;width_bracketing;fixed_rule;circle: Breiten-Bracketing übersprungen (stroke_circle: current=1.000, Range=1.000..1.000)
AC0836_L_element_validation.log;validation;circle;radius_bracketing;success;"circle: Radius-Bracketing r 9.720->9.500 (best_err=16910.000); Kandidaten=9.500->16910.000, 12.000->21153.000"
AC0836_L_element_validation.log;validation;circle;joint_multistart;failed;circle: Joint-Multistart keine relevante Änderung (cx=12.500, cy=12.500, r=9.500, best_err=16910.000)
AC0836_L_element_validation.log;validation;stem;center_diagonal_update;failed;"stem: Mittelpunkt/Diagonale-Update verworfen (Fehler 129.645->109.398; Box-Check verworfen (w_ratio=0.375, h_ratio=0.579, area_ratio=0.217))"
AC0836_L_element_validation.log;validation;stem;geometry_sync;adjustable_step;stem: Geometrie nach Elementabgleich aktualisiert
AC0836_L_element_validation.log;validation;stem;width_bracketing;fixed_rule;stem: Breiten-Bracketing übersprungen (stem_width: current=2.000, Range=1.000..1.000)
AC0836_L_element_validation.log;validation;stem;length_bracketing;success;"stem: Längen-Bracketing stem_len 12.000->28.500; Kandidaten=12.000->129.645, 20.500->121.539, 28.500->111.782, 37.000->112.217, 45.000->125.983"
AC0836_L_element_validation.log;validation;text;center_diagonal_update;failed;"text: Mittelpunkt/Diagonale-Update verworfen (Fehler 204.700->202.832; Box-Check verworfen (w_ratio=1.087, h_ratio=0.500, area_ratio=0.543))"
AC0836_L_element_validation.log;validation;text;width_bracketing;failed;"text: Breiten-Bracketing keine relevante Änderung (voc_font_scale: 1.214); Kandidaten=0.450->219.444, 0.683->229.000, 0.916->215.007, 1.032->206.396, 1.214->204.700, 1.227->202.777, 1.396->215.546, 1.537->231.776, 1.770->242.271, 2.003->261.441"
AC0836_L_element_validation.log;validation;circle;center_diagonal_update;adjustable_step;circle: Parameter nach Mittelpunkt/Diagonale angepasst
AC0836_L_element_validation.log;validation;circle;width_bracketing;fixed_rule;circle: Breiten-Bracketing übersprungen (stroke_circle: current=1.000, Range=1.000..1.000)
AC0836_L_element_validation.log;validation;circle;radius_bracketing;success;"circle: Radius-Bracketing r 9.720->9.500 (best_err=16910.000); Kandidaten=9.500->16910.000, 12.000->21153.000"
AC0836_L_element_validation.log;validation;circle;joint_multistart;failed;circle: Joint-Multistart keine relevante Änderung (cx=12.500, cy=12.500, r=9.500, best_err=16910.000)
AC0836_L_element_validation.log;validation;stem;center_diagonal_update;failed;"stem: Mittelpunkt/Diagonale-Update verworfen (Fehler 70.444->71.602; Box-Check verworfen (w_ratio=0.375, h_ratio=0.808, area_ratio=0.303))"
AC0836_L_element_validation.log;validation;stem;geometry_sync;adjustable_step;stem: Geometrie nach Elementabgleich aktualisiert
AC0836_L_element_validation.log;validation;stem;width_bracketing;fixed_rule;stem: Breiten-Bracketing übersprungen (stem_width: current=2.000, Range=1.000..1.000)
AC0836_L_element_validation.log;validation;stem;length_bracketing;success;"stem: Längen-Bracketing stem_len 23.000->15.000; Kandidaten=15.000->55.483, 22.500->61.561, 23.000->70.444, 30.000->86.615, 37.500->103.729, 45.000->108.157"
AC0836_L_element_validation.log;validation;text;center_diagonal_update;failed;"text: Mittelpunkt/Diagonale-Update verworfen (Fehler 204.700->202.832; Box-Check verworfen (w_ratio=1.087, h_ratio=0.500, area_ratio=0.543))"
AC0836_L_element_validation.log;validation;text;width_bracketing;failed;"text: Breiten-Bracketing keine relevante Änderung (voc_font_scale: 1.214); Kandidaten=0.450->219.444, 0.683->229.000, 0.916->215.007, 1.032->206.396, 1.214->204.700, 1.227->202.777, 1.396->215.546, 1.537->231.776, 1.770->242.271, 2.003->261.441"
AC0836_L_element_validation.log;validation;circle;center_diagonal_update;adjustable_step;circle: Parameter nach Mittelpunkt/Diagonale angepasst
AC0836_L_element_validation.log;validation;circle;width_bracketing;fixed_rule;circle: Breiten-Bracketing übersprungen (stroke_circle: current=1.000, Range=1.000..1.000)
AC0836_L_element_validation.log;validation;circle;radius_bracketing;success;"circle: Radius-Bracketing r 9.720->9.500 (best_err=16910.000); Kandidaten=9.500->16910.000, 12.000->21153.000"
AC0836_L_element_validation.log;validation;circle;joint_multistart;failed;circle: Joint-Multistart keine relevante Änderung (cx=12.500, cy=12.500, r=9.500, best_err=16910.000)
AC0836_L_element_validation.log;validation;stem;center_diagonal_update;failed;"stem: Mittelpunkt/Diagonale-Update verworfen (Fehler 110.804->93.485; Box-Check verworfen (w_ratio=0.375, h_ratio=0.636, area_ratio=0.239))"
AC0836_L_element_validation.log;validation;stem;geometry_sync;adjustable_step;stem: Geometrie nach Elementabgleich aktualisiert
AC0836_L_element_validation.log;validation;stem;width_bracketing;fixed_rule;stem: Breiten-Bracketing übersprungen (stem_width: current=2.000, Range=1.000..1.000)
AC0836_L_element_validation.log;validation;stem;length_bracketing;success;"stem: Längen-Bracketing stem_len 15.000->12.000; Kandidaten=12.000->91.091, 15.000->110.804, 20.500->102.032, 28.500->107.828, 37.000->108.157, 45.000->124.940"
AC0836_L_element_validation.log;validation;text;center_diagonal_update;failed;"text: Mittelpunkt/Diagonale-Update verworfen (Fehler 204.700->202.832; Box-Check verworfen (w_ratio=1.087, h_ratio=0.500, area_ratio=0.543))"
AC0836_L_element_validation.log;validation;text;width_bracketing;failed;"text: Breiten-Bracketing keine relevante Änderung (voc_font_scale: 1.214); Kandidaten=0.450->219.444, 0.683->229.000, 0.916->215.007, 1.032->206.396, 1.214->204.700, 1.227->202.777, 1.396->215.546, 1.537->231.776, 1.770->242.271, 2.003->261.441"
AC0836_L_element_validation.log;validation;circle;center_diagonal_update;adjustable_step;circle: Parameter nach Mittelpunkt/Diagonale angepasst
AC0836_L_element_validation.log;validation;circle;width_bracketing;fixed_rule;circle: Breiten-Bracketing übersprungen (stroke_circle: current=1.000, Range=1.000..1.000)
AC0836_L_element_validation.log;validation;circle;radius_bracketing;success;"circle: Radius-Bracketing r 9.720->9.500 (best_err=16910.000); Kandidaten=9.500->16910.000, 12.000->21153.000"
AC0836_L_element_validation.log;validation;circle;joint_multistart;failed;circle: Joint-Multistart keine relevante Änderung (cx=12.500, cy=12.500, r=9.500, best_err=16910.000)
AC0836_L_element_validation.log;validation;stem;center_diagonal_update;failed;"stem: Mittelpunkt/Diagonale-Update verworfen (Fehler 129.645->109.398; Box-Check verworfen (w_ratio=0.375, h_ratio=0.579, area_ratio=0.217))"
AC0836_L_element_validation.log;validation;stem;geometry_sync;adjustable_step;stem: Geometrie nach Elementabgleich aktualisiert
AC0836_L_element_validation.log;validation;stem;width_bracketing;fixed_rule;stem: Breiten-Bracketing übersprungen (stem_width: current=2.000, Range=1.000..1.000)
AC0836_L_element_validation.log;validation;stem;length_bracketing;success;"stem: Längen-Bracketing stem_len 12.000->28.500; Kandidaten=12.000->129.645, 20.500->121.539, 28.500->111.782, 37.000->112.217, 45.000->125.983"
AC0836_L_element_validation.log;validation;text;center_diagonal_update;failed;"text: Mittelpunkt/Diagonale-Update verworfen (Fehler 204.700->202.832; Box-Check verworfen (w_ratio=1.087, h_ratio=0.500, area_ratio=0.543))"
AC0836_L_element_validation.log;validation;text;width_bracketing;failed;"text: Breiten-Bracketing keine relevante Änderung (voc_font_scale: 1.214); Kandidaten=0.450->219.444, 0.683->229.000, 0.916->215.007, 1.032->206.396, 1.214->204.700, 1.227->202.777, 1.396->215.546, 1.537->231.776, 1.770->242.271, 2.003->261.441"
AC0836_L_element_validation.log;validation;circle;color_bracketing;fixed_rule;circle: Farb-Bracketing übersprungen (Farben gesperrt)
AC0836_L_element_validation.log;validation;stem;color_bracketing;fixed_rule;stem: Farb-Bracketing übersprungen (Farben gesperrt)
AC0836_L_element_validation.log;validation;text;color_bracketing;fixed_rule;text: Farb-Bracketing übersprungen (Farben gesperrt)
AC0836_M_element_validation.log;validation;circle;center_diagonal_update;failed;circle: Mittelpunkt/Diagonale-Update verworfen (Fehler 151.027->175.600)
AC0836_M_element_validation.log;validation;circle;width_bracketing;fixed_rule;circle: Breiten-Bracketing übersprungen (stroke_circle: current=1.000, Range=1.000..1.000)
AC0836_M_element_validation.log;validation;circle;radius_bracketing;success;"circle: Radius-Bracketing r 7.600->7.000 (best_err=10454.000); Kandidaten=7.000->10454.000, 7.500->11314.000, 9.500->14914.000"
AC0836_M_element_validation.log;validation;circle;joint_multistart;failed;circle: Joint-Multistart keine relevante Änderung (cx=10.000, cy=10.000, r=7.000, best_err=9609.000)
AC0836_M_element_validation.log;validation;stem;center_diagonal_update;failed;"stem: Mittelpunkt/Diagonale-Update verworfen (Fehler 102.517->107.089; Box-Check verworfen (w_ratio=0.333, h_ratio=0.850, area_ratio=0.283))"
AC0836_M_element_validation.log;validation;stem;geometry_sync;adjustable_step;stem: Geometrie nach Elementabgleich aktualisiert
AC0836_M_element_validation.log;validation;stem;width_bracketing;fixed_rule;stem: Breiten-Bracketing übersprungen (stem_width: current=2.000, Range=1.000..1.000)
AC0836_M_element_validation.log;validation;stem;length_bracketing;success;"stem: Längen-Bracketing stem_len 18.000->11.500; Kandidaten=11.500->67.783, 17.500->73.251, 18.000->73.251, 23.500->96.448, 29.000->120.248, 35.000->122.475"
AC0836_M_element_validation.log;validation;text;center_diagonal_update;failed;"text: Mittelpunkt/Diagonale-Update verworfen (Fehler 204.326->143.491; Box-Check verworfen (w_ratio=0.615, h_ratio=0.333, area_ratio=0.205))"
AC0836_M_element_validation.log;validation;text;width_bracketing;success;"text: Breiten-Bracketing voc_font_scale 0.520->1.570; Kandidaten=0.312->204.326, 0.442->204.326, 0.505->204.326, 0.520->204.326, 0.598->204.196, 0.698->206.554, 0.956->199.863, 1.214->198.372, 1.407->194.341, 1.600->191.027"
AC0836_M_element_validation.log;validation;circle;center_diagonal_update;failed;circle: Mittelpunkt/Diagonale-Update verworfen (Fehler 143.059->161.606)
AC0836_M_element_validation.log;validation;circle;width_bracketing;fixed_rule;circle: Breiten-Bracketing übersprungen (stroke_circle: current=1.000, Range=1.000..1.000)
AC0836_M_element_validation.log;validation;circle;radius_bracketing;failed;"circle: Radius-Bracketing keine relevante Änderung (r: 7.000, best_err=9609.000); Kandidaten=7.000->9609.000, 9.500->14441.000"
AC0836_M_element_validation.log;validation;circle;joint_multistart;failed;circle: Joint-Multistart keine relevante Änderung (cx=10.000, cy=10.000, r=7.000, best_err=9609.000)
AC0836_M_element_validation.log;validation;stem;center_diagonal_update;failed;"stem: Mittelpunkt/Diagonale-Update verworfen (Fehler 122.151->101.571; Box-Check verworfen (w_ratio=0.286, h_ratio=0.688, area_ratio=0.196))"
AC0836_M_element_validation.log;validation;stem;geometry_sync;adjustable_step;stem: Geometrie nach Elementabgleich aktualisiert
AC0836_M_element_validation.log;validation;stem;width_bracketing;fixed_rule;stem: Breiten-Bracketing übersprungen (stem_width: current=2.000, Range=1.000..1.000)
AC0836_M_element_validation.log;validation;stem;length_bracketing;success;"stem: Längen-Bracketing stem_len 11.500->16.500; Kandidaten=10.500->115.281, 11.500->122.151, 16.500->114.739, 22.500->125.657, 29.000->124.263, 35.000->139.758"
AC0836_M_element_validation.log;validation;text;center_diagonal_update;failed;"text: Mittelpunkt/Diagonale-Update verworfen (Fehler 188.668->172.468; Box-Check verworfen (w_ratio=1.000, h_ratio=0.467, area_ratio=0.467))"
AC0836_M_element_validation.log;validation;text;width_bracketing;failed;"text: Breiten-Bracketing keine relevante Änderung (voc_font_scale: 1.570); Kandidaten=0.450->204.326, 0.771->211.768, 1.092->199.562, 1.335->198.088, 1.520->191.335, 1.570->188.668, 1.805->202.437, 1.948->208.244, 2.269->219.644, 2.591->231.963"
AC0836_M_element_validation.log;validation;circle;center_diagonal_update;failed;circle: Mittelpunkt/Diagonale-Update verworfen (Fehler 143.059->161.606)
AC0836_M_element_validation.log;validation;circle;width_bracketing;fixed_rule;circle: Breiten-Bracketing übersprungen (stroke_circle: current=1.000, Range=1.000..1.000)
AC0836_M_element_validation.log;validation;circle;radius_bracketing;failed;"circle: Radius-Bracketing keine relevante Änderung (r: 7.000, best_err=9609.000); Kandidaten=7.000->9609.000, 9.500->14441.000"
AC0836_M_element_validation.log;validation;circle;joint_multistart;failed;circle: Joint-Multistart keine relevante Änderung (cx=10.000, cy=10.000, r=7.000, best_err=9609.000)
AC0836_M_element_validation.log;validation;stem;center_diagonal_update;failed;"stem: Mittelpunkt/Diagonale-Update verworfen (Fehler 88.526->75.036; Box-Check verworfen (w_ratio=0.286, h_ratio=0.800, area_ratio=0.229))"
AC0836_M_element_validation.log;validation;stem;geometry_sync;adjustable_step;stem: Geometrie nach Elementabgleich aktualisiert
AC0836_M_element_validation.log;validation;stem;width_bracketing;fixed_rule;stem: Breiten-Bracketing übersprungen (stem_width: current=2.000, Range=1.000..1.000)
AC0836_M_element_validation.log;validation;stem;length_bracketing;success;"stem: Längen-Bracketing stem_len 16.500->10.500; Kandidaten=10.500->72.472, 16.500->88.526, 17.000->82.427, 23.000->96.448, 29.000->122.036, 35.000->124.263"
AC0836_M_element_validation.log;validation;text;center_diagonal_update;failed;"text: Mittelpunkt/Diagonale-Update verworfen (Fehler 188.668->172.468; Box-Check verworfen (w_ratio=1.000, h_ratio=0.467, area_ratio=0.467))"
AC0836_M_element_validation.log;validation;text;width_bracketing;failed;"text: Breiten-Bracketing keine relevante Änderung (voc_font_scale: 1.570); Kandidaten=0.450->204.326, 0.771->211.768, 1.092->199.562, 1.335->198.088, 1.520->191.335, 1.570->188.668, 1.805->202.437, 1.948->208.244, 2.269->219.644, 2.591->231.963"
AC0836_M_element_validation.log;validation;circle;center_diagonal_update;failed;circle: Mittelpunkt/Diagonale-Update verworfen (Fehler 143.059->161.606)
AC0836_M_element_validation.log;validation;circle;width_bracketing;fixed_rule;circle: Breiten-Bracketing übersprungen (stroke_circle: current=1.000, Range=1.000..1.000)
AC0836_M_element_validation.log;validation;circle;radius_bracketing;failed;"circle: Radius-Bracketing keine relevante Änderung (r: 7.000, best_err=9609.000); Kandidaten=7.000->9609.000, 9.500->14441.000"
AC0836_M_element_validation.log;validation;circle;joint_multistart;failed;circle: Joint-Multistart keine relevante Änderung (cx=10.000, cy=10.000, r=7.000, best_err=9609.000)
AC0836_M_element_validation.log;validation;stem;center_diagonal_update;failed;"stem: Mittelpunkt/Diagonale-Update verworfen (Fehler 130.335->108.386; Box-Check verworfen (w_ratio=0.286, h_ratio=0.667, area_ratio=0.190))"
AC0836_M_element_validation.log;validation;stem;geometry_sync;adjustable_step;stem: Geometrie nach Elementabgleich aktualisiert
AC0836_M_element_validation.log;validation;stem;width_bracketing;fixed_rule;stem: Breiten-Bracketing übersprungen (stem_width: current=2.000, Range=1.000..1.000)
AC0836_M_element_validation.log;validation;stem;length_bracketing;success;"stem: Längen-Bracketing stem_len 10.500->16.500; Kandidaten=10.500->130.335, 16.500->122.528, 22.500->131.035, 29.000->124.263, 35.000->139.758"
AC0836_M_element_validation.log;validation;text;center_diagonal_update;failed;"text: Mittelpunkt/Diagonale-Update verworfen (Fehler 188.668->172.468; Box-Check verworfen (w_ratio=1.000, h_ratio=0.467, area_ratio=0.467))"
AC0836_M_element_validation.log;validation;text;width_bracketing;failed;"text: Breiten-Bracketing keine relevante Änderung (voc_font_scale: 1.570); Kandidaten=0.450->204.326, 0.771->211.768, 1.092->199.562, 1.335->198.088, 1.520->191.335, 1.570->188.668, 1.805->202.437, 1.948->208.244, 2.269->219.644, 2.591->231.963"
AC0836_M_element_validation.log;validation;circle;center_diagonal_update;failed;circle: Mittelpunkt/Diagonale-Update verworfen (Fehler 143.059->161.606)
AC0836_M_element_validation.log;validation;circle;width_bracketing;fixed_rule;circle: Breiten-Bracketing übersprungen (stroke_circle: current=1.000, Range=1.000..1.000)
AC0836_M_element_validation.log;validation;circle;radius_bracketing;failed;"circle: Radius-Bracketing keine relevante Änderung (r: 7.000, best_err=9609.000); Kandidaten=7.000->9609.000, 9.500->14441.000"
AC0836_M_element_validation.log;validation;circle;joint_multistart;failed;circle: Joint-Multistart keine relevante Änderung (cx=10.000, cy=10.000, r=7.000, best_err=9609.000)
AC0836_M_element_validation.log;validation;stem;center_diagonal_update;failed;"stem: Mittelpunkt/Diagonale-Update verworfen (Fehler 88.526->75.036; Box-Check verworfen (w_ratio=0.286, h_ratio=0.800, area_ratio=0.229))"
AC0836_M_element_validation.log;validation;stem;geometry_sync;adjustable_step;stem: Geometrie nach Elementabgleich aktualisiert
AC0836_M_element_validation.log;validation;stem;width_bracketing;fixed_rule;stem: Breiten-Bracketing übersprungen (stem_width: current=2.000, Range=1.000..1.000)
AC0836_M_element_validation.log;validation;stem;length_bracketing;success;"stem: Längen-Bracketing stem_len 16.500->10.500; Kandidaten=10.500->72.472, 16.500->88.526, 17.000->82.427, 23.000->96.448, 29.000->122.036, 35.000->124.263"
AC0836_M_element_validation.log;validation;text;center_diagonal_update;failed;"text: Mittelpunkt/Diagonale-Update verworfen (Fehler 188.668->172.468; Box-Check verworfen (w_ratio=1.000, h_ratio=0.467, area_ratio=0.467))"
AC0836_M_element_validation.log;validation;text;width_bracketing;failed;"text: Breiten-Bracketing keine relevante Änderung (voc_font_scale: 1.570); Kandidaten=0.450->204.326, 0.771->211.768, 1.092->199.562, 1.335->198.088, 1.520->191.335, 1.570->188.668, 1.805->202.437, 1.948->208.244, 2.269->219.644, 2.591->231.963"
AC0836_M_element_validation.log;validation;circle;center_diagonal_update;failed;circle: Mittelpunkt/Diagonale-Update verworfen (Fehler 143.059->161.606)
AC0836_M_element_validation.log;validation;circle;width_bracketing;fixed_rule;circle: Breiten-Bracketing übersprungen (stroke_circle: current=1.000, Range=1.000..1.000)
AC0836_M_element_validation.log;validation;circle;radius_bracketing;failed;"circle: Radius-Bracketing keine relevante Änderung (r: 7.000, best_err=9609.000); Kandidaten=7.000->9609.000, 9.500->14441.000"
AC0836_M_element_validation.log;validation;circle;joint_multistart;failed;circle: Joint-Multistart keine relevante Änderung (cx=10.000, cy=10.000, r=7.000, best_err=9609.000)
AC0836_M_element_validation.log;validation;stem;center_diagonal_update;failed;"stem: Mittelpunkt/Diagonale-Update verworfen (Fehler 130.335->108.386; Box-Check verworfen (w_ratio=0.286, h_ratio=0.667, area_ratio=0.190))"
AC0836_M_element_validation.log;validation;stem;geometry_sync;adjustable_step;stem: Geometrie nach Elementabgleich aktualisiert
AC0836_M_element_validation.log;validation;stem;width_bracketing;fixed_rule;stem: Breiten-Bracketing übersprungen (stem_width: current=2.000, Range=1.000..1.000)
AC0836_M_element_validation.log;validation;stem;length_bracketing;success;"stem: Längen-Bracketing stem_len 10.500->16.500; Kandidaten=10.500->130.335, 16.500->122.528, 22.500->131.035, 29.000->124.263, 35.000->139.758"
AC0836_M_element_validation.log;validation;text;center_diagonal_update;failed;"text: Mittelpunkt/Diagonale-Update verworfen (Fehler 188.668->172.468; Box-Check verworfen (w_ratio=1.000, h_ratio=0.467, area_ratio=0.467))"
AC0836_M_element_validation.log;validation;text;width_bracketing;failed;"text: Breiten-Bracketing keine relevante Änderung (voc_font_scale: 1.570); Kandidaten=0.450->204.326, 0.771->211.768, 1.092->199.562, 1.335->198.088, 1.520->191.335, 1.570->188.668, 1.805->202.437, 1.948->208.244, 2.269->219.644, 2.591->231.963"
AC0836_M_element_validation.log;validation;circle;center_diagonal_update;failed;circle: Mittelpunkt/Diagonale-Update verworfen (Fehler 143.059->161.606)
AC0836_M_element_validation.log;validation;circle;width_bracketing;fixed_rule;circle: Breiten-Bracketing übersprungen (stroke_circle: current=1.000, Range=1.000..1.000)
AC0836_M_element_validation.log;validation;circle;radius_bracketing;failed;"circle: Radius-Bracketing keine relevante Änderung (r: 7.000, best_err=9609.000); Kandidaten=7.000->9609.000, 9.500->14441.000"
AC0836_M_element_validation.log;validation;circle;joint_multistart;failed;circle: Joint-Multistart keine relevante Änderung (cx=10.000, cy=10.000, r=7.000, best_err=9609.000)
AC0836_M_element_validation.log;validation;stem;center_diagonal_update;failed;"stem: Mittelpunkt/Diagonale-Update verworfen (Fehler 88.526->75.036; Box-Check verworfen (w_ratio=0.286, h_ratio=0.800, area_ratio=0.229))"
AC0836_M_element_validation.log;validation;stem;geometry_sync;adjustable_step;stem: Geometrie nach Elementabgleich aktualisiert
AC0836_M_element_validation.log;validation;stem;width_bracketing;fixed_rule;stem: Breiten-Bracketing übersprungen (stem_width: current=2.000, Range=1.000..1.000)
AC0836_M_element_validation.log;validation;stem;length_bracketing;success;"stem: Längen-Bracketing stem_len 16.500->10.500; Kandidaten=10.500->72.472, 16.500->88.526, 17.000->82.427, 23.000->96.448, 29.000->122.036, 35.000->124.263"
AC0836_M_element_validation.log;validation;text;center_diagonal_update;failed;"text: Mittelpunkt/Diagonale-Update verworfen (Fehler 188.668->172.468; Box-Check verworfen (w_ratio=1.000, h_ratio=0.467, area_ratio=0.467))"
AC0836_M_element_validation.log;validation;text;width_bracketing;failed;"text: Breiten-Bracketing keine relevante Änderung (voc_font_scale: 1.570); Kandidaten=0.450->204.326, 0.771->211.768, 1.092->199.562, 1.335->198.088, 1.520->191.335, 1.570->188.668, 1.805->202.437, 1.948->208.244, 2.269->219.644, 2.591->231.963"
AC0836_M_element_validation.log;validation;circle;center_diagonal_update;failed;circle: Mittelpunkt/Diagonale-Update verworfen (Fehler 143.059->161.606)
AC0836_M_element_validation.log;validation;circle;width_bracketing;fixed_rule;circle: Breiten-Bracketing übersprungen (stroke_circle: current=1.000, Range=1.000..1.000)
AC0836_M_element_validation.log;validation;circle;radius_bracketing;failed;"circle: Radius-Bracketing keine relevante Änderung (r: 7.000, best_err=9609.000); Kandidaten=7.000->9609.000, 9.500->14441.000"
AC0836_M_element_validation.log;validation;circle;joint_multistart;failed;circle: Joint-Multistart keine relevante Änderung (cx=10.000, cy=10.000, r=7.000, best_err=9609.000)
AC0836_M_element_validation.log;validation;stem;center_diagonal_update;failed;"stem: Mittelpunkt/Diagonale-Update verworfen (Fehler 130.335->108.386; Box-Check verworfen (w_ratio=0.286, h_ratio=0.667, area_ratio=0.190))"
AC0836_M_element_validation.log;validation;stem;geometry_sync;adjustable_step;stem: Geometrie nach Elementabgleich aktualisiert
AC0836_M_element_validation.log;validation;stem;width_bracketing;fixed_rule;stem: Breiten-Bracketing übersprungen (stem_width: current=2.000, Range=1.000..1.000)
AC0836_M_element_validation.log;validation;stem;length_bracketing;success;"stem: Längen-Bracketing stem_len 10.500->16.500; Kandidaten=10.500->130.335, 16.500->122.528, 22.500->131.035, 29.000->124.263, 35.000->139.758"
AC0836_M_element_validation.log;validation;text;center_diagonal_update;failed;"text: Mittelpunkt/Diagonale-Update verworfen (Fehler 188.668->172.468; Box-Check verworfen (w_ratio=1.000, h_ratio=0.467, area_ratio=0.467))"
AC0836_M_element_validation.log;validation;text;width_bracketing;failed;"text: Breiten-Bracketing keine relevante Änderung (voc_font_scale: 1.570); Kandidaten=0.450->204.326, 0.771->211.768, 1.092->199.562, 1.335->198.088, 1.520->191.335, 1.570->188.668, 1.805->202.437, 1.948->208.244, 2.269->219.644, 2.591->231.963"
AC0836_M_element_validation.log;validation;circle;center_diagonal_update;failed;circle: Mittelpunkt/Diagonale-Update verworfen (Fehler 143.059->161.606)
AC0836_M_element_validation.log;validation;circle;width_bracketing;fixed_rule;circle: Breiten-Bracketing übersprungen (stroke_circle: current=1.000, Range=1.000..1.000)
AC0836_M_element_validation.log;validation;circle;radius_bracketing;failed;"circle: Radius-Bracketing keine relevante Änderung (r: 7.000, best_err=9609.000); Kandidaten=7.000->9609.000, 9.500->14441.000"
AC0836_M_element_validation.log;validation;circle;joint_multistart;failed;circle: Joint-Multistart keine relevante Änderung (cx=10.000, cy=10.000, r=7.000, best_err=9609.000)
AC0836_M_element_validation.log;validation;stem;center_diagonal_update;failed;"stem: Mittelpunkt/Diagonale-Update verworfen (Fehler 88.526->75.036; Box-Check verworfen (w_ratio=0.286, h_ratio=0.800, area_ratio=0.229))"
AC0836_M_element_validation.log;validation;stem;geometry_sync;adjustable_step;stem: Geometrie nach Elementabgleich aktualisiert
AC0836_M_element_validation.log;validation;stem;width_bracketing;fixed_rule;stem: Breiten-Bracketing übersprungen (stem_width: current=2.000, Range=1.000..1.000)
AC0836_M_element_validation.log;validation;stem;length_bracketing;success;"stem: Längen-Bracketing stem_len 16.500->10.500; Kandidaten=10.500->72.472, 16.500->88.526, 17.000->82.427, 23.000->96.448, 29.000->122.036, 35.000->124.263"
AC0836_M_element_validation.log;validation;text;center_diagonal_update;failed;"text: Mittelpunkt/Diagonale-Update verworfen (Fehler 188.668->172.468; Box-Check verworfen (w_ratio=1.000, h_ratio=0.467, area_ratio=0.467))"
AC0836_M_element_validation.log;validation;text;width_bracketing;failed;"text: Breiten-Bracketing keine relevante Änderung (voc_font_scale: 1.570); Kandidaten=0.450->204.326, 0.771->211.768, 1.092->199.562, 1.335->198.088, 1.520->191.335, 1.570->188.668, 1.805->202.437, 1.948->208.244, 2.269->219.644, 2.591->231.963"
AC0836_M_element_validation.log;validation;circle;center_diagonal_update;failed;circle: Mittelpunkt/Diagonale-Update verworfen (Fehler 143.059->161.606)
AC0836_M_element_validation.log;validation;circle;width_bracketing;fixed_rule;circle: Breiten-Bracketing übersprungen (stroke_circle: current=1.000, Range=1.000..1.000)
AC0836_M_element_validation.log;validation;circle;radius_bracketing;failed;"circle: Radius-Bracketing keine relevante Änderung (r: 7.000, best_err=9609.000); Kandidaten=7.000->9609.000, 9.500->14441.000"
AC0836_M_element_validation.log;validation;circle;joint_multistart;failed;circle: Joint-Multistart keine relevante Änderung (cx=10.000, cy=10.000, r=7.000, best_err=9609.000)
AC0836_M_element_validation.log;validation;stem;center_diagonal_update;failed;"stem: Mittelpunkt/Diagonale-Update verworfen (Fehler 130.335->108.386; Box-Check verworfen (w_ratio=0.286, h_ratio=0.667, area_ratio=0.190))"
AC0836_M_element_validation.log;validation;stem;geometry_sync;adjustable_step;stem: Geometrie nach Elementabgleich aktualisiert
AC0836_M_element_validation.log;validation;stem;width_bracketing;fixed_rule;stem: Breiten-Bracketing übersprungen (stem_width: current=2.000, Range=1.000..1.000)
AC0836_M_element_validation.log;validation;stem;length_bracketing;success;"stem: Längen-Bracketing stem_len 10.500->16.500; Kandidaten=10.500->130.335, 16.500->122.528, 22.500->131.035, 29.000->124.263, 35.000->139.758"
AC0836_M_element_validation.log;validation;text;center_diagonal_update;failed;"text: Mittelpunkt/Diagonale-Update verworfen (Fehler 188.668->172.468; Box-Check verworfen (w_ratio=1.000, h_ratio=0.467, area_ratio=0.467))"
AC0836_M_element_validation.log;validation;text;width_bracketing;failed;"text: Breiten-Bracketing keine relevante Änderung (voc_font_scale: 1.570); Kandidaten=0.450->204.326, 0.771->211.768, 1.092->199.562, 1.335->198.088, 1.520->191.335, 1.570->188.668, 1.805->202.437, 1.948->208.244, 2.269->219.644, 2.591->231.963"
AC0836_M_element_validation.log;validation;circle;color_bracketing;fixed_rule;circle: Farb-Bracketing übersprungen (Farben gesperrt)
AC0836_M_element_validation.log;validation;stem;color_bracketing;fixed_rule;stem: Farb-Bracketing übersprungen (Farben gesperrt)
AC0836_M_element_validation.log;validation;text;color_bracketing;fixed_rule;text: Farb-Bracketing übersprungen (Farben gesperrt)
AC0836_S_element_validation.log;validation;circle;center_diagonal_update;adjustable_step;circle: Parameter nach Mittelpunkt/Diagonale angepasst
AC0836_S_element_validation.log;validation;circle;width_bracketing;fixed_rule;circle: Breiten-Bracketing übersprungen (stroke_circle: current=1.000, Range=1.000..1.000)
AC0836_S_element_validation.log;validation;circle;radius_bracketing;success;"circle: Radius-Bracketing r 6.726->6.500 (best_err=6842.000); Kandidaten=6.000->8802.000, 6.500->6842.000, 7.000->7122.000"
AC0836_S_element_validation.log;validation;circle;joint_multistart;failed;circle: Joint-Multistart keine relevante Änderung (cx=7.500, cy=7.500, r=6.500, best_err=6715.000)
AC0836_S_element_validation.log;validation;stem;geometry_sync;adjustable_step;stem: Geometrie nach Elementabgleich aktualisiert
AC0836_S_element_validation.log;validation;stem;width_bracketing;fixed_rule;stem: Breiten-Bracketing übersprungen (stem_width: current=1.000, Range=1.000..1.000)
AC0836_S_element_validation.log;validation;stem;length_bracketing;failed;"stem: Längen-Bracketing keine relevante Änderung (stem_len: 11.000); Kandidaten=7.500->91.000, 11.000->53.235, 12.000->58.647, 16.500->93.321, 20.500->109.564, 25.000->129.355"
AC0836_S_element_validation.log;validation;text;center_diagonal_update;failed;"text: Mittelpunkt/Diagonale-Update verworfen (Fehler 161.743->128.199; Box-Check verworfen (w_ratio=0.750, h_ratio=0.375, area_ratio=0.281))"
AC0836_S_element_validation.log;validation;text;width_bracketing;success;"text: Breiten-Bracketing voc_font_scale 0.520->0.956; Kandidaten=0.312->161.743, 0.442->161.743, 0.505->161.743, 0.520->161.743, 0.598->161.743, 0.698->166.113, 0.956->161.519, 1.214->170.699, 1.407->168.678, 1.600->165.620"
AC0836_S_element_validation.log;validation;circle;width_bracketing;fixed_rule;circle: Breiten-Bracketing übersprungen (stroke_circle: current=1.000, Range=1.000..1.000)
AC0836_S_element_validation.log;validation;circle;radius_bracketing;failed;"circle: Radius-Bracketing keine relevante Änderung (r: 6.509, best_err=6715.000); Kandidaten=6.000->8675.000, 6.500->6715.000, 7.000->6995.000"
AC0836_S_element_validation.log;validation;circle;joint_multistart;failed;circle: Joint-Multistart keine relevante Änderung (cx=7.500, cy=7.500, r=6.509, best_err=6715.000)
AC0836_S_element_validation.log;validation;stem;geometry_sync;adjustable_step;stem: Geometrie nach Elementabgleich aktualisiert
AC0836_S_element_validation.log;validation;stem;width_bracketing;fixed_rule;stem: Breiten-Bracketing übersprungen (stem_width: current=1.000, Range=1.000..1.000)
AC0836_S_element_validation.log;validation;stem;length_bracketing;failed;"stem: Längen-Bracketing keine relevante Änderung (stem_len: 11.000); Kandidaten=7.500->91.000, 11.000->53.235, 12.000->58.647, 16.500->93.321, 20.500->109.564, 25.000->129.355"
AC0836_S_element_validation.log;validation;text;center_diagonal_update;failed;"text: Mittelpunkt/Diagonale-Update verworfen (Fehler 161.519->127.939; Box-Check verworfen (w_ratio=0.867, h_ratio=0.500, area_ratio=0.433))"
AC0836_S_element_validation.log;validation;text;width_bracketing;failed;"text: Breiten-Bracketing keine relevante Änderung (voc_font_scale: 0.956); Kandidaten=0.450->161.743, 0.657->164.046, 0.813->168.373, 0.865->167.624, 0.956->161.519, 1.099->162.711, 1.141->161.561, 1.417->168.326, 1.625->164.453, 1.832->169.116"
AC0836_S_element_validation.log;validation;circle;width_bracketing;fixed_rule;circle: Breiten-Bracketing übersprungen (stroke_circle: current=1.000, Range=1.000..1.000)
AC0836_S_element_validation.log;validation;circle;radius_bracketing;failed;"circle: Radius-Bracketing keine relevante Änderung (r: 6.518, best_err=6842.000); Kandidaten=6.000->8802.000, 6.500->6842.000, 7.000->7122.000"
AC0836_S_element_validation.log;validation;circle;joint_multistart;failed;circle: Joint-Multistart keine relevante Änderung (cx=7.500, cy=7.500, r=6.518, best_err=6842.000)
AC0836_S_element_validation.log;validation;stem;geometry_sync;adjustable_step;stem: Geometrie nach Elementabgleich aktualisiert
AC0836_S_element_validation.log;validation;stem;width_bracketing;fixed_rule;stem: Breiten-Bracketing übersprungen (stem_width: current=1.000, Range=1.000..1.000)
AC0836_S_element_validation.log;validation;stem;length_bracketing;failed;"stem: Längen-Bracketing keine relevante Änderung (stem_len: 11.000); Kandidaten=7.500->91.000, 11.000->53.235, 12.000->58.647, 16.500->93.321, 20.500->109.564, 25.000->129.355"
AC0836_S_element_validation.log;validation;text;center_diagonal_update;failed;"text: Mittelpunkt/Diagonale-Update verworfen (Fehler 161.519->127.939; Box-Check verworfen (w_ratio=0.867, h_ratio=0.500, area_ratio=0.433))"
AC0836_S_element_validation.log;validation;text;width_bracketing;failed;"text: Breiten-Bracketing keine relevante Änderung (voc_font_scale: 0.956); Kandidaten=0.450->161.743, 0.657->164.046, 0.813->168.373, 0.864->167.624, 0.956->161.519, 1.099->162.711, 1.140->161.561, 1.415->168.529, 1.622->164.396, 1.829->168.187"
AC0836_S_element_validation.log;validation;circle;width_bracketing;fixed_rule;circle: Breiten-Bracketing übersprungen (stroke_circle: current=1.000, Range=1.000..1.000)
AC0836_S_element_validation.log;validation;circle;radius_bracketing;success;"circle: Radius-Bracketing r 6.527->6.500 (best_err=6842.000); Kandidaten=6.000->8802.000, 6.500->6842.000, 7.000->7122.000"
AC0836_S_element_validation.log;validation;circle;joint_multistart;failed;circle: Joint-Multistart keine relevante Änderung (cx=7.500, cy=7.500, r=6.500, best_err=6715.000)
AC0836_S_element_validation.log;validation;stem;geometry_sync;adjustable_step;stem: Geometrie nach Elementabgleich aktualisiert
AC0836_S_element_validation.log;validation;stem;width_bracketing;fixed_rule;stem: Breiten-Bracketing übersprungen (stem_width: current=1.000, Range=1.000..1.000)
AC0836_S_element_validation.log;validation;stem;length_bracketing;failed;"stem: Längen-Bracketing keine relevante Änderung (stem_len: 11.000); Kandidaten=7.500->91.000, 11.000->53.235, 12.000->58.647, 16.500->93.321, 20.500->109.564, 25.000->129.355"
AC0836_S_element_validation.log;validation;text;center_diagonal_update;failed;"text: Mittelpunkt/Diagonale-Update verworfen (Fehler 161.519->127.939; Box-Check verworfen (w_ratio=0.867, h_ratio=0.500, area_ratio=0.433))"
AC0836_S_element_validation.log;validation;text;width_bracketing;success;"text: Breiten-Bracketing voc_font_scale 0.956->1.142; Kandidaten=0.450->161.743, 0.658->164.046, 0.813->168.373, 0.865->167.624, 0.956->161.519, 1.099->162.711, 1.142->160.482, 1.419->167.813, 1.627->164.453, 1.834->169.116"
AC0836_S_element_validation.log;validation;circle;width_bracketing;fixed_rule;circle: Breiten-Bracketing übersprungen (stroke_circle: current=1.000, Range=1.000..1.000)
AC0836_S_element_validation.log;validation;circle;radius_bracketing;failed;"circle: Radius-Bracketing keine relevante Änderung (r: 6.509, best_err=6715.000); Kandidaten=6.000->8675.000, 6.500->6715.000, 7.000->6995.000"
AC0836_S_element_validation.log;validation;circle;joint_multistart;failed;circle: Joint-Multistart keine relevante Änderung (cx=7.500, cy=7.500, r=6.509, best_err=6715.000)
AC0836_S_element_validation.log;validation;stem;geometry_sync;adjustable_step;stem: Geometrie nach Elementabgleich aktualisiert
AC0836_S_element_validation.log;validation;stem;width_bracketing;fixed_rule;stem: Breiten-Bracketing übersprungen (stem_width: current=1.000, Range=1.000..1.000)
AC0836_S_element_validation.log;validation;stem;length_bracketing;failed;"stem: Längen-Bracketing keine relevante Änderung (stem_len: 11.000); Kandidaten=7.500->91.000, 11.000->53.235, 12.000->58.647, 16.500->93.321, 20.500->109.564, 25.000->129.355"
AC0836_S_element_validation.log;validation;text;center_diagonal_update;adjustable_step;text: Parameter nach Mittelpunkt/Diagonale angepasst
AC0836_S_element_validation.log;validation;text;width_bracketing;success;"text: Breiten-Bracketing voc_font_scale 1.142->0.880; Kandidaten=0.450->126.702, 0.665->123.632, 0.880->115.753, 0.971->128.498, 1.142->148.390, 1.167->147.039, 1.313->152.639, 1.454->142.955, 1.669->153.167, 1.884->160.299"
AC0836_S_element_validation.log;validation;circle;width_bracketing;fixed_rule;circle: Breiten-Bracketing übersprungen (stroke_circle: current=1.000, Range=1.000..1.000)
AC0836_S_element_validation.log;validation;circle;radius_bracketing;failed;"circle: Radius-Bracketing keine relevante Änderung (r: 6.518, best_err=6842.000); Kandidaten=6.000->8802.000, 6.500->6842.000, 7.000->7122.000"
AC0836_S_element_validation.log;validation;circle;joint_multistart;failed;circle: Joint-Multistart keine relevante Änderung (cx=7.500, cy=7.500, r=6.518, best_err=6842.000)
AC0836_S_element_validation.log;validation;stem;geometry_sync;adjustable_step;stem: Geometrie nach Elementabgleich aktualisiert
AC0836_S_element_validation.log;validation;stem;width_bracketing;fixed_rule;stem: Breiten-Bracketing übersprungen (stem_width: current=1.000, Range=1.000..1.000)
AC0836_S_element_validation.log;validation;stem;length_bracketing;failed;"stem: Längen-Bracketing keine relevante Änderung (stem_len: 11.000); Kandidaten=7.500->91.000, 11.000->53.235, 12.000->58.647, 16.500->93.321, 20.500->109.564, 25.000->129.355"
AC0836_S_element_validation.log;validation;text;center_diagonal_update;adjustable_step;text: Parameter nach Mittelpunkt/Diagonale angepasst
AC0836_S_element_validation.log;validation;text;width_bracketing;failed;"text: Breiten-Bracketing keine relevante Änderung (voc_font_scale: 0.880); Kandidaten=0.450->123.254, 0.657->122.693, 0.748->106.178, 0.864->88.343, 0.880->92.653, 1.012->107.433, 1.140->112.756, 1.415->128.181, 1.622->133.673, 1.829->138.732"
AC0836_S_element_validation.log;validation;circle;width_bracketing;fixed_rule;circle: Breiten-Bracketing übersprungen (stroke_circle: current=1.000, Range=1.000..1.000)
AC0836_S_element_validation.log;validation;circle;radius_bracketing;success;"circle: Radius-Bracketing r 6.527->6.500 (best_err=6842.000); Kandidaten=6.000->8802.000, 6.500->6842.000, 7.000->7122.000"
AC0836_S_element_validation.log;validation;circle;joint_multistart;failed;circle: Joint-Multistart keine relevante Änderung (cx=7.500, cy=7.500, r=6.500, best_err=6715.000)
AC0836_S_element_validation.log;validation;stem;geometry_sync;adjustable_step;stem: Geometrie nach Elementabgleich aktualisiert
AC0836_S_element_validation.log;validation;stem;width_bracketing;fixed_rule;stem: Breiten-Bracketing übersprungen (stem_width: current=1.000, Range=1.000..1.000)
AC0836_S_element_validation.log;validation;stem;length_bracketing;failed;"stem: Längen-Bracketing keine relevante Änderung (stem_len: 11.000); Kandidaten=7.500->91.000, 11.000->53.235, 12.000->58.647, 16.500->93.321, 20.500->109.564, 25.000->129.355"
AC0836_S_element_validation.log;validation;text;width_bracketing;failed;"text: Breiten-Bracketing keine relevante Änderung (voc_font_scale: 0.880); Kandidaten=0.450->123.254, 0.658->122.693, 0.748->106.178, 0.865->88.343, 0.880->91.380, 1.012->107.433, 1.142->113.397, 1.419->127.941, 1.627->133.558, 1.834->137.735"
AC0836_S_element_validation.log;validation;circle;width_bracketing;fixed_rule;circle: Breiten-Bracketing übersprungen (stroke_circle: current=1.000, Range=1.000..1.000)
AC0836_S_element_validation.log;validation;circle;radius_bracketing;failed;"circle: Radius-Bracketing keine relevante Änderung (r: 6.509, best_err=6715.000); Kandidaten=6.000->8675.000, 6.500->6715.000, 7.000->6995.000"
AC0836_S_element_validation.log;validation;circle;joint_multistart;failed;circle: Joint-Multistart keine relevante Änderung (cx=7.500, cy=7.500, r=6.509, best_err=6715.000)
AC0836_S_element_validation.log;validation;stem;geometry_sync;adjustable_step;stem: Geometrie nach Elementabgleich aktualisiert
AC0836_S_element_validation.log;validation;stem;width_bracketing;fixed_rule;stem: Breiten-Bracketing übersprungen (stem_width: current=1.000, Range=1.000..1.000)
AC0836_S_element_validation.log;validation;stem;length_bracketing;failed;"stem: Längen-Bracketing keine relevante Änderung (stem_len: 11.000); Kandidaten=7.500->91.000, 11.000->53.235, 12.000->58.647, 16.500->93.321, 20.500->109.564, 25.000->129.355"
AC0836_S_element_validation.log;validation;text;width_bracketing;failed;"text: Breiten-Bracketing keine relevante Änderung (voc_font_scale: 0.880); Kandidaten=0.450->123.254, 0.657->122.693, 0.748->106.178, 0.865->88.343, 0.880->92.653, 1.012->107.433, 1.141->112.756, 1.417->127.981, 1.625->133.558, 1.832->137.735"
AC0836_S_element_validation.log;validation;circle;width_bracketing;fixed_rule;circle: Breiten-Bracketing übersprungen (stroke_circle: current=1.000, Range=1.000..1.000)
AC0836_S_element_validation.log;validation;circle;radius_bracketing;failed;"circle: Radius-Bracketing keine relevante Änderung (r: 6.518, best_err=6842.000); Kandidaten=6.000->8802.000, 6.500->6842.000, 7.000->7122.000"
AC0836_S_element_validation.log;validation;circle;joint_multistart;failed;circle: Joint-Multistart keine relevante Änderung (cx=7.500, cy=7.500, r=6.518, best_err=6842.000)
AC0836_S_element_validation.log;validation;stem;geometry_sync;adjustable_step;stem: Geometrie nach Elementabgleich aktualisiert
AC0836_S_element_validation.log;validation;stem;width_bracketing;fixed_rule;stem: Breiten-Bracketing übersprungen (stem_width: current=1.000, Range=1.000..1.000)
AC0836_S_element_validation.log;validation;stem;length_bracketing;failed;"stem: Längen-Bracketing keine relevante Änderung (stem_len: 11.000); Kandidaten=7.500->91.000, 11.000->53.235, 12.000->58.647, 16.500->93.321, 20.500->109.564, 25.000->129.355"
AC0836_S_element_validation.log;validation;text;width_bracketing;failed;"text: Breiten-Bracketing keine relevante Änderung (voc_font_scale: 0.880); Kandidaten=0.450->123.254, 0.657->122.693, 0.748->106.178, 0.864->88.343, 0.880->92.653, 1.012->107.433, 1.140->112.756, 1.415->128.181, 1.622->133.673, 1.829->138.732"
AC0836_S_element_validation.log;validation;circle;width_bracketing;fixed_rule;circle: Breiten-Bracketing übersprungen (stroke_circle: current=1.000, Range=1.000..1.000)
AC0836_S_element_validation.log;validation;circle;radius_bracketing;success;"circle: Radius-Bracketing r 6.527->6.500 (best_err=6842.000); Kandidaten=6.000->8802.000, 6.500->6842.000, 7.000->7122.000"
AC0836_S_element_validation.log;validation;circle;joint_multistart;failed;circle: Joint-Multistart keine relevante Änderung (cx=7.500, cy=7.500, r=6.500, best_err=6715.000)
AC0836_S_element_validation.log;validation;stem;geometry_sync;adjustable_step;stem: Geometrie nach Elementabgleich aktualisiert
AC0836_S_element_validation.log;validation;stem;width_bracketing;fixed_rule;stem: Breiten-Bracketing übersprungen (stem_width: current=1.000, Range=1.000..1.000)
AC0836_S_element_validation.log;validation;stem;length_bracketing;failed;"stem: Längen-Bracketing keine relevante Änderung (stem_len: 11.000); Kandidaten=7.500->91.000, 11.000->53.235, 12.000->58.647, 16.500->93.321, 20.500->109.564, 25.000->129.355"
AC0836_S_element_validation.log;validation;text;width_bracketing;failed;"text: Breiten-Bracketing keine relevante Änderung (voc_font_scale: 0.880); Kandidaten=0.450->123.254, 0.658->122.693, 0.748->106.178, 0.865->88.343, 0.880->91.380, 1.012->107.433, 1.142->113.397, 1.419->127.941, 1.627->133.558, 1.834->137.735"
AC0836_S_element_validation.log;validation;circle;color_bracketing;fixed_rule;circle: Farb-Bracketing übersprungen (Farben gesperrt)
AC0836_S_element_validation.log;validation;stem;color_bracketing;fixed_rule;stem: Farb-Bracketing übersprungen (Farben gesperrt)
AC0836_S_element_validation.log;validation;text;color_bracketing;fixed_rule;text: Farb-Bracketing übersprungen (Farben gesperrt)
AC0837_L_element_validation.log;validation;circle;center_diagonal_update;adjustable_step;circle: Parameter nach Mittelpunkt/Diagonale angepasst
AC0837_L_element_validation.log;validation;circle;width_bracketing;fixed_rule;circle: Breiten-Bracketing übersprungen (stroke_circle: current=1.000, Range=1.000..1.000)
AC0837_L_element_validation.log;validation;circle;radius_bracketing;success;"circle: Radius-Bracketing r 9.499->9.000 (best_err=17167.000); Kandidaten=9.000->17167.000, 9.500->17545.000, 12.000->20368.000"
AC0837_L_element_validation.log;validation;circle;joint_multistart;failed;circle: Joint-Multistart keine relevante Änderung (cx=32.500, cy=12.500, r=9.000, best_err=16784.000)
AC0837_L_element_validation.log;validation;arm;width_bracketing;fixed_rule;arm: Breiten-Bracketing übersprungen (arm_stroke: current=1.000, Range=1.000..1.000)
AC0837_L_element_validation.log;validation;arm;length_bracketing;failed;"arm: Längen-Bracketing keine relevante Änderung (arm_len: 23.500); Kandidaten=17.500->135.715, 23.500->125.621, 24.500->125.621, 31.500->125.621, 38.000->125.621, 45.000->125.621"
AC0837_L_element_validation.log;validation;text;center_diagonal_update;failed;"text: Mittelpunkt/Diagonale-Update verworfen (Fehler 164.334->164.451; Box-Check verworfen (w_ratio=0.600, h_ratio=0.400, area_ratio=0.240))"
AC0837_L_element_validation.log;validation;text;width_bracketing;success;"text: Breiten-Bracketing voc_font_scale 0.520->0.598; Kandidaten=0.312->163.831, 0.442->163.831, 0.505->165.015, 0.520->164.334, 0.598->161.034, 0.698->166.066, 0.956->163.919, 1.214->181.519, 1.407->186.753, 1.600->197.537"
AC0837_L_element_validation.log;validation;circle;center_diagonal_update;failed;circle: Mittelpunkt/Diagonale-Update verworfen (Fehler 187.470->192.129)
AC0837_L_element_validation.log;validation;circle;width_bracketing;fixed_rule;circle: Breiten-Bracketing übersprungen (stroke_circle: current=1.000, Range=1.000..1.000)
AC0837_L_element_validation.log;validation;circle;radius_bracketing;failed;"circle: Radius-Bracketing keine relevante Änderung (r: 9.000, best_err=16784.000); Kandidaten=9.000->16784.000, 12.000->20368.000"
AC0837_L_element_validation.log;validation;circle;joint_multistart;failed;circle: Joint-Multistart keine relevante Änderung (cx=32.500, cy=12.500, r=9.000, best_err=16784.000)
AC0837_L_element_validation.log;validation;arm;width_bracketing;fixed_rule;arm: Breiten-Bracketing übersprungen (arm_stroke: current=1.000, Range=1.000..1.000)
AC0837_L_element_validation.log;validation;arm;length_bracketing;failed;"arm: Längen-Bracketing keine relevante Änderung (arm_len: 23.500); Kandidaten=17.500->135.715, 23.500->125.621, 24.500->125.621, 31.500->125.621, 38.000->125.621, 45.000->125.621"
AC0837_L_element_validation.log;validation;text;center_diagonal_update;failed;"text: Mittelpunkt/Diagonale-Update verworfen (Fehler 161.034->160.252; Box-Check verworfen (w_ratio=0.733, h_ratio=0.364, area_ratio=0.267))"
AC0837_L_element_validation.log;validation;text;width_bracketing;success;"text: Breiten-Bracketing voc_font_scale 0.598->0.731; Kandidaten=0.359->163.831, 0.508->163.828, 0.545->164.702, 0.598->161.034, 0.688->165.808, 0.731->159.721, 0.979->166.807, 1.228->182.241, 1.414->186.299, 1.600->197.537"
AC0837_L_element_validation.log;validation;circle;center_diagonal_update;failed;circle: Mittelpunkt/Diagonale-Update verworfen (Fehler 187.470->192.129)
AC0837_L_element_validation.log;validation;circle;width_bracketing;fixed_rule;circle: Breiten-Bracketing übersprungen (stroke_circle: current=1.000, Range=1.000..1.000)
AC0837_L_element_validation.log;validation;circle;radius_bracketing;failed;"circle: Radius-Bracketing keine relevante Änderung (r: 9.000, best_err=16784.000); Kandidaten=9.000->16784.000, 12.000->20368.000"
AC0837_L_element_validation.log;validation;circle;joint_multistart;failed;circle: Joint-Multistart keine relevante Änderung (cx=32.500, cy=12.500, r=9.000, best_err=16784.000)
AC0837_L_element_validation.log;validation;arm;width_bracketing;fixed_rule;arm: Breiten-Bracketing übersprungen (arm_stroke: current=1.000, Range=1.000..1.000)
AC0837_L_element_validation.log;validation;arm;length_bracketing;failed;"arm: Längen-Bracketing keine relevante Änderung (arm_len: 23.500); Kandidaten=17.500->135.715, 23.500->125.621, 24.500->125.621, 31.500->125.621, 38.000->125.621, 45.000->125.621"
AC0837_L_element_validation.log;validation;text;center_diagonal_update;failed;"text: Mittelpunkt/Diagonale-Update verworfen (Fehler 159.721->150.487; Box-Check verworfen (w_ratio=0.938, h_ratio=0.500, area_ratio=0.469))"
AC0837_L_element_validation.log;validation;text;width_bracketing;success;"text: Breiten-Bracketing voc_font_scale 0.731->0.841; Kandidaten=0.439->163.831, 0.613->164.958, 0.621->163.625, 0.731->159.721, 0.787->156.408, 0.841->155.417, 1.019->165.562, 1.252->178.225, 1.426->189.062, 1.600->197.537"
AC0837_L_element_validation.log;validation;circle;center_diagonal_update;failed;circle: Mittelpunkt/Diagonale-Update verworfen (Fehler 187.470->192.129)
AC0837_L_element_validation.log;validation;circle;width_bracketing;fixed_rule;circle: Breiten-Bracketing übersprungen (stroke_circle: current=1.000, Range=1.000..1.000)
AC0837_L_element_validation.log;validation;circle;radius_bracketing;failed;"circle: Radius-Bracketing keine relevante Änderung (r: 9.000, best_err=16784.000); Kandidaten=9.000->16784.000, 12.000->20368.000"
AC0837_L_element_validation.log;validation;circle;joint_multistart;failed;circle: Joint-Multistart keine relevante Änderung (cx=32.500, cy=12.500, r=9.000, best_err=16784.000)
AC0837_L_element_validation.log;validation;arm;width_bracketing;fixed_rule;arm: Breiten-Bracketing übersprungen (arm_stroke: current=1.000, Range=1.000..1.000)
AC0837_L_element_validation.log;validation;arm;length_bracketing;failed;"arm: Längen-Bracketing keine relevante Änderung (arm_len: 23.500); Kandidaten=17.500->135.715, 23.500->125.621, 24.500->125.621, 31.500->125.621, 38.000->125.621, 45.000->125.621"
AC0837_L_element_validation.log;validation;text;center_diagonal_update;failed;"text: Mittelpunkt/Diagonale-Update verworfen (Fehler 155.417->140.726; Box-Check verworfen (w_ratio=0.941, h_ratio=0.462, area_ratio=0.434))"
AC0837_L_element_validation.log;validation;text;width_bracketing;failed;"text: Breiten-Bracketing keine relevante Änderung (voc_font_scale: 0.841); Kandidaten=0.450->165.143, 0.623->164.989, 0.715->162.080, 0.795->156.921, 0.841->155.417, 0.967->164.252, 1.025->165.895, 1.255->178.225, 1.427->189.062, 1.600->197.537"
AC0837_L_element_validation.log;validation;circle;color_bracketing;fixed_rule;circle: Farb-Bracketing übersprungen (Farben gesperrt)
AC0837_L_element_validation.log;validation;arm;color_bracketing;fixed_rule;arm: Farb-Bracketing übersprungen (Farben gesperrt)
AC0837_L_element_validation.log;validation;text;color_bracketing;fixed_rule;text: Farb-Bracketing übersprungen (Farben gesperrt)
AC0837_M_element_validation.log;validation;circle;center_diagonal_update;failed;circle: Mittelpunkt/Diagonale-Update verworfen (Fehler 170.170->172.529)
AC0837_M_element_validation.log;validation;circle;width_bracketing;fixed_rule;circle: Breiten-Bracketing übersprungen (stroke_circle: current=1.000, Range=1.000..1.000)
AC0837_M_element_validation.log;validation;circle;radius_bracketing;success;"circle: Radius-Bracketing r 7.400->7.000 (best_err=10786.000); Kandidaten=7.000->10786.000, 7.500->11628.000, 9.500->14065.000"
AC0837_M_element_validation.log;validation;circle;joint_multistart;failed;circle: Joint-Multistart keine relevante Änderung (cx=25.000, cy=10.000, r=7.000, best_err=10479.000)
AC0837_M_element_validation.log;validation;arm;center_diagonal_update;failed;"arm: Mittelpunkt/Diagonale-Update verworfen (Fehler 118.175->130.420; Box-Check verworfen (w_ratio=0.955, h_ratio=0.143, area_ratio=0.136))"
AC0837_M_element_validation.log;validation;arm;width_bracketing;fixed_rule;arm: Breiten-Bracketing übersprungen (arm_stroke: current=1.000, Range=1.000..1.000)
AC0837_M_element_validation.log;validation;arm;length_bracketing;failed;"arm: Längen-Bracketing keine relevante Änderung (arm_len: 18.000); Kandidaten=13.500->130.157, 18.000->118.175, 19.000->118.175, 24.000->118.175, 29.500->118.175, 35.000->118.175"
AC0837_M_element_validation.log;validation;text;center_diagonal_update;failed;"text: Mittelpunkt/Diagonale-Update verworfen (Fehler 154.952->166.604; Box-Check verworfen (w_ratio=0.615, h_ratio=0.444, area_ratio=0.274))"
AC0837_M_element_validation.log;validation;text;width_bracketing;success;"text: Breiten-Bracketing voc_font_scale 0.520->0.598; Kandidaten=0.312->154.952, 0.442->154.952, 0.505->154.952, 0.520->154.952, 0.598->154.396, 0.698->160.910, 0.956->160.321, 1.214->181.836, 1.407->174.278, 1.600->176.972"
AC0837_M_element_validation.log;validation;circle;center_diagonal_update;failed;circle: Mittelpunkt/Diagonale-Update verworfen (Fehler 162.480->171.764)
AC0837_M_element_validation.log;validation;circle;width_bracketing;fixed_rule;circle: Breiten-Bracketing übersprungen (stroke_circle: current=1.000, Range=1.000..1.000)
AC0837_M_element_validation.log;validation;circle;radius_bracketing;failed;"circle: Radius-Bracketing keine relevante Änderung (r: 7.000, best_err=10479.000); Kandidaten=7.000->10479.000, 9.500->14065.000"
AC0837_M_element_validation.log;validation;circle;joint_multistart;failed;circle: Joint-Multistart keine relevante Änderung (cx=25.000, cy=10.000, r=7.000, best_err=10479.000)
AC0837_M_element_validation.log;validation;arm;center_diagonal_update;failed;"arm: Mittelpunkt/Diagonale-Update verworfen (Fehler 118.175->130.420; Box-Check verworfen (w_ratio=0.955, h_ratio=0.143, area_ratio=0.136))"
AC0837_M_element_validation.log;validation;arm;width_bracketing;fixed_rule;arm: Breiten-Bracketing übersprungen (arm_stroke: current=1.000, Range=1.000..1.000)
AC0837_M_element_validation.log;validation;arm;length_bracketing;failed;"arm: Längen-Bracketing keine relevante Änderung (arm_len: 18.000); Kandidaten=13.500->130.157, 18.000->118.175, 19.000->118.175, 24.000->118.175, 29.500->118.175, 35.000->118.175"
AC0837_M_element_validation.log;validation;text;center_diagonal_update;failed;"text: Mittelpunkt/Diagonale-Update verworfen (Fehler 154.396->162.061; Box-Check verworfen (w_ratio=0.615, h_ratio=0.444, area_ratio=0.274))"
AC0837_M_element_validation.log;validation;text;width_bracketing;failed;"text: Breiten-Bracketing keine relevante Änderung (voc_font_scale: 0.598); Kandidaten=0.359->154.952, 0.508->154.952, 0.545->154.952, 0.598->154.396, 0.688->160.394, 0.731->161.491, 0.979->165.843, 1.228->181.254, 1.414->174.125, 1.600->176.972"
AC0837_M_element_validation.log;validation;circle;color_bracketing;fixed_rule;circle: Farb-Bracketing übersprungen (Farben gesperrt)
AC0837_M_element_validation.log;validation;arm;color_bracketing;fixed_rule;arm: Farb-Bracketing übersprungen (Farben gesperrt)
AC0837_M_element_validation.log;validation;text;color_bracketing;fixed_rule;text: Farb-Bracketing übersprungen (Farben gesperrt)
AC0837_S_element_validation.log;validation;circle;center_diagonal_update;adjustable_step;circle: Parameter nach Mittelpunkt/Diagonale angepasst
AC0837_S_element_validation.log;validation;circle;width_bracketing;fixed_rule;circle: Breiten-Bracketing übersprungen (stroke_circle: current=1.000, Range=1.000..1.000)
AC0837_S_element_validation.log;validation;circle;radius_bracketing;success;"circle: Radius-Bracketing r 6.718->6.500 (best_err=6430.000); Kandidaten=6.000->8465.000, 6.500->6430.000, 7.000->6704.000"
AC0837_S_element_validation.log;validation;circle;joint_multistart;failed;circle: Joint-Multistart keine relevante Änderung (cx=17.500, cy=7.500, r=6.500, best_err=6302.000)
AC0837_S_element_validation.log;validation;arm;width_bracketing;fixed_rule;arm: Breiten-Bracketing übersprungen (arm_stroke: current=1.000, Range=1.000..1.000)
AC0837_S_element_validation.log;validation;arm;length_bracketing;failed;"arm: Längen-Bracketing keine relevante Änderung (arm_len: 11.000); Kandidaten=8.000->119.400, 11.000->102.233, 12.500->102.233, 16.500->102.233, 21.000->102.233, 25.000->102.233"
AC0837_S_element_validation.log;validation;text;center_diagonal_update;failed;"text: Mittelpunkt/Diagonale-Update verworfen (Fehler 151.067->130.149; Box-Check verworfen (w_ratio=0.750, h_ratio=0.375, area_ratio=0.281))"
AC0837_S_element_validation.log;validation;text;width_bracketing;success;"text: Breiten-Bracketing voc_font_scale 0.520->0.631; Kandidaten=0.312->151.067, 0.442->151.067, 0.505->151.067, 0.520->151.067, 0.598->151.067, 0.698->156.865, 0.956->155.580, 1.214->175.896, 1.407->164.065, 1.600->174.689"
AC0837_S_element_validation.log;validation;circle;width_bracketing;fixed_rule;circle: Breiten-Bracketing übersprungen (stroke_circle: current=1.000, Range=1.000..1.000)
AC0837_S_element_validation.log;validation;circle;radius_bracketing;failed;"circle: Radius-Bracketing keine relevante Änderung (r: 6.509, best_err=6302.000); Kandidaten=6.000->8337.000, 6.500->6302.000, 7.000->6576.000"
AC0837_S_element_validation.log;validation;circle;joint_multistart;failed;circle: Joint-Multistart keine relevante Änderung (cx=17.500, cy=7.500, r=6.509, best_err=6302.000)
AC0837_S_element_validation.log;validation;arm;width_bracketing;fixed_rule;arm: Breiten-Bracketing übersprungen (arm_stroke: current=1.000, Range=1.000..1.000)
AC0837_S_element_validation.log;validation;arm;length_bracketing;failed;"arm: Längen-Bracketing keine relevante Änderung (arm_len: 11.000); Kandidaten=8.000->114.000, 11.000->94.926, 12.500->94.926, 16.500->94.926, 21.000->94.926, 25.000->94.926"
AC0837_S_element_validation.log;validation;text;center_diagonal_update;failed;"text: Mittelpunkt/Diagonale-Update verworfen (Fehler 149.855->129.628; Box-Check verworfen (w_ratio=0.750, h_ratio=0.375, area_ratio=0.281))"
AC0837_S_element_validation.log;validation;text;width_bracketing;failed;"text: Breiten-Bracketing keine relevante Änderung (voc_font_scale: 0.631); Kandidaten=0.379->151.067, 0.536->151.067, 0.562->151.067, 0.631->149.855, 0.726->157.127, 0.745->154.245, 0.989->158.772, 1.234->169.078, 1.417->163.862, 1.600->174.689"
AC0837_S_element_validation.log;validation;circle;color_bracketing;fixed_rule;circle: Farb-Bracketing übersprungen (Farben gesperrt)
AC0837_S_element_validation.log;validation;arm;color_bracketing;fixed_rule;arm: Farb-Bracketing übersprungen (Farben gesperrt)
AC0837_S_element_validation.log;validation;text;color_bracketing;fixed_rule;text: Farb-Bracketing übersprungen (Farben gesperrt)
AC0838_L_element_validation.log;validation;circle;center_diagonal_update;adjustable_step;circle: Parameter nach Mittelpunkt/Diagonale angepasst
AC0838_L_element_validation.log;validation;circle;width_bracketing;fixed_rule;circle: Breiten-Bracketing übersprungen (stroke_circle: current=1.000, Range=1.000..1.000)
AC0838_L_element_validation.log;validation;circle;radius_bracketing;failed;"circle: Radius-Bracketing keine relevante Änderung (r: 10.500, best_err=20164.000); Kandidaten=10.500->20164.000, 12.000->22273.000"
AC0838_L_element_validation.log;validation;circle;joint_multistart;failed;circle: Joint-Multistart keine relevante Änderung (cx=12.500, cy=32.500, r=10.500, best_err=20164.000)
AC0838_L_element_validation.log;validation;arm;width_bracketing;fixed_rule;arm: Breiten-Bracketing übersprungen (arm_stroke: current=1.000, Range=1.000..1.000)
AC0838_L_element_validation.log;validation;arm;length_bracketing;success;"arm: Längen-Bracketing arm_len 16.333->28.500; Kandidaten=12.500->136.667, 16.500->126.301, 20.500->117.385, 28.500->114.441, 37.000->114.441, 45.000->114.441"
AC0838_L_element_validation.log;validation;text;center_diagonal_update;failed;"text: Mittelpunkt/Diagonale-Update verworfen (Fehler 152.845->151.979; Box-Check verworfen (w_ratio=0.688, h_ratio=0.364, area_ratio=0.250))"
AC0838_L_element_validation.log;validation;text;width_bracketing;success;"text: Breiten-Bracketing voc_font_scale 0.520->0.956; Kandidaten=0.312->152.833, 0.442->159.082, 0.505->149.868, 0.520->152.845, 0.598->151.050, 0.698->132.093, 0.956->123.438, 1.214->155.753, 1.407->164.356, 1.600->158.008"
AC0838_L_element_validation.log;validation;circle;width_bracketing;fixed_rule;circle: Breiten-Bracketing übersprungen (stroke_circle: current=1.000, Range=1.000..1.000)
AC0838_L_element_validation.log;validation;circle;radius_bracketing;failed;"circle: Radius-Bracketing keine relevante Änderung (r: 10.500, best_err=20164.000); Kandidaten=10.500->20164.000, 12.000->22273.000"
AC0838_L_element_validation.log;validation;circle;joint_multistart;failed;circle: Joint-Multistart keine relevante Änderung (cx=12.500, cy=32.500, r=10.500, best_err=20164.000)
AC0838_L_element_validation.log;validation;arm;width_bracketing;fixed_rule;arm: Breiten-Bracketing übersprungen (arm_stroke: current=1.000, Range=1.000..1.000)
AC0838_L_element_validation.log;validation;arm;length_bracketing;failed;"arm: Längen-Bracketing keine relevante Änderung (arm_len: 22.000); Kandidaten=16.500->126.301, 22.000->114.441, 23.500->114.441, 31.000->114.441, 38.000->114.441, 45.000->114.441"
AC0838_L_element_validation.log;validation;text;center_diagonal_update;failed;"text: Mittelpunkt/Diagonale-Update verworfen (Fehler 123.438->180.182; Box-Check verworfen (w_ratio=0.913, h_ratio=0.467, area_ratio=0.426))"
AC0838_L_element_validation.log;validation;text;width_bracketing;success;"text: Breiten-Bracketing voc_font_scale 0.956->0.837; Kandidaten=0.450->158.102, 0.644->142.362, 0.813->106.227, 0.837->102.252, 0.956->123.438, 1.096->144.900, 1.099->145.753, 1.354->155.037, 1.547->155.452, 1.741->160.327"
AC0838_L_element_validation.log;validation;circle;width_bracketing;fixed_rule;circle: Breiten-Bracketing übersprungen (stroke_circle: current=1.000, Range=1.000..1.000)
AC0838_L_element_validation.log;validation;circle;radius_bracketing;failed;"circle: Radius-Bracketing keine relevante Änderung (r: 10.500, best_err=20164.000); Kandidaten=10.500->20164.000, 12.000->22273.000"
AC0838_L_element_validation.log;validation;circle;joint_multistart;failed;circle: Joint-Multistart keine relevante Änderung (cx=12.500, cy=32.500, r=10.500, best_err=20164.000)
AC0838_L_element_validation.log;validation;arm;width_bracketing;fixed_rule;arm: Breiten-Bracketing übersprungen (arm_stroke: current=1.000, Range=1.000..1.000)
AC0838_L_element_validation.log;validation;arm;length_bracketing;failed;"arm: Längen-Bracketing keine relevante Änderung (arm_len: 22.000); Kandidaten=16.500->126.301, 22.000->114.441, 23.500->114.441, 31.000->114.441, 38.000->114.441, 45.000->114.441"
AC0838_L_element_validation.log;validation;text;center_diagonal_update;failed;"text: Mittelpunkt/Diagonale-Update verworfen (Fehler 102.252->176.963; Box-Check verworfen (w_ratio=0.826, h_ratio=0.429, area_ratio=0.354))"
AC0838_L_element_validation.log;validation;text;width_bracketing;failed;"text: Breiten-Bracketing keine relevante Änderung (voc_font_scale: 0.837); Kandidaten=0.450->158.102, 0.644->142.362, 0.711->131.604, 0.837->102.252, 0.963->123.915, 1.096->144.900, 1.354->155.037, 1.547->155.452, 1.741->160.327"
AC0838_L_element_validation.log;validation;circle;color_bracketing;fixed_rule;circle: Farb-Bracketing übersprungen (Farben gesperrt)
AC0838_L_element_validation.log;validation;arm;color_bracketing;fixed_rule;arm: Farb-Bracketing übersprungen (Farben gesperrt)
AC0838_L_element_validation.log;validation;text;color_bracketing;fixed_rule;text: Farb-Bracketing übersprungen (Farben gesperrt)
AC0838_M_element_validation.log;validation;circle;center_diagonal_update;adjustable_step;circle: Parameter nach Mittelpunkt/Diagonale angepasst
AC0838_M_element_validation.log;validation;circle;width_bracketing;fixed_rule;circle: Breiten-Bracketing übersprungen (stroke_circle: current=1.000, Range=1.000..1.000)
AC0838_M_element_validation.log;validation;circle;radius_bracketing;success;"circle: Radius-Bracketing r 7.359->7.000 (best_err=10919.000); Kandidaten=7.000->10919.000, 7.500->11452.000, 9.500->14785.000"
AC0838_M_element_validation.log;validation;circle;joint_multistart;failed;circle: Joint-Multistart keine relevante Änderung (cx=10.000, cy=25.000, r=7.000, best_err=10548.000)
AC0838_M_element_validation.log;validation;arm;center_diagonal_update;failed;"arm: Mittelpunkt/Diagonale-Update verworfen (Fehler 116.879->125.261; Box-Check verworfen (w_ratio=0.143, h_ratio=0.727, area_ratio=0.104))"
AC0838_M_element_validation.log;validation;arm;width_bracketing;fixed_rule;arm: Breiten-Bracketing übersprungen (arm_stroke: current=1.000, Range=1.000..1.000)
AC0838_M_element_validation.log;validation;arm;length_bracketing;failed;"arm: Längen-Bracketing keine relevante Änderung (arm_len: 18.000); Kandidaten=13.500->133.453, 18.000->116.879, 19.000->116.879, 24.000->116.879, 29.500->116.879, 35.000->116.879"
AC0838_M_element_validation.log;validation;text;width_bracketing;success;"text: Breiten-Bracketing voc_font_scale 0.520->0.956; Kandidaten=0.312->155.338, 0.442->155.338, 0.505->155.338, 0.520->155.338, 0.598->156.655, 0.698->143.982, 0.956->115.308, 1.214->148.605, 1.407->148.050, 1.600->158.605"
AC0838_M_element_validation.log;validation;circle;center_diagonal_update;failed;circle: Mittelpunkt/Diagonale-Update verworfen (Fehler 162.396->166.846)
AC0838_M_element_validation.log;validation;circle;width_bracketing;fixed_rule;circle: Breiten-Bracketing übersprungen (stroke_circle: current=1.000, Range=1.000..1.000)
AC0838_M_element_validation.log;validation;circle;radius_bracketing;failed;"circle: Radius-Bracketing keine relevante Änderung (r: 7.000, best_err=10548.000); Kandidaten=7.000->10548.000, 9.500->14723.000"
AC0838_M_element_validation.log;validation;circle;joint_multistart;failed;circle: Joint-Multistart keine relevante Änderung (cx=10.000, cy=25.000, r=7.000, best_err=10548.000)
AC0838_M_element_validation.log;validation;arm;center_diagonal_update;failed;"arm: Mittelpunkt/Diagonale-Update verworfen (Fehler 116.879->125.261; Box-Check verworfen (w_ratio=0.143, h_ratio=0.727, area_ratio=0.104))"
AC0838_M_element_validation.log;validation;arm;width_bracketing;fixed_rule;arm: Breiten-Bracketing übersprungen (arm_stroke: current=1.000, Range=1.000..1.000)
AC0838_M_element_validation.log;validation;arm;length_bracketing;failed;"arm: Längen-Bracketing keine relevante Änderung (arm_len: 18.000); Kandidaten=13.500->133.453, 18.000->116.879, 19.000->116.879, 24.000->116.879, 29.500->116.879, 35.000->116.879"
AC0838_M_element_validation.log;validation;text;center_diagonal_update;failed;"text: Mittelpunkt/Diagonale-Update verworfen (Fehler 115.308->160.887; Box-Check verworfen (w_ratio=0.824, h_ratio=0.455, area_ratio=0.374))"
AC0838_M_element_validation.log;validation;text;width_bracketing;failed;"text: Breiten-Bracketing keine relevante Änderung (voc_font_scale: 0.956); Kandidaten=0.450->155.338, 0.672->148.265, 0.813->137.932, 0.894->128.659, 0.956->115.308, 1.099->117.500, 1.190->145.294, 1.486->161.158, 1.708->155.690, 1.930->154.497"
AC0838_M_element_validation.log;validation;circle;color_bracketing;fixed_rule;circle: Farb-Bracketing übersprungen (Farben gesperrt)
AC0838_M_element_validation.log;validation;arm;color_bracketing;fixed_rule;arm: Farb-Bracketing übersprungen (Farben gesperrt)
AC0838_M_element_validation.log;validation;text;color_bracketing;fixed_rule;text: Farb-Bracketing übersprungen (Farben gesperrt)
AC0838_S_element_validation.log;validation;circle;center_diagonal_update;adjustable_step;circle: Parameter nach Mittelpunkt/Diagonale angepasst
AC0838_S_element_validation.log;validation;circle;width_bracketing;fixed_rule;circle: Breiten-Bracketing übersprungen (stroke_circle: current=1.000, Range=1.000..1.000)
AC0838_S_element_validation.log;validation;circle;radius_bracketing;success;"circle: Radius-Bracketing r 6.424->6.500 (best_err=6499.000); Kandidaten=6.000->8509.000, 6.500->6499.000, 7.000->6700.000"
AC0838_S_element_validation.log;validation;circle;joint_multistart;failed;circle: Joint-Multistart keine relevante Änderung (cx=7.500, cy=17.500, r=6.500, best_err=6499.000)
AC0838_S_element_validation.log;validation;arm;width_bracketing;fixed_rule;arm: Breiten-Bracketing übersprungen (arm_stroke: current=1.000, Range=1.000..1.000)
AC0838_S_element_validation.log;validation;arm;length_bracketing;failed;"arm: Längen-Bracketing keine relevante Änderung (arm_len: 11.000); Kandidaten=8.500->76.941, 11.000->53.647, 12.500->53.647, 16.500->53.647, 21.000->53.647, 25.000->53.647"
AC0838_S_element_validation.log;validation;text;center_diagonal_update;failed;"text: Mittelpunkt/Diagonale-Update verworfen (Fehler 141.456->121.983; Box-Check verworfen (w_ratio=0.750, h_ratio=0.375, area_ratio=0.281))"
AC0838_S_element_validation.log;validation;text;width_bracketing;success;"text: Breiten-Bracketing voc_font_scale 0.520->0.312; Kandidaten=0.312->141.456, 0.442->141.456, 0.505->141.456, 0.520->141.456, 0.598->141.456, 0.698->148.863, 0.956->147.217, 1.214->170.718, 1.407->154.265, 1.600->162.167"
AC0838_S_element_validation.log;validation;circle;width_bracketing;fixed_rule;circle: Breiten-Bracketing übersprungen (stroke_circle: current=1.000, Range=1.000..1.000)
AC0838_S_element_validation.log;validation;circle;radius_bracketing;failed;"circle: Radius-Bracketing keine relevante Änderung (r: 6.509, best_err=6499.000); Kandidaten=6.000->8509.000, 6.500->6499.000, 7.000->6700.000"
AC0838_S_element_validation.log;validation;circle;joint_multistart;failed;circle: Joint-Multistart keine relevante Änderung (cx=7.500, cy=17.500, r=6.509, best_err=6499.000)
AC0838_S_element_validation.log;validation;arm;width_bracketing;fixed_rule;arm: Breiten-Bracketing übersprungen (arm_stroke: current=1.000, Range=1.000..1.000)
AC0838_S_element_validation.log;validation;arm;length_bracketing;failed;"arm: Längen-Bracketing keine relevante Änderung (arm_len: 11.000); Kandidaten=8.500->76.941, 11.000->53.647, 12.500->53.647, 16.500->53.647, 21.000->53.647, 25.000->53.647"
AC0838_S_element_validation.log;validation;text;center_diagonal_update;failed;"text: Mittelpunkt/Diagonale-Update verworfen (Fehler 141.456->121.983; Box-Check verworfen (w_ratio=0.750, h_ratio=0.375, area_ratio=0.281))"
AC0838_S_element_validation.log;validation;text;width_bracketing;failed;"text: Breiten-Bracketing keine relevante Änderung (voc_font_scale: 0.312); Kandidaten=0.300->141.456, 0.312->141.456, 0.359->141.456, 0.495->141.456, 0.690->151.651, 0.950->147.156, 1.210->170.852, 1.405->153.353, 1.600->162.167"
AC0838_S_element_validation.log;validation;circle;color_bracketing;fixed_rule;circle: Farb-Bracketing übersprungen (Farben gesperrt)
AC0838_S_element_validation.log;validation;arm;color_bracketing;fixed_rule;arm: Farb-Bracketing übersprungen (Farben gesperrt)
AC0838_S_element_validation.log;validation;text;color_bracketing;fixed_rule;text: Farb-Bracketing übersprungen (Farben gesperrt)
AC0839_L_element_validation.log;validation;circle;center_diagonal_update;failed;circle: Mittelpunkt/Diagonale-Update verworfen (Fehler 188.761->190.772)
AC0839_L_element_validation.log;validation;circle;width_bracketing;fixed_rule;circle: Breiten-Bracketing übersprungen (stroke_circle: current=1.000, Range=1.000..1.000)
AC0839_L_element_validation.log;validation;circle;radius_bracketing;success;"circle: Radius-Bracketing r 9.667->9.000 (best_err=18454.000); Kandidaten=9.000->18454.000, 9.500->18915.000, 12.000->20859.000"
AC0839_L_element_validation.log;validation;circle;joint_multistart;failed;circle: Joint-Multistart keine relevante Änderung (cx=12.500, cy=12.500, r=9.000, best_err=17509.000)
AC0839_L_element_validation.log;validation;arm;width_bracketing;fixed_rule;arm: Breiten-Bracketing übersprungen (arm_stroke: current=1.000, Range=1.000..1.000)
AC0839_L_element_validation.log;validation;arm;length_bracketing;failed;"arm: Längen-Bracketing keine relevante Änderung (arm_len: 23.500); Kandidaten=17.500->142.798, 23.500->133.672, 24.500->133.672, 31.500->133.672, 38.000->133.672, 45.000->133.672"
AC0839_L_element_validation.log;validation;text;center_diagonal_update;failed;"text: Mittelpunkt/Diagonale-Update verworfen (Fehler 151.412->152.624; Box-Check verworfen (w_ratio=0.562, h_ratio=0.400, area_ratio=0.225))"
AC0839_L_element_validation.log;validation;text;width_bracketing;success;"text: Breiten-Bracketing voc_font_scale 0.520->0.598; Kandidaten=0.312->154.446, 0.442->154.446, 0.505->148.767, 0.520->151.412, 0.598->148.030, 0.698->153.952, 0.956->173.073, 1.214->180.355, 1.407->190.205, 1.600->196.959"
AC0839_L_element_validation.log;validation;circle;center_diagonal_update;failed;circle: Mittelpunkt/Diagonale-Update verworfen (Fehler 184.140->191.753)
AC0839_L_element_validation.log;validation;circle;width_bracketing;fixed_rule;circle: Breiten-Bracketing übersprungen (stroke_circle: current=1.000, Range=1.000..1.000)
AC0839_L_element_validation.log;validation;circle;radius_bracketing;failed;"circle: Radius-Bracketing keine relevante Änderung (r: 9.000, best_err=17509.000); Kandidaten=9.000->17509.000, 12.000->20385.000"
AC0839_L_element_validation.log;validation;circle;joint_multistart;failed;circle: Joint-Multistart keine relevante Änderung (cx=12.500, cy=12.500, r=9.000, best_err=17509.000)
AC0839_L_element_validation.log;validation;arm;width_bracketing;fixed_rule;arm: Breiten-Bracketing übersprungen (arm_stroke: current=1.000, Range=1.000..1.000)
AC0839_L_element_validation.log;validation;arm;length_bracketing;failed;"arm: Längen-Bracketing keine relevante Änderung (arm_len: 23.500); Kandidaten=17.500->142.798, 23.500->133.672, 24.500->133.672, 31.500->133.672, 38.000->133.672, 45.000->133.672"
AC0839_L_element_validation.log;validation;text;center_diagonal_update;failed;"text: Mittelpunkt/Diagonale-Update verworfen (Fehler 148.030->154.283; Box-Check verworfen (w_ratio=0.688, h_ratio=0.364, area_ratio=0.250))"
AC0839_L_element_validation.log;validation;text;width_bracketing;failed;"text: Breiten-Bracketing keine relevante Änderung (voc_font_scale: 0.598); Kandidaten=0.359->154.446, 0.508->149.141, 0.545->148.468, 0.598->148.030, 0.688->155.513, 0.731->159.485, 0.979->172.198, 1.228->182.823, 1.414->189.823, 1.600->196.959"
AC0839_L_element_validation.log;validation;circle;color_bracketing;fixed_rule;circle: Farb-Bracketing übersprungen (Farben gesperrt)
AC0839_L_element_validation.log;validation;arm;color_bracketing;fixed_rule;arm: Farb-Bracketing übersprungen (Farben gesperrt)
AC0839_L_element_validation.log;validation;text;color_bracketing;fixed_rule;text: Farb-Bracketing übersprungen (Farben gesperrt)
AC0839_M_element_validation.log;validation;circle;center_diagonal_update;failed;circle: Mittelpunkt/Diagonale-Update verworfen (Fehler 163.259->166.737)
AC0839_M_element_validation.log;validation;circle;width_bracketing;fixed_rule;circle: Breiten-Bracketing übersprungen (stroke_circle: current=1.000, Range=1.000..1.000)
AC0839_M_element_validation.log;validation;circle;radius_bracketing;success;"circle: Radius-Bracketing r 7.400->7.000 (best_err=11680.000); Kandidaten=7.000->11680.000, 7.500->12634.000, 9.500->14207.000"
AC0839_M_element_validation.log;validation;circle;joint_multistart;failed;circle: Joint-Multistart keine relevante Änderung (cx=10.000, cy=10.000, r=7.000, best_err=11356.000)
AC0839_M_element_validation.log;validation;arm;center_diagonal_update;failed;"arm: Mittelpunkt/Diagonale-Update verworfen (Fehler 125.253->134.618; Box-Check verworfen (w_ratio=0.952, h_ratio=0.143, area_ratio=0.136))"
AC0839_M_element_validation.log;validation;arm;width_bracketing;fixed_rule;arm: Breiten-Bracketing übersprungen (arm_stroke: current=1.000, Range=1.000..1.000)
AC0839_M_element_validation.log;validation;arm;length_bracketing;failed;"arm: Längen-Bracketing keine relevante Änderung (arm_len: 18.000); Kandidaten=13.500->139.898, 18.000->128.611, 19.000->128.611, 24.000->128.611, 29.500->128.611, 35.000->128.611"
AC0839_M_element_validation.log;validation;text;center_diagonal_update;failed;"text: Mittelpunkt/Diagonale-Update verworfen (Fehler 146.856->144.873; Box-Check verworfen (w_ratio=0.615, h_ratio=0.333, area_ratio=0.205))"
AC0839_M_element_validation.log;validation;text;width_bracketing;success;"text: Breiten-Bracketing voc_font_scale 0.520->0.650; Kandidaten=0.312->146.856, 0.442->146.856, 0.505->146.856, 0.520->146.856, 0.598->147.450, 0.698->149.555, 0.956->152.067, 1.214->170.007, 1.407->172.233, 1.600->192.151"
AC0839_M_element_validation.log;validation;circle;center_diagonal_update;failed;circle: Mittelpunkt/Diagonale-Update verworfen (Fehler 155.878->168.337)
AC0839_M_element_validation.log;validation;circle;width_bracketing;fixed_rule;circle: Breiten-Bracketing übersprungen (stroke_circle: current=1.000, Range=1.000..1.000)
AC0839_M_element_validation.log;validation;circle;radius_bracketing;failed;"circle: Radius-Bracketing keine relevante Änderung (r: 7.000, best_err=11356.000); Kandidaten=7.000->11356.000, 9.500->14100.000"
AC0839_M_element_validation.log;validation;circle;joint_multistart;failed;circle: Joint-Multistart keine relevante Änderung (cx=10.000, cy=10.000, r=7.000, best_err=11356.000)
AC0839_M_element_validation.log;validation;arm;center_diagonal_update;failed;"arm: Mittelpunkt/Diagonale-Update verworfen (Fehler 125.253->134.618; Box-Check verworfen (w_ratio=0.952, h_ratio=0.143, area_ratio=0.136))"
AC0839_M_element_validation.log;validation;arm;width_bracketing;fixed_rule;arm: Breiten-Bracketing übersprungen (arm_stroke: current=1.000, Range=1.000..1.000)
AC0839_M_element_validation.log;validation;arm;length_bracketing;failed;"arm: Längen-Bracketing keine relevante Änderung (arm_len: 18.000); Kandidaten=13.500->139.898, 18.000->128.611, 19.000->128.611, 24.000->128.611, 29.500->128.611, 35.000->128.611"
AC0839_M_element_validation.log;validation;text;center_diagonal_update;failed;"text: Mittelpunkt/Diagonale-Update verworfen (Fehler 142.047->133.788; Box-Check verworfen (w_ratio=0.769, h_ratio=0.444, area_ratio=0.342))"
AC0839_M_element_validation.log;validation;text;width_bracketing;failed;"text: Breiten-Bracketing keine relevante Änderung (voc_font_scale: 0.650); Kandidaten=0.390->146.856, 0.552->146.856, 0.572->146.856, 0.650->142.047, 0.747->143.654, 0.753->144.633, 0.995->156.613, 1.237->166.824, 1.418->171.774, 1.600->192.151"
AC0839_M_element_validation.log;validation;circle;color_bracketing;fixed_rule;circle: Farb-Bracketing übersprungen (Farben gesperrt)
AC0839_M_element_validation.log;validation;arm;color_bracketing;fixed_rule;arm: Farb-Bracketing übersprungen (Farben gesperrt)
AC0839_M_element_validation.log;validation;text;color_bracketing;fixed_rule;text: Farb-Bracketing übersprungen (Farben gesperrt)
AC0839_S_element_validation.log;validation;circle;center_diagonal_update;adjustable_step;circle: Parameter nach Mittelpunkt/Diagonale angepasst
AC0839_S_element_validation.log;validation;circle;width_bracketing;fixed_rule;circle: Breiten-Bracketing übersprungen (stroke_circle: current=1.000, Range=1.000..1.000)
AC0839_S_element_validation.log;validation;circle;radius_bracketing;success;"circle: Radius-Bracketing r 6.718->6.500 (best_err=6495.000); Kandidaten=6.500->6495.000, 7.000->6723.000"
AC0839_S_element_validation.log;validation;circle;joint_multistart;failed;circle: Joint-Multistart keine relevante Änderung (cx=7.500, cy=7.500, r=6.500, best_err=6368.000)
AC0839_S_element_validation.log;validation;arm;width_bracketing;fixed_rule;arm: Breiten-Bracketing übersprungen (arm_stroke: current=1.000, Range=1.000..1.000)
AC0839_S_element_validation.log;validation;arm;length_bracketing;failed;"arm: Längen-Bracketing keine relevante Änderung (arm_len: 11.000); Kandidaten=8.000->111.286, 11.000->98.286, 12.500->98.286, 16.500->98.286, 21.000->98.286, 25.000->98.286"
AC0839_S_element_validation.log;validation;text;center_diagonal_update;failed;"text: Mittelpunkt/Diagonale-Update verworfen (Fehler 148.807->118.293; Box-Check verworfen (w_ratio=0.750, h_ratio=0.375, area_ratio=0.281))"
AC0839_S_element_validation.log;validation;text;width_bracketing;success;"text: Breiten-Bracketing voc_font_scale 0.520->0.312; Kandidaten=0.312->148.807, 0.442->148.807, 0.505->148.807, 0.520->148.807, 0.598->148.807, 0.698->155.363, 0.956->157.235, 1.214->161.810, 1.407->172.773, 1.600->174.365"
AC0839_S_element_validation.log;validation;circle;width_bracketing;fixed_rule;circle: Breiten-Bracketing übersprungen (stroke_circle: current=1.000, Range=1.000..1.000)
AC0839_S_element_validation.log;validation;circle;radius_bracketing;failed;"circle: Radius-Bracketing keine relevante Änderung (r: 6.509, best_err=6368.000); Kandidaten=6.500->6368.000, 7.000->6596.000"
AC0839_S_element_validation.log;validation;circle;joint_multistart;failed;circle: Joint-Multistart keine relevante Änderung (cx=7.500, cy=7.500, r=6.509, best_err=6368.000)
AC0839_S_element_validation.log;validation;arm;width_bracketing;fixed_rule;arm: Breiten-Bracketing übersprungen (arm_stroke: current=1.000, Range=1.000..1.000)
AC0839_S_element_validation.log;validation;arm;length_bracketing;failed;"arm: Längen-Bracketing keine relevante Änderung (arm_len: 11.000); Kandidaten=8.000->103.292, 11.000->88.125, 12.500->88.125, 16.500->88.125, 21.000->88.125, 25.000->88.125"
AC0839_S_element_validation.log;validation;text;center_diagonal_update;failed;"text: Mittelpunkt/Diagonale-Update verworfen (Fehler 148.807->118.293; Box-Check verworfen (w_ratio=0.750, h_ratio=0.375, area_ratio=0.281))"
AC0839_S_element_validation.log;validation;text;width_bracketing;failed;"text: Breiten-Bracketing keine relevante Änderung (voc_font_scale: 0.312); Kandidaten=0.300->148.807, 0.312->148.807, 0.359->148.807, 0.495->148.807, 0.690->159.296, 0.950->157.358, 1.210->161.897, 1.405->172.678, 1.600->174.365"
AC0839_S_element_validation.log;validation;circle;color_bracketing;fixed_rule;circle: Farb-Bracketing übersprungen (Farben gesperrt)
AC0839_S_element_validation.log;validation;arm;color_bracketing;fixed_rule;arm: Farb-Bracketing übersprungen (Farben gesperrt)
AC0839_S_element_validation.log;validation;text;color_bracketing;fixed_rule;text: Farb-Bracketing übersprungen (Farben gesperrt)
AC0870_L_element_validation.log;validation;circle;center_diagonal_update;adjustable_step;circle: Parameter nach Mittelpunkt/Diagonale angepasst
AC0870_L_element_validation.log;validation;circle;width_bracketing;fixed_rule;circle: Breiten-Bracketing übersprungen (stroke_circle: current=1.000, Range=1.000..1.000)
AC0870_L_element_validation.log;validation;circle;radius_bracketing;success;"circle: Radius-Bracketing r 13.725->13.500 (best_err=18204.000); Kandidaten=10.500->32175.000, 13.500->18204.000, 14.000->20598.000, 14.500->25276.000"
AC0870_L_element_validation.log;validation;circle;joint_multistart;failed;circle: Joint-Multistart keine relevante Änderung (cx=14.500, cy=14.500, r=13.500, best_err=18204.000)
AC0870_L_element_validation.log;validation;circle;center_diagonal_update;adjustable_step;circle: Parameter nach Mittelpunkt/Diagonale angepasst
AC0870_L_element_validation.log;validation;circle;width_bracketing;fixed_rule;circle: Breiten-Bracketing übersprungen (stroke_circle: current=1.000, Range=1.000..1.000)
AC0870_L_element_validation.log;validation;circle;radius_bracketing;success;"circle: Radius-Bracketing r 13.565->13.500 (best_err=18204.000); Kandidaten=10.500->32175.000, 13.500->18204.000, 14.000->20598.000, 14.500->25276.000"
AC0870_L_element_validation.log;validation;circle;joint_multistart;failed;circle: Joint-Multistart keine relevante Änderung (cx=14.500, cy=14.500, r=13.500, best_err=18204.000)
AC0870_L_element_validation.log;validation;circle;center_diagonal_update;adjustable_step;circle: Parameter nach Mittelpunkt/Diagonale angepasst
AC0870_L_element_validation.log;validation;circle;width_bracketing;fixed_rule;circle: Breiten-Bracketing übersprungen (stroke_circle: current=1.000, Range=1.000..1.000)
AC0870_L_element_validation.log;validation;circle;radius_bracketing;success;"circle: Radius-Bracketing r 13.565->13.500 (best_err=18204.000); Kandidaten=10.500->32175.000, 13.500->18204.000, 14.000->20598.000, 14.500->25276.000"
AC0870_L_element_validation.log;validation;circle;joint_multistart;failed;circle: Joint-Multistart keine relevante Änderung (cx=14.500, cy=14.500, r=13.500, best_err=18204.000)
AC0870_L_element_validation.log;validation;circle;center_diagonal_update;adjustable_step;circle: Parameter nach Mittelpunkt/Diagonale angepasst
AC0870_L_element_validation.log;validation;circle;width_bracketing;fixed_rule;circle: Breiten-Bracketing übersprungen (stroke_circle: current=1.000, Range=1.000..1.000)
AC0870_L_element_validation.log;validation;circle;radius_bracketing;success;"circle: Radius-Bracketing r 13.565->13.500 (best_err=18204.000); Kandidaten=10.500->32175.000, 13.500->18204.000, 14.000->20598.000, 14.500->25276.000"
AC0870_L_element_validation.log;validation;circle;joint_multistart;failed;circle: Joint-Multistart keine relevante Änderung (cx=14.500, cy=14.500, r=13.500, best_err=18204.000)
AC0870_L_element_validation.log;validation;circle;center_diagonal_update;adjustable_step;circle: Parameter nach Mittelpunkt/Diagonale angepasst
AC0870_L_element_validation.log;validation;circle;width_bracketing;fixed_rule;circle: Breiten-Bracketing übersprungen (stroke_circle: current=1.000, Range=1.000..1.000)
AC0870_L_element_validation.log;validation;circle;radius_bracketing;success;"circle: Radius-Bracketing r 13.565->13.500 (best_err=18204.000); Kandidaten=10.500->32175.000, 13.500->18204.000, 14.000->20598.000, 14.500->25276.000"
AC0870_L_element_validation.log;validation;circle;joint_multistart;failed;circle: Joint-Multistart keine relevante Änderung (cx=14.500, cy=14.500, r=13.500, best_err=18204.000)
AC0870_L_element_validation.log;validation;circle;center_diagonal_update;adjustable_step;circle: Parameter nach Mittelpunkt/Diagonale angepasst
AC0870_L_element_validation.log;validation;circle;width_bracketing;fixed_rule;circle: Breiten-Bracketing übersprungen (stroke_circle: current=1.000, Range=1.000..1.000)
AC0870_L_element_validation.log;validation;circle;radius_bracketing;success;"circle: Radius-Bracketing r 13.565->13.500 (best_err=18204.000); Kandidaten=10.500->32175.000, 13.500->18204.000, 14.000->20598.000, 14.500->25276.000"
AC0870_L_element_validation.log;validation;circle;joint_multistart;failed;circle: Joint-Multistart keine relevante Änderung (cx=14.500, cy=14.500, r=13.500, best_err=18204.000)
AC0870_L_element_validation.log;validation;circle;color_bracketing;fixed_rule;circle: Farb-Bracketing übersprungen (Farben gesperrt)
AC0870_L_element_validation.log;validation;text;color_bracketing;fixed_rule;text: Farb-Bracketing übersprungen (Farben gesperrt)
AC0870_M_element_validation.log;validation;circle;center_diagonal_update;adjustable_step;circle: Parameter nach Mittelpunkt/Diagonale angepasst
AC0870_M_element_validation.log;validation;circle;width_bracketing;fixed_rule;circle: Breiten-Bracketing übersprungen (stroke_circle: current=1.000, Range=1.000..1.000)
AC0870_M_element_validation.log;validation;circle;radius_bracketing;success;"circle: Radius-Bracketing r 8.328->9.000 (best_err=8807.000); Kandidaten=7.500->13909.000, 8.500->9187.000, 9.000->8807.000, 9.500->9415.000"
AC0870_M_element_validation.log;validation;circle;joint_multistart;failed;circle: Joint-Multistart keine relevante Änderung (cx=9.500, cy=9.500, r=9.000, best_err=8807.000)
AC0870_M_element_validation.log;validation;text;center_diagonal_update;adjustable_step;text: Parameter nach Mittelpunkt/Diagonale angepasst
AC0870_M_element_validation.log;validation;circle;center_diagonal_update;adjustable_step;circle: Parameter nach Mittelpunkt/Diagonale angepasst
AC0870_M_element_validation.log;validation;circle;width_bracketing;fixed_rule;circle: Breiten-Bracketing übersprungen (stroke_circle: current=1.000, Range=1.000..1.000)
AC0870_M_element_validation.log;validation;circle;radius_bracketing;success;"circle: Radius-Bracketing r 8.754->9.000 (best_err=8807.000); Kandidaten=8.000->11707.000, 9.000->8807.000, 9.500->9415.000"
AC0870_M_element_validation.log;validation;circle;joint_multistart;failed;circle: Joint-Multistart keine relevante Änderung (cx=9.500, cy=9.500, r=9.000, best_err=8807.000)
AC0870_M_element_validation.log;validation;circle;center_diagonal_update;adjustable_step;circle: Parameter nach Mittelpunkt/Diagonale angepasst
AC0870_M_element_validation.log;validation;circle;width_bracketing;fixed_rule;circle: Breiten-Bracketing übersprungen (stroke_circle: current=1.000, Range=1.000..1.000)
AC0870_M_element_validation.log;validation;circle;radius_bracketing;success;"circle: Radius-Bracketing r 8.754->9.000 (best_err=8807.000); Kandidaten=8.000->11707.000, 9.000->8807.000, 9.500->9415.000"
AC0870_M_element_validation.log;validation;circle;joint_multistart;failed;circle: Joint-Multistart keine relevante Änderung (cx=9.500, cy=9.500, r=9.000, best_err=8807.000)
AC0870_M_element_validation.log;validation;circle;center_diagonal_update;adjustable_step;circle: Parameter nach Mittelpunkt/Diagonale angepasst
AC0870_M_element_validation.log;validation;circle;width_bracketing;fixed_rule;circle: Breiten-Bracketing übersprungen (stroke_circle: current=1.000, Range=1.000..1.000)
AC0870_M_element_validation.log;validation;circle;radius_bracketing;success;"circle: Radius-Bracketing r 8.754->9.000 (best_err=8807.000); Kandidaten=8.000->11707.000, 9.000->8807.000, 9.500->9415.000"
AC0870_M_element_validation.log;validation;circle;joint_multistart;failed;circle: Joint-Multistart keine relevante Änderung (cx=9.500, cy=9.500, r=9.000, best_err=8807.000)
AC0870_M_element_validation.log;validation;circle;center_diagonal_update;adjustable_step;circle: Parameter nach Mittelpunkt/Diagonale angepasst
AC0870_M_element_validation.log;validation;circle;width_bracketing;fixed_rule;circle: Breiten-Bracketing übersprungen (stroke_circle: current=1.000, Range=1.000..1.000)
AC0870_M_element_validation.log;validation;circle;radius_bracketing;success;"circle: Radius-Bracketing r 8.754->9.000 (best_err=8807.000); Kandidaten=8.000->11707.000, 9.000->8807.000, 9.500->9415.000"
AC0870_M_element_validation.log;validation;circle;joint_multistart;failed;circle: Joint-Multistart keine relevante Änderung (cx=9.500, cy=9.500, r=9.000, best_err=8807.000)
AC0870_M_element_validation.log;validation;circle;center_diagonal_update;adjustable_step;circle: Parameter nach Mittelpunkt/Diagonale angepasst
AC0870_M_element_validation.log;validation;circle;width_bracketing;fixed_rule;circle: Breiten-Bracketing übersprungen (stroke_circle: current=1.000, Range=1.000..1.000)
AC0870_M_element_validation.log;validation;circle;radius_bracketing;success;"circle: Radius-Bracketing r 8.754->9.000 (best_err=8807.000); Kandidaten=8.000->11707.000, 9.000->8807.000, 9.500->9415.000"
AC0870_M_element_validation.log;validation;circle;joint_multistart;failed;circle: Joint-Multistart keine relevante Änderung (cx=9.500, cy=9.500, r=9.000, best_err=8807.000)
AC0870_M_element_validation.log;validation;circle;center_diagonal_update;adjustable_step;circle: Parameter nach Mittelpunkt/Diagonale angepasst
AC0870_M_element_validation.log;validation;circle;width_bracketing;fixed_rule;circle: Breiten-Bracketing übersprungen (stroke_circle: current=1.000, Range=1.000..1.000)
AC0870_M_element_validation.log;validation;circle;radius_bracketing;success;"circle: Radius-Bracketing r 8.754->9.000 (best_err=8807.000); Kandidaten=8.000->11707.000, 9.000->8807.000, 9.500->9415.000"
AC0870_M_element_validation.log;validation;circle;joint_multistart;failed;circle: Joint-Multistart keine relevante Änderung (cx=9.500, cy=9.500, r=9.000, best_err=8807.000)
AC0870_M_element_validation.log;validation;circle;center_diagonal_update;adjustable_step;circle: Parameter nach Mittelpunkt/Diagonale angepasst
AC0870_M_element_validation.log;validation;circle;width_bracketing;fixed_rule;circle: Breiten-Bracketing übersprungen (stroke_circle: current=1.000, Range=1.000..1.000)
AC0870_M_element_validation.log;validation;circle;radius_bracketing;success;"circle: Radius-Bracketing r 8.754->9.000 (best_err=8807.000); Kandidaten=8.000->11707.000, 9.000->8807.000, 9.500->9415.000"
AC0870_M_element_validation.log;validation;circle;joint_multistart;failed;circle: Joint-Multistart keine relevante Änderung (cx=9.500, cy=9.500, r=9.000, best_err=8807.000)
AC0870_M_element_validation.log;validation;circle;center_diagonal_update;adjustable_step;circle: Parameter nach Mittelpunkt/Diagonale angepasst
AC0870_M_element_validation.log;validation;circle;width_bracketing;fixed_rule;circle: Breiten-Bracketing übersprungen (stroke_circle: current=1.000, Range=1.000..1.000)
AC0870_M_element_validation.log;validation;circle;radius_bracketing;success;"circle: Radius-Bracketing r 8.754->9.000 (best_err=8807.000); Kandidaten=8.000->11707.000, 9.000->8807.000, 9.500->9415.000"
AC0870_M_element_validation.log;validation;circle;joint_multistart;failed;circle: Joint-Multistart keine relevante Änderung (cx=9.500, cy=9.500, r=9.000, best_err=8807.000)
AC0870_M_element_validation.log;validation;circle;center_diagonal_update;adjustable_step;circle: Parameter nach Mittelpunkt/Diagonale angepasst
AC0870_M_element_validation.log;validation;circle;width_bracketing;fixed_rule;circle: Breiten-Bracketing übersprungen (stroke_circle: current=1.000, Range=1.000..1.000)
AC0870_M_element_validation.log;validation;circle;radius_bracketing;success;"circle: Radius-Bracketing r 8.754->9.000 (best_err=8807.000); Kandidaten=8.000->11707.000, 9.000->8807.000, 9.500->9415.000"
AC0870_M_element_validation.log;validation;circle;joint_multistart;failed;circle: Joint-Multistart keine relevante Änderung (cx=9.500, cy=9.500, r=9.000, best_err=8807.000)
AC0870_M_element_validation.log;validation;circle;color_bracketing;fixed_rule;circle: Farb-Bracketing übersprungen (Farben gesperrt)
AC0870_M_element_validation.log;validation;text;color_bracketing;fixed_rule;text: Farb-Bracketing übersprungen (Farben gesperrt)
AC0870_S_element_validation.log;validation;circle;center_diagonal_update;failed;circle: Mittelpunkt/Diagonale-Update verworfen (Fehler 178.930->181.433)
AC0870_S_element_validation.log;validation;circle;width_bracketing;fixed_rule;circle: Breiten-Bracketing übersprungen (stroke_circle: current=1.000, Range=1.000..1.000)
AC0870_S_element_validation.log;validation;circle;radius_bracketing;success;"circle: Radius-Bracketing r 5.200->7.000 (best_err=6087.000); Kandidaten=4.500->7056.000, 5.000->7106.000, 6.000->6839.000, 6.500->6324.000, 7.000->6087.000"
AC0870_S_element_validation.log;validation;circle;joint_multistart;failed;circle: Joint-Multistart keine relevante Änderung (cx=6.500, cy=6.500, r=7.000, best_err=6899.000)
AC0870_S_element_validation.log;validation;text;center_diagonal_update;adjustable_step;text: Parameter nach Mittelpunkt/Diagonale angepasst
AC0870_S_element_validation.log;validation;circle;center_diagonal_update;adjustable_step;circle: Parameter nach Mittelpunkt/Diagonale angepasst
AC0870_S_element_validation.log;validation;circle;width_bracketing;fixed_rule;circle: Breiten-Bracketing übersprungen (stroke_circle: current=1.000, Range=1.000..1.000)
AC0870_S_element_validation.log;validation;circle;radius_bracketing;success;"circle: Radius-Bracketing r 7.200->7.000 (best_err=6899.000); Kandidaten=6.500->7185.000, 7.000->6899.000"
AC0870_S_element_validation.log;validation;circle;joint_multistart;failed;circle: Joint-Multistart keine relevante Änderung (cx=6.500, cy=6.500, r=7.000, best_err=6899.000)
AC0870_S_element_validation.log;validation;text;center_diagonal_update;adjustable_step;text: Parameter nach Mittelpunkt/Diagonale angepasst
AC0870_S_element_validation.log;validation;circle;center_diagonal_update;adjustable_step;circle: Parameter nach Mittelpunkt/Diagonale angepasst
AC0870_S_element_validation.log;validation;circle;width_bracketing;fixed_rule;circle: Breiten-Bracketing übersprungen (stroke_circle: current=1.000, Range=1.000..1.000)
AC0870_S_element_validation.log;validation;circle;radius_bracketing;success;"circle: Radius-Bracketing r 7.200->7.000 (best_err=6899.000); Kandidaten=6.500->7185.000, 7.000->6899.000"
AC0870_S_element_validation.log;validation;circle;joint_multistart;failed;circle: Joint-Multistart keine relevante Änderung (cx=6.500, cy=6.500, r=7.000, best_err=6899.000)
AC0870_S_element_validation.log;validation;text;center_diagonal_update;adjustable_step;text: Parameter nach Mittelpunkt/Diagonale angepasst
AC0870_S_element_validation.log;validation;circle;center_diagonal_update;adjustable_step;circle: Parameter nach Mittelpunkt/Diagonale angepasst
AC0870_S_element_validation.log;validation;circle;width_bracketing;fixed_rule;circle: Breiten-Bracketing übersprungen (stroke_circle: current=1.000, Range=1.000..1.000)
AC0870_S_element_validation.log;validation;circle;radius_bracketing;success;"circle: Radius-Bracketing r 7.200->7.000 (best_err=6899.000); Kandidaten=6.500->7185.000, 7.000->6899.000"
AC0870_S_element_validation.log;validation;circle;joint_multistart;failed;circle: Joint-Multistart keine relevante Änderung (cx=6.500, cy=6.500, r=7.000, best_err=6899.000)
AC0870_S_element_validation.log;validation;text;center_diagonal_update;failed;text: Mittelpunkt/Diagonale-Update verworfen (Fehler 102.519->109.321)
AC0870_S_element_validation.log;validation;circle;center_diagonal_update;adjustable_step;circle: Parameter nach Mittelpunkt/Diagonale angepasst
AC0870_S_element_validation.log;validation;circle;width_bracketing;fixed_rule;circle: Breiten-Bracketing übersprungen (stroke_circle: current=1.000, Range=1.000..1.000)
AC0870_S_element_validation.log;validation;circle;radius_bracketing;success;"circle: Radius-Bracketing r 7.200->7.000 (best_err=6899.000); Kandidaten=6.500->7185.000, 7.000->6899.000"
AC0870_S_element_validation.log;validation;circle;joint_multistart;failed;circle: Joint-Multistart keine relevante Änderung (cx=6.500, cy=6.500, r=7.000, best_err=6899.000)
AC0870_S_element_validation.log;validation;text;center_diagonal_update;failed;text: Mittelpunkt/Diagonale-Update verworfen (Fehler 102.519->109.321)
AC0870_S_element_validation.log;validation;circle;center_diagonal_update;adjustable_step;circle: Parameter nach Mittelpunkt/Diagonale angepasst
AC0870_S_element_validation.log;validation;circle;width_bracketing;fixed_rule;circle: Breiten-Bracketing übersprungen (stroke_circle: current=1.000, Range=1.000..1.000)
AC0870_S_element_validation.log;validation;circle;radius_bracketing;success;"circle: Radius-Bracketing r 7.200->7.000 (best_err=6899.000); Kandidaten=6.500->7185.000, 7.000->6899.000"
AC0870_S_element_validation.log;validation;circle;joint_multistart;failed;circle: Joint-Multistart keine relevante Änderung (cx=6.500, cy=6.500, r=7.000, best_err=6899.000)
AC0870_S_element_validation.log;validation;text;center_diagonal_update;failed;text: Mittelpunkt/Diagonale-Update verworfen (Fehler 102.519->109.321)
AC0870_S_element_validation.log;validation;circle;center_diagonal_update;adjustable_step;circle: Parameter nach Mittelpunkt/Diagonale angepasst
AC0870_S_element_validation.log;validation;circle;width_bracketing;fixed_rule;circle: Breiten-Bracketing übersprungen (stroke_circle: current=1.000, Range=1.000..1.000)
AC0870_S_element_validation.log;validation;circle;radius_bracketing;success;"circle: Radius-Bracketing r 7.200->7.000 (best_err=6899.000); Kandidaten=6.500->7185.000, 7.000->6899.000"
AC0870_S_element_validation.log;validation;circle;joint_multistart;failed;circle: Joint-Multistart keine relevante Änderung (cx=6.500, cy=6.500, r=7.000, best_err=6899.000)
AC0870_S_element_validation.log;validation;text;center_diagonal_update;failed;text: Mittelpunkt/Diagonale-Update verworfen (Fehler 102.519->109.321)
AC0870_S_element_validation.log;validation;circle;center_diagonal_update;adjustable_step;circle: Parameter nach Mittelpunkt/Diagonale angepasst
AC0870_S_element_validation.log;validation;circle;width_bracketing;fixed_rule;circle: Breiten-Bracketing übersprungen (stroke_circle: current=1.000, Range=1.000..1.000)
AC0870_S_element_validation.log;validation;circle;radius_bracketing;success;"circle: Radius-Bracketing r 7.200->7.000 (best_err=6899.000); Kandidaten=6.500->7185.000, 7.000->6899.000"
AC0870_S_element_validation.log;validation;circle;joint_multistart;failed;circle: Joint-Multistart keine relevante Änderung (cx=6.500, cy=6.500, r=7.000, best_err=6899.000)
AC0870_S_element_validation.log;validation;text;center_diagonal_update;failed;text: Mittelpunkt/Diagonale-Update verworfen (Fehler 102.519->109.321)
AC0870_S_element_validation.log;validation;circle;center_diagonal_update;adjustable_step;circle: Parameter nach Mittelpunkt/Diagonale angepasst
AC0870_S_element_validation.log;validation;circle;width_bracketing;fixed_rule;circle: Breiten-Bracketing übersprungen (stroke_circle: current=1.000, Range=1.000..1.000)
AC0870_S_element_validation.log;validation;circle;radius_bracketing;success;"circle: Radius-Bracketing r 7.200->7.000 (best_err=6899.000); Kandidaten=6.500->7185.000, 7.000->6899.000"
AC0870_S_element_validation.log;validation;circle;joint_multistart;failed;circle: Joint-Multistart keine relevante Änderung (cx=6.500, cy=6.500, r=7.000, best_err=6899.000)
AC0870_S_element_validation.log;validation;text;center_diagonal_update;failed;text: Mittelpunkt/Diagonale-Update verworfen (Fehler 102.519->109.321)
AC0870_S_element_validation.log;validation;circle;center_diagonal_update;adjustable_step;circle: Parameter nach Mittelpunkt/Diagonale angepasst
AC0870_S_element_validation.log;validation;circle;width_bracketing;fixed_rule;circle: Breiten-Bracketing übersprungen (stroke_circle: current=1.000, Range=1.000..1.000)
AC0870_S_element_validation.log;validation;circle;radius_bracketing;success;"circle: Radius-Bracketing r 7.200->7.000 (best_err=6899.000); Kandidaten=6.500->7185.000, 7.000->6899.000"
AC0870_S_element_validation.log;validation;circle;joint_multistart;failed;circle: Joint-Multistart keine relevante Änderung (cx=6.500, cy=6.500, r=7.000, best_err=6899.000)
AC0870_S_element_validation.log;validation;text;center_diagonal_update;failed;text: Mittelpunkt/Diagonale-Update verworfen (Fehler 102.519->109.321)
AC0870_S_element_validation.log;validation;circle;color_bracketing;fixed_rule;circle: Farb-Bracketing übersprungen (Farben gesperrt)
AC0870_S_element_validation.log;validation;text;color_bracketing;fixed_rule;text: Farb-Bracketing übersprungen (Farben gesperrt)
AC0881_L_element_validation.log;validation;circle;center_diagonal_update;adjustable_step;circle: Parameter nach Mittelpunkt/Diagonale angepasst
AC0881_L_element_validation.log;validation;circle;width_bracketing;fixed_rule;circle: Breiten-Bracketing übersprungen (stroke_circle: current=1.000, Range=1.000..1.000)
AC0881_L_element_validation.log;validation;circle;radius_bracketing;success;"circle: Radius-Bracketing r 8.800->9.000 (best_err=15869.000); Kandidaten=9.000->15869.000, 12.000->19398.000"
AC0881_L_element_validation.log;validation;circle;joint_multistart;failed;circle: Joint-Multistart keine relevante Änderung (cx=12.500, cy=12.500, r=9.000, best_err=15999.000)
AC0881_L_element_validation.log;validation;stem;geometry_sync;adjustable_step;stem: Geometrie nach Elementabgleich aktualisiert
AC0881_L_element_validation.log;validation;stem;width_bracketing;fixed_rule;stem: Breiten-Bracketing übersprungen (stem_width: current=3.000, Range=1.000..1.000)
AC0881_L_element_validation.log;validation;stem;length_bracketing;success;"stem: Längen-Bracketing stem_len 23.500->30.000; Kandidaten=15.500->89.472, 22.500->101.041, 23.500->94.773, 30.000->85.193, 37.500->85.865, 45.000->85.268"
AC0881_L_element_validation.log;validation;text;center_diagonal_update;adjustable_step;text: Parameter nach Mittelpunkt/Diagonale angepasst
AC0881_L_element_validation.log;validation;circle;center_diagonal_update;adjustable_step;circle: Parameter nach Mittelpunkt/Diagonale angepasst
AC0881_L_element_validation.log;validation;circle;width_bracketing;fixed_rule;circle: Breiten-Bracketing übersprungen (stroke_circle: current=1.000, Range=1.000..1.000)
AC0881_L_element_validation.log;validation;circle;radius_bracketing;success;"circle: Radius-Bracketing r 8.800->9.000 (best_err=15869.000); Kandidaten=9.000->15869.000, 12.000->19398.000"
AC0881_L_element_validation.log;validation;circle;joint_multistart;failed;circle: Joint-Multistart keine relevante Änderung (cx=12.500, cy=12.500, r=9.000, best_err=15999.000)
AC0881_L_element_validation.log;validation;stem;center_diagonal_update;failed;"stem: Mittelpunkt/Diagonale-Update verworfen (Fehler 94.773->105.028; Box-Check verworfen (w_ratio=0.300, h_ratio=0.846, area_ratio=0.254))"
AC0881_L_element_validation.log;validation;stem;geometry_sync;adjustable_step;stem: Geometrie nach Elementabgleich aktualisiert
AC0881_L_element_validation.log;validation;stem;width_bracketing;fixed_rule;stem: Breiten-Bracketing übersprungen (stem_width: current=3.000, Range=1.000..1.000)
AC0881_L_element_validation.log;validation;stem;length_bracketing;success;"stem: Längen-Bracketing stem_len 23.500->30.000; Kandidaten=15.500->89.472, 22.500->101.041, 23.500->94.773, 30.000->85.193, 37.500->85.865, 45.000->85.268"
AC0881_L_element_validation.log;validation;text;center_diagonal_update;failed;"text: Mittelpunkt/Diagonale-Update verworfen (Fehler 148.953->148.953; Box-Check verworfen (w_ratio=0.625, h_ratio=0.632, area_ratio=0.395))"
AC0881_L_element_validation.log;validation;circle;center_diagonal_update;adjustable_step;circle: Parameter nach Mittelpunkt/Diagonale angepasst
AC0881_L_element_validation.log;validation;circle;width_bracketing;fixed_rule;circle: Breiten-Bracketing übersprungen (stroke_circle: current=1.000, Range=1.000..1.000)
AC0881_L_element_validation.log;validation;circle;radius_bracketing;success;"circle: Radius-Bracketing r 8.800->9.000 (best_err=15869.000); Kandidaten=9.000->15869.000, 12.000->19398.000"
AC0881_L_element_validation.log;validation;circle;joint_multistart;failed;circle: Joint-Multistart keine relevante Änderung (cx=12.500, cy=12.500, r=9.000, best_err=15999.000)
AC0881_L_element_validation.log;validation;stem;center_diagonal_update;failed;"stem: Mittelpunkt/Diagonale-Update verworfen (Fehler 94.773->105.028; Box-Check verworfen (w_ratio=0.300, h_ratio=0.846, area_ratio=0.254))"
AC0881_L_element_validation.log;validation;stem;geometry_sync;adjustable_step;stem: Geometrie nach Elementabgleich aktualisiert
AC0881_L_element_validation.log;validation;stem;width_bracketing;fixed_rule;stem: Breiten-Bracketing übersprungen (stem_width: current=3.000, Range=1.000..1.000)
AC0881_L_element_validation.log;validation;stem;length_bracketing;success;"stem: Längen-Bracketing stem_len 23.500->30.000; Kandidaten=15.500->89.472, 22.500->101.041, 23.500->94.773, 30.000->85.193, 37.500->85.865, 45.000->85.268"
AC0881_L_element_validation.log;validation;text;center_diagonal_update;failed;"text: Mittelpunkt/Diagonale-Update verworfen (Fehler 148.953->148.953; Box-Check verworfen (w_ratio=0.625, h_ratio=0.632, area_ratio=0.395))"
AC0881_L_element_validation.log;validation;circle;center_diagonal_update;adjustable_step;circle: Parameter nach Mittelpunkt/Diagonale angepasst
AC0881_L_element_validation.log;validation;circle;width_bracketing;fixed_rule;circle: Breiten-Bracketing übersprungen (stroke_circle: current=1.000, Range=1.000..1.000)
AC0881_L_element_validation.log;validation;circle;radius_bracketing;success;"circle: Radius-Bracketing r 8.800->9.000 (best_err=15869.000); Kandidaten=9.000->15869.000, 12.000->19398.000"
AC0881_L_element_validation.log;validation;circle;joint_multistart;failed;circle: Joint-Multistart keine relevante Änderung (cx=12.500, cy=12.500, r=9.000, best_err=15999.000)
AC0881_L_element_validation.log;validation;stem;center_diagonal_update;failed;"stem: Mittelpunkt/Diagonale-Update verworfen (Fehler 94.773->105.028; Box-Check verworfen (w_ratio=0.300, h_ratio=0.846, area_ratio=0.254))"
AC0881_L_element_validation.log;validation;stem;geometry_sync;adjustable_step;stem: Geometrie nach Elementabgleich aktualisiert
AC0881_L_element_validation.log;validation;stem;width_bracketing;fixed_rule;stem: Breiten-Bracketing übersprungen (stem_width: current=3.000, Range=1.000..1.000)
AC0881_L_element_validation.log;validation;stem;length_bracketing;success;"stem: Längen-Bracketing stem_len 23.500->30.000; Kandidaten=15.500->89.472, 22.500->101.041, 23.500->94.773, 30.000->85.193, 37.500->85.865, 45.000->85.268"
AC0881_L_element_validation.log;validation;text;center_diagonal_update;failed;"text: Mittelpunkt/Diagonale-Update verworfen (Fehler 148.953->148.953; Box-Check verworfen (w_ratio=0.625, h_ratio=0.632, area_ratio=0.395))"
AC0881_L_element_validation.log;validation;circle;center_diagonal_update;adjustable_step;circle: Parameter nach Mittelpunkt/Diagonale angepasst
AC0881_L_element_validation.log;validation;circle;width_bracketing;fixed_rule;circle: Breiten-Bracketing übersprungen (stroke_circle: current=1.000, Range=1.000..1.000)
AC0881_L_element_validation.log;validation;circle;radius_bracketing;success;"circle: Radius-Bracketing r 8.800->9.000 (best_err=15869.000); Kandidaten=9.000->15869.000, 12.000->19398.000"
AC0881_L_element_validation.log;validation;circle;joint_multistart;failed;circle: Joint-Multistart keine relevante Änderung (cx=12.500, cy=12.500, r=9.000, best_err=15999.000)
AC0881_L_element_validation.log;validation;stem;center_diagonal_update;failed;"stem: Mittelpunkt/Diagonale-Update verworfen (Fehler 94.773->105.028; Box-Check verworfen (w_ratio=0.300, h_ratio=0.846, area_ratio=0.254))"
AC0881_L_element_validation.log;validation;stem;geometry_sync;adjustable_step;stem: Geometrie nach Elementabgleich aktualisiert
AC0881_L_element_validation.log;validation;stem;width_bracketing;fixed_rule;stem: Breiten-Bracketing übersprungen (stem_width: current=3.000, Range=1.000..1.000)
AC0881_L_element_validation.log;validation;stem;length_bracketing;success;"stem: Längen-Bracketing stem_len 23.500->30.000; Kandidaten=15.500->89.472, 22.500->101.041, 23.500->94.773, 30.000->85.193, 37.500->85.865, 45.000->85.268"
AC0881_L_element_validation.log;validation;text;center_diagonal_update;failed;"text: Mittelpunkt/Diagonale-Update verworfen (Fehler 148.953->148.953; Box-Check verworfen (w_ratio=0.625, h_ratio=0.632, area_ratio=0.395))"
AC0881_L_element_validation.log;validation;circle;center_diagonal_update;adjustable_step;circle: Parameter nach Mittelpunkt/Diagonale angepasst
AC0881_L_element_validation.log;validation;circle;width_bracketing;fixed_rule;circle: Breiten-Bracketing übersprungen (stroke_circle: current=1.000, Range=1.000..1.000)
AC0881_L_element_validation.log;validation;circle;radius_bracketing;success;"circle: Radius-Bracketing r 8.800->9.000 (best_err=15869.000); Kandidaten=9.000->15869.000, 12.000->19398.000"
AC0881_L_element_validation.log;validation;circle;joint_multistart;failed;circle: Joint-Multistart keine relevante Änderung (cx=12.500, cy=12.500, r=9.000, best_err=15999.000)
AC0881_L_element_validation.log;validation;stem;center_diagonal_update;failed;"stem: Mittelpunkt/Diagonale-Update verworfen (Fehler 94.773->105.028; Box-Check verworfen (w_ratio=0.300, h_ratio=0.846, area_ratio=0.254))"
AC0881_L_element_validation.log;validation;stem;geometry_sync;adjustable_step;stem: Geometrie nach Elementabgleich aktualisiert
AC0881_L_element_validation.log;validation;stem;width_bracketing;fixed_rule;stem: Breiten-Bracketing übersprungen (stem_width: current=3.000, Range=1.000..1.000)
AC0881_L_element_validation.log;validation;stem;length_bracketing;success;"stem: Längen-Bracketing stem_len 23.500->30.000; Kandidaten=15.500->89.472, 22.500->101.041, 23.500->94.773, 30.000->85.193, 37.500->85.865, 45.000->85.268"
AC0881_L_element_validation.log;validation;text;center_diagonal_update;failed;"text: Mittelpunkt/Diagonale-Update verworfen (Fehler 148.953->148.953; Box-Check verworfen (w_ratio=0.625, h_ratio=0.632, area_ratio=0.395))"
AC0881_L_element_validation.log;validation;circle;color_bracketing;fixed_rule;circle: Farb-Bracketing übersprungen (Farben gesperrt)
AC0881_L_element_validation.log;validation;stem;color_bracketing;fixed_rule;stem: Farb-Bracketing übersprungen (Farben gesperrt)
AC0881_L_element_validation.log;validation;text;color_bracketing;fixed_rule;text: Farb-Bracketing übersprungen (Farben gesperrt)
AC0881_M_element_validation.log;validation;circle;center_diagonal_update;adjustable_step;circle: Parameter nach Mittelpunkt/Diagonale angepasst
AC0881_M_element_validation.log;validation;circle;width_bracketing;fixed_rule;circle: Breiten-Bracketing übersprungen (stroke_circle: current=1.000, Range=1.000..1.000)
AC0881_M_element_validation.log;validation;circle;radius_bracketing;success;"circle: Radius-Bracketing r 7.040->7.000 (best_err=9568.000); Kandidaten=7.000->9568.000, 9.500->12643.000"
AC0881_M_element_validation.log;validation;circle;joint_multistart;failed;circle: Joint-Multistart keine relevante Änderung (cx=10.000, cy=10.000, r=7.000, best_err=9448.000)
AC0881_M_element_validation.log;validation;stem;center_diagonal_update;failed;"stem: Mittelpunkt/Diagonale-Update verworfen (Fehler 104.886->110.826; Box-Check verworfen (w_ratio=0.333, h_ratio=0.850, area_ratio=0.283))"
AC0881_M_element_validation.log;validation;stem;geometry_sync;adjustable_step;stem: Geometrie nach Elementabgleich aktualisiert
AC0881_M_element_validation.log;validation;stem;width_bracketing;fixed_rule;stem: Breiten-Bracketing übersprungen (stem_width: current=2.000, Range=1.000..1.000)
AC0881_M_element_validation.log;validation;stem;length_bracketing;success;"stem: Längen-Bracketing stem_len 18.000->29.000; Kandidaten=11.500->67.726, 17.500->75.559, 18.000->75.559, 23.500->68.986, 29.000->60.532, 35.000->77.796"
AC0881_M_element_validation.log;validation;text;center_diagonal_update;adjustable_step;text: Parameter nach Mittelpunkt/Diagonale angepasst
AC0881_M_element_validation.log;validation;circle;center_diagonal_update;adjustable_step;circle: Parameter nach Mittelpunkt/Diagonale angepasst
AC0881_M_element_validation.log;validation;circle;width_bracketing;fixed_rule;circle: Breiten-Bracketing übersprungen (stroke_circle: current=1.000, Range=1.000..1.000)
AC0881_M_element_validation.log;validation;circle;radius_bracketing;success;"circle: Radius-Bracketing r 7.040->7.000 (best_err=9568.000); Kandidaten=7.000->9568.000, 9.500->12643.000"
AC0881_M_element_validation.log;validation;circle;joint_multistart;failed;circle: Joint-Multistart keine relevante Änderung (cx=10.000, cy=10.000, r=7.000, best_err=9448.000)
AC0881_M_element_validation.log;validation;stem;center_diagonal_update;failed;"stem: Mittelpunkt/Diagonale-Update verworfen (Fehler 75.559->81.709; Box-Check verworfen (w_ratio=0.286, h_ratio=0.850, area_ratio=0.243))"
AC0881_M_element_validation.log;validation;stem;geometry_sync;adjustable_step;stem: Geometrie nach Elementabgleich aktualisiert
AC0881_M_element_validation.log;validation;stem;width_bracketing;fixed_rule;stem: Breiten-Bracketing übersprungen (stem_width: current=2.000, Range=1.000..1.000)
AC0881_M_element_validation.log;validation;stem;length_bracketing;success;"stem: Längen-Bracketing stem_len 18.000->29.000; Kandidaten=11.500->67.726, 17.500->75.559, 18.000->75.559, 23.500->68.986, 29.000->60.532, 35.000->77.796"
AC0881_M_element_validation.log;validation;circle;center_diagonal_update;adjustable_step;circle: Parameter nach Mittelpunkt/Diagonale angepasst
AC0881_M_element_validation.log;validation;circle;width_bracketing;fixed_rule;circle: Breiten-Bracketing übersprungen (stroke_circle: current=1.000, Range=1.000..1.000)
AC0881_M_element_validation.log;validation;circle;radius_bracketing;success;"circle: Radius-Bracketing r 7.040->7.000 (best_err=9568.000); Kandidaten=7.000->9568.000, 9.500->12643.000"
AC0881_M_element_validation.log;validation;circle;joint_multistart;failed;circle: Joint-Multistart keine relevante Änderung (cx=10.000, cy=10.000, r=7.000, best_err=9448.000)
AC0881_M_element_validation.log;validation;stem;center_diagonal_update;failed;"stem: Mittelpunkt/Diagonale-Update verworfen (Fehler 75.559->81.709; Box-Check verworfen (w_ratio=0.286, h_ratio=0.850, area_ratio=0.243))"
AC0881_M_element_validation.log;validation;stem;geometry_sync;adjustable_step;stem: Geometrie nach Elementabgleich aktualisiert
AC0881_M_element_validation.log;validation;stem;width_bracketing;fixed_rule;stem: Breiten-Bracketing übersprungen (stem_width: current=2.000, Range=1.000..1.000)
AC0881_M_element_validation.log;validation;stem;length_bracketing;success;"stem: Längen-Bracketing stem_len 18.000->29.000; Kandidaten=11.500->67.726, 17.500->75.559, 18.000->75.559, 23.500->68.986, 29.000->60.532, 35.000->77.796"
AC0881_M_element_validation.log;validation;circle;center_diagonal_update;adjustable_step;circle: Parameter nach Mittelpunkt/Diagonale angepasst
AC0881_M_element_validation.log;validation;circle;width_bracketing;fixed_rule;circle: Breiten-Bracketing übersprungen (stroke_circle: current=1.000, Range=1.000..1.000)
AC0881_M_element_validation.log;validation;circle;radius_bracketing;success;"circle: Radius-Bracketing r 7.040->7.000 (best_err=9568.000); Kandidaten=7.000->9568.000, 9.500->12643.000"
AC0881_M_element_validation.log;validation;circle;joint_multistart;failed;circle: Joint-Multistart keine relevante Änderung (cx=10.000, cy=10.000, r=7.000, best_err=9448.000)
AC0881_M_element_validation.log;validation;stem;center_diagonal_update;failed;"stem: Mittelpunkt/Diagonale-Update verworfen (Fehler 75.559->81.709; Box-Check verworfen (w_ratio=0.286, h_ratio=0.850, area_ratio=0.243))"
AC0881_M_element_validation.log;validation;stem;geometry_sync;adjustable_step;stem: Geometrie nach Elementabgleich aktualisiert
AC0881_M_element_validation.log;validation;stem;width_bracketing;fixed_rule;stem: Breiten-Bracketing übersprungen (stem_width: current=2.000, Range=1.000..1.000)
AC0881_M_element_validation.log;validation;stem;length_bracketing;success;"stem: Längen-Bracketing stem_len 18.000->29.000; Kandidaten=11.500->67.726, 17.500->75.559, 18.000->75.559, 23.500->68.986, 29.000->60.532, 35.000->77.796"
AC0881_M_element_validation.log;validation;circle;center_diagonal_update;adjustable_step;circle: Parameter nach Mittelpunkt/Diagonale angepasst
AC0881_M_element_validation.log;validation;circle;width_bracketing;fixed_rule;circle: Breiten-Bracketing übersprungen (stroke_circle: current=1.000, Range=1.000..1.000)
AC0881_M_element_validation.log;validation;circle;radius_bracketing;success;"circle: Radius-Bracketing r 7.040->7.000 (best_err=9568.000); Kandidaten=7.000->9568.000, 9.500->12643.000"
AC0881_M_element_validation.log;validation;circle;joint_multistart;failed;circle: Joint-Multistart keine relevante Änderung (cx=10.000, cy=10.000, r=7.000, best_err=9448.000)
AC0881_M_element_validation.log;validation;stem;center_diagonal_update;failed;"stem: Mittelpunkt/Diagonale-Update verworfen (Fehler 75.559->81.709; Box-Check verworfen (w_ratio=0.286, h_ratio=0.850, area_ratio=0.243))"
AC0881_M_element_validation.log;validation;stem;geometry_sync;adjustable_step;stem: Geometrie nach Elementabgleich aktualisiert
AC0881_M_element_validation.log;validation;stem;width_bracketing;fixed_rule;stem: Breiten-Bracketing übersprungen (stem_width: current=2.000, Range=1.000..1.000)
AC0881_M_element_validation.log;validation;stem;length_bracketing;success;"stem: Längen-Bracketing stem_len 18.000->29.000; Kandidaten=11.500->67.726, 17.500->75.559, 18.000->75.559, 23.500->68.986, 29.000->60.532, 35.000->77.796"
AC0881_M_element_validation.log;validation;circle;center_diagonal_update;adjustable_step;circle: Parameter nach Mittelpunkt/Diagonale angepasst
AC0881_M_element_validation.log;validation;circle;width_bracketing;fixed_rule;circle: Breiten-Bracketing übersprungen (stroke_circle: current=1.000, Range=1.000..1.000)
AC0881_M_element_validation.log;validation;circle;radius_bracketing;success;"circle: Radius-Bracketing r 7.040->7.000 (best_err=9568.000); Kandidaten=7.000->9568.000, 9.500->12643.000"
AC0881_M_element_validation.log;validation;circle;joint_multistart;failed;circle: Joint-Multistart keine relevante Änderung (cx=10.000, cy=10.000, r=7.000, best_err=9448.000)
AC0881_M_element_validation.log;validation;stem;center_diagonal_update;failed;"stem: Mittelpunkt/Diagonale-Update verworfen (Fehler 75.559->81.709; Box-Check verworfen (w_ratio=0.286, h_ratio=0.850, area_ratio=0.243))"
AC0881_M_element_validation.log;validation;stem;geometry_sync;adjustable_step;stem: Geometrie nach Elementabgleich aktualisiert
AC0881_M_element_validation.log;validation;stem;width_bracketing;fixed_rule;stem: Breiten-Bracketing übersprungen (stem_width: current=2.000, Range=1.000..1.000)
AC0881_M_element_validation.log;validation;stem;length_bracketing;success;"stem: Längen-Bracketing stem_len 18.000->29.000; Kandidaten=11.500->67.726, 17.500->75.559, 18.000->75.559, 23.500->68.986, 29.000->60.532, 35.000->77.796"
AC0881_M_element_validation.log;validation;circle;color_bracketing;fixed_rule;circle: Farb-Bracketing übersprungen (Farben gesperrt)
AC0881_M_element_validation.log;validation;stem;color_bracketing;fixed_rule;stem: Farb-Bracketing übersprungen (Farben gesperrt)
AC0881_M_element_validation.log;validation;text;color_bracketing;fixed_rule;text: Farb-Bracketing übersprungen (Farben gesperrt)
AC0881_S_element_validation.log;validation;circle;center_diagonal_update;failed;circle: Mittelpunkt/Diagonale-Update verworfen (Fehler 118.468->123.088)
AC0881_S_element_validation.log;validation;circle;width_bracketing;fixed_rule;circle: Breiten-Bracketing übersprungen (stroke_circle: current=1.000, Range=1.000..1.000)
AC0881_S_element_validation.log;validation;circle;radius_bracketing;failed;"circle: Radius-Bracketing keine relevante Änderung (r: 7.000, best_err=5910.000); Kandidaten=6.500->5916.000, 7.000->5910.000"
AC0881_S_element_validation.log;validation;circle;joint_multistart;failed;circle: Joint-Multistart keine relevante Änderung (cx=7.500, cy=7.500, r=7.000, best_err=5910.000)
AC0881_S_element_validation.log;validation;stem;geometry_sync;adjustable_step;stem: Geometrie nach Elementabgleich aktualisiert
AC0881_S_element_validation.log;validation;stem;width_bracketing;fixed_rule;stem: Breiten-Bracketing übersprungen (stem_width: current=1.000, Range=1.000..1.000)
AC0881_S_element_validation.log;validation;stem;length_bracketing;success;"stem: Längen-Bracketing stem_len 14.000->9.000; Kandidaten=9.000->84.235, 13.000->91.645, 14.000->93.593, 17.000->90.181, 21.000->91.873, 25.000->105.218"
AC0881_S_element_validation.log;validation;circle;center_diagonal_update;failed;circle: Mittelpunkt/Diagonale-Update verworfen (Fehler 118.468->123.088)
AC0881_S_element_validation.log;validation;circle;width_bracketing;fixed_rule;circle: Breiten-Bracketing übersprungen (stroke_circle: current=1.000, Range=1.000..1.000)
AC0881_S_element_validation.log;validation;circle;radius_bracketing;failed;"circle: Radius-Bracketing keine relevante Änderung (r: 7.000, best_err=5910.000); Kandidaten=6.500->5916.000, 7.000->5910.000"
AC0881_S_element_validation.log;validation;circle;joint_multistart;failed;circle: Joint-Multistart keine relevante Änderung (cx=7.500, cy=7.500, r=7.000, best_err=5910.000)
AC0881_S_element_validation.log;validation;stem;geometry_sync;adjustable_step;stem: Geometrie nach Elementabgleich aktualisiert
AC0881_S_element_validation.log;validation;stem;width_bracketing;fixed_rule;stem: Breiten-Bracketing übersprungen (stem_width: current=1.000, Range=1.000..1.000)
AC0881_S_element_validation.log;validation;stem;length_bracketing;failed;"stem: Längen-Bracketing keine relevante Änderung (stem_len: 9.000); Kandidaten=9.000->68.235, 13.000->78.450, 17.000->88.835, 21.000->91.059, 25.000->100.298"
AC0881_S_element_validation.log;validation;circle;center_diagonal_update;failed;circle: Mittelpunkt/Diagonale-Update verworfen (Fehler 118.468->123.088)
AC0881_S_element_validation.log;validation;circle;width_bracketing;fixed_rule;circle: Breiten-Bracketing übersprungen (stroke_circle: current=1.000, Range=1.000..1.000)
AC0881_S_element_validation.log;validation;circle;radius_bracketing;failed;"circle: Radius-Bracketing keine relevante Änderung (r: 7.000, best_err=5910.000); Kandidaten=6.500->5916.000, 7.000->5910.000"
AC0881_S_element_validation.log;validation;circle;joint_multistart;failed;circle: Joint-Multistart keine relevante Änderung (cx=7.500, cy=7.500, r=7.000, best_err=5910.000)
AC0881_S_element_validation.log;validation;stem;geometry_sync;adjustable_step;stem: Geometrie nach Elementabgleich aktualisiert
AC0881_S_element_validation.log;validation;stem;width_bracketing;fixed_rule;stem: Breiten-Bracketing übersprungen (stem_width: current=1.000, Range=1.000..1.000)
AC0881_S_element_validation.log;validation;stem;length_bracketing;failed;"stem: Längen-Bracketing keine relevante Änderung (stem_len: 9.000); Kandidaten=9.000->68.235, 13.000->78.450, 17.000->88.835, 21.000->91.059, 25.000->100.298"
AC0881_S_element_validation.log;validation;circle;center_diagonal_update;failed;circle: Mittelpunkt/Diagonale-Update verworfen (Fehler 118.468->123.088)
AC0881_S_element_validation.log;validation;circle;width_bracketing;fixed_rule;circle: Breiten-Bracketing übersprungen (stroke_circle: current=1.000, Range=1.000..1.000)
AC0881_S_element_validation.log;validation;circle;radius_bracketing;failed;"circle: Radius-Bracketing keine relevante Änderung (r: 7.000, best_err=5910.000); Kandidaten=6.500->5916.000, 7.000->5910.000"
AC0881_S_element_validation.log;validation;circle;joint_multistart;failed;circle: Joint-Multistart keine relevante Änderung (cx=7.500, cy=7.500, r=7.000, best_err=5910.000)
AC0881_S_element_validation.log;validation;stem;geometry_sync;adjustable_step;stem: Geometrie nach Elementabgleich aktualisiert
AC0881_S_element_validation.log;validation;stem;width_bracketing;fixed_rule;stem: Breiten-Bracketing übersprungen (stem_width: current=1.000, Range=1.000..1.000)
AC0881_S_element_validation.log;validation;stem;length_bracketing;failed;"stem: Längen-Bracketing keine relevante Änderung (stem_len: 9.000); Kandidaten=9.000->68.235, 13.000->78.450, 17.000->88.835, 21.000->91.059, 25.000->100.298"
AC0881_S_element_validation.log;validation;circle;center_diagonal_update;failed;circle: Mittelpunkt/Diagonale-Update verworfen (Fehler 118.468->123.088)
AC0881_S_element_validation.log;validation;circle;width_bracketing;fixed_rule;circle: Breiten-Bracketing übersprungen (stroke_circle: current=1.000, Range=1.000..1.000)
AC0881_S_element_validation.log;validation;circle;radius_bracketing;failed;"circle: Radius-Bracketing keine relevante Änderung (r: 7.000, best_err=5910.000); Kandidaten=6.500->5916.000, 7.000->5910.000"
AC0881_S_element_validation.log;validation;circle;joint_multistart;failed;circle: Joint-Multistart keine relevante Änderung (cx=7.500, cy=7.500, r=7.000, best_err=5910.000)
AC0881_S_element_validation.log;validation;stem;geometry_sync;adjustable_step;stem: Geometrie nach Elementabgleich aktualisiert
AC0881_S_element_validation.log;validation;stem;width_bracketing;fixed_rule;stem: Breiten-Bracketing übersprungen (stem_width: current=1.000, Range=1.000..1.000)
AC0881_S_element_validation.log;validation;stem;length_bracketing;failed;"stem: Längen-Bracketing keine relevante Änderung (stem_len: 9.000); Kandidaten=9.000->68.235, 13.000->78.450, 17.000->88.835, 21.000->91.059, 25.000->100.298"
AC0881_S_element_validation.log;validation;circle;center_diagonal_update;failed;circle: Mittelpunkt/Diagonale-Update verworfen (Fehler 118.468->123.088)
AC0881_S_element_validation.log;validation;circle;width_bracketing;fixed_rule;circle: Breiten-Bracketing übersprungen (stroke_circle: current=1.000, Range=1.000..1.000)
AC0881_S_element_validation.log;validation;circle;radius_bracketing;failed;"circle: Radius-Bracketing keine relevante Änderung (r: 7.000, best_err=5910.000); Kandidaten=6.500->5916.000, 7.000->5910.000"
AC0881_S_element_validation.log;validation;circle;joint_multistart;failed;circle: Joint-Multistart keine relevante Änderung (cx=7.500, cy=7.500, r=7.000, best_err=5910.000)
AC0881_S_element_validation.log;validation;stem;geometry_sync;adjustable_step;stem: Geometrie nach Elementabgleich aktualisiert
AC0881_S_element_validation.log;validation;stem;width_bracketing;fixed_rule;stem: Breiten-Bracketing übersprungen (stem_width: current=1.000, Range=1.000..1.000)
AC0881_S_element_validation.log;validation;stem;length_bracketing;failed;"stem: Längen-Bracketing keine relevante Änderung (stem_len: 9.000); Kandidaten=9.000->68.235, 13.000->78.450, 17.000->88.835, 21.000->91.059, 25.000->100.298"
AC0881_S_element_validation.log;validation;circle;center_diagonal_update;failed;circle: Mittelpunkt/Diagonale-Update verworfen (Fehler 118.468->123.088)
AC0881_S_element_validation.log;validation;circle;width_bracketing;fixed_rule;circle: Breiten-Bracketing übersprungen (stroke_circle: current=1.000, Range=1.000..1.000)
AC0881_S_element_validation.log;validation;circle;radius_bracketing;failed;"circle: Radius-Bracketing keine relevante Änderung (r: 7.000, best_err=5910.000); Kandidaten=6.500->5916.000, 7.000->5910.000"
AC0881_S_element_validation.log;validation;circle;joint_multistart;failed;circle: Joint-Multistart keine relevante Änderung (cx=7.500, cy=7.500, r=7.000, best_err=5910.000)
AC0881_S_element_validation.log;validation;stem;geometry_sync;adjustable_step;stem: Geometrie nach Elementabgleich aktualisiert
AC0881_S_element_validation.log;validation;stem;width_bracketing;fixed_rule;stem: Breiten-Bracketing übersprungen (stem_width: current=1.000, Range=1.000..1.000)
AC0881_S_element_validation.log;validation;stem;length_bracketing;failed;"stem: Längen-Bracketing keine relevante Änderung (stem_len: 9.000); Kandidaten=9.000->68.235, 13.000->78.450, 17.000->88.835, 21.000->91.059, 25.000->100.298"
AC0881_S_element_validation.log;validation;circle;center_diagonal_update;failed;circle: Mittelpunkt/Diagonale-Update verworfen (Fehler 118.468->123.088)
AC0881_S_element_validation.log;validation;circle;width_bracketing;fixed_rule;circle: Breiten-Bracketing übersprungen (stroke_circle: current=1.000, Range=1.000..1.000)
AC0881_S_element_validation.log;validation;circle;radius_bracketing;failed;"circle: Radius-Bracketing keine relevante Änderung (r: 7.000, best_err=5910.000); Kandidaten=6.500->5916.000, 7.000->5910.000"
AC0881_S_element_validation.log;validation;circle;joint_multistart;failed;circle: Joint-Multistart keine relevante Änderung (cx=7.500, cy=7.500, r=7.000, best_err=5910.000)
AC0881_S_element_validation.log;validation;stem;geometry_sync;adjustable_step;stem: Geometrie nach Elementabgleich aktualisiert
AC0881_S_element_validation.log;validation;stem;width_bracketing;fixed_rule;stem: Breiten-Bracketing übersprungen (stem_width: current=1.000, Range=1.000..1.000)
AC0881_S_element_validation.log;validation;stem;length_bracketing;failed;"stem: Längen-Bracketing keine relevante Änderung (stem_len: 9.000); Kandidaten=9.000->68.235, 13.000->78.450, 17.000->88.835, 21.000->91.059, 25.000->100.298"
AC0881_S_element_validation.log;validation;circle;center_diagonal_update;failed;circle: Mittelpunkt/Diagonale-Update verworfen (Fehler 118.468->123.088)
AC0881_S_element_validation.log;validation;circle;width_bracketing;fixed_rule;circle: Breiten-Bracketing übersprungen (stroke_circle: current=1.000, Range=1.000..1.000)
AC0881_S_element_validation.log;validation;circle;radius_bracketing;failed;"circle: Radius-Bracketing keine relevante Änderung (r: 7.000, best_err=5910.000); Kandidaten=6.500->5916.000, 7.000->5910.000"
AC0881_S_element_validation.log;validation;circle;joint_multistart;failed;circle: Joint-Multistart keine relevante Änderung (cx=7.500, cy=7.500, r=7.000, best_err=5910.000)
AC0881_S_element_validation.log;validation;stem;geometry_sync;adjustable_step;stem: Geometrie nach Elementabgleich aktualisiert
AC0881_S_element_validation.log;validation;stem;width_bracketing;fixed_rule;stem: Breiten-Bracketing übersprungen (stem_width: current=1.000, Range=1.000..1.000)
AC0881_S_element_validation.log;validation;stem;length_bracketing;failed;"stem: Längen-Bracketing keine relevante Änderung (stem_len: 9.000); Kandidaten=9.000->68.235, 13.000->78.450, 17.000->88.835, 21.000->91.059, 25.000->100.298"
AC0881_S_element_validation.log;validation;circle;center_diagonal_update;failed;circle: Mittelpunkt/Diagonale-Update verworfen (Fehler 118.468->123.088)
AC0881_S_element_validation.log;validation;circle;width_bracketing;fixed_rule;circle: Breiten-Bracketing übersprungen (stroke_circle: current=1.000, Range=1.000..1.000)
AC0881_S_element_validation.log;validation;circle;radius_bracketing;failed;"circle: Radius-Bracketing keine relevante Änderung (r: 7.000, best_err=5910.000); Kandidaten=6.500->5916.000, 7.000->5910.000"
AC0881_S_element_validation.log;validation;circle;joint_multistart;failed;circle: Joint-Multistart keine relevante Änderung (cx=7.500, cy=7.500, r=7.000, best_err=5910.000)
AC0881_S_element_validation.log;validation;stem;geometry_sync;adjustable_step;stem: Geometrie nach Elementabgleich aktualisiert
AC0881_S_element_validation.log;validation;stem;width_bracketing;fixed_rule;stem: Breiten-Bracketing übersprungen (stem_width: current=1.000, Range=1.000..1.000)
AC0881_S_element_validation.log;validation;stem;length_bracketing;failed;"stem: Längen-Bracketing keine relevante Änderung (stem_len: 9.000); Kandidaten=9.000->68.235, 13.000->78.450, 17.000->88.835, 21.000->91.059, 25.000->100.298"
AC0881_S_element_validation.log;validation;circle;color_bracketing;fixed_rule;circle: Farb-Bracketing übersprungen (Farben gesperrt)
AC0881_S_element_validation.log;validation;stem;color_bracketing;fixed_rule;stem: Farb-Bracketing übersprungen (Farben gesperrt)
AC0881_S_element_validation.log;validation;text;color_bracketing;fixed_rule;text: Farb-Bracketing übersprungen (Farben gesperrt)
AC0882_L_element_validation.log;validation;circle;center_diagonal_update;adjustable_step;circle: Parameter nach Mittelpunkt/Diagonale angepasst
AC0882_L_element_validation.log;validation;circle;width_bracketing;fixed_rule;circle: Breiten-Bracketing übersprungen (stroke_circle: current=1.000, Range=1.000..1.000)
AC0882_L_element_validation.log;validation;circle;radius_bracketing;success;"circle: Radius-Bracketing r 10.340->10.500 (best_err=19030.000); Kandidaten=10.500->19030.000, 12.000->19896.000"
AC0882_L_element_validation.log;validation;circle;joint_multistart;failed;circle: Joint-Multistart keine relevante Änderung (cx=22.500, cy=12.500, r=10.500, best_err=19131.000)
AC0882_L_element_validation.log;validation;arm;width_bracketing;fixed_rule;arm: Breiten-Bracketing übersprungen (arm_stroke: current=1.000, Range=1.000..1.000)
AC0882_L_element_validation.log;validation;arm;length_bracketing;success;"arm: Längen-Bracketing arm_len 7.700->16.500; Kandidaten=7.000->114.062, 7.500->111.521, 16.500->98.569, 26.000->98.569, 35.500->98.569, 45.000->98.569"
AC0882_L_element_validation.log;validation;circle;center_diagonal_update;adjustable_step;circle: Parameter nach Mittelpunkt/Diagonale angepasst
AC0882_L_element_validation.log;validation;circle;width_bracketing;fixed_rule;circle: Breiten-Bracketing übersprungen (stroke_circle: current=1.000, Range=1.000..1.000)
AC0882_L_element_validation.log;validation;circle;radius_bracketing;success;"circle: Radius-Bracketing r 10.340->10.500 (best_err=19030.000); Kandidaten=10.500->19030.000, 12.000->19896.000"
AC0882_L_element_validation.log;validation;circle;joint_multistart;failed;circle: Joint-Multistart keine relevante Änderung (cx=22.500, cy=12.500, r=10.500, best_err=19131.000)
AC0882_L_element_validation.log;validation;arm;width_bracketing;fixed_rule;arm: Breiten-Bracketing übersprungen (arm_stroke: current=1.000, Range=1.000..1.000)
AC0882_L_element_validation.log;validation;arm;length_bracketing;failed;"arm: Längen-Bracketing keine relevante Änderung (arm_len: 12.000); Kandidaten=9.000->108.549, 12.000->98.569, 18.000->98.569, 27.000->98.569, 36.000->98.569, 45.000->98.569"
AC0882_L_element_validation.log;validation;circle;center_diagonal_update;adjustable_step;circle: Parameter nach Mittelpunkt/Diagonale angepasst
AC0882_L_element_validation.log;validation;circle;width_bracketing;fixed_rule;circle: Breiten-Bracketing übersprungen (stroke_circle: current=1.000, Range=1.000..1.000)
AC0882_L_element_validation.log;validation;circle;radius_bracketing;success;"circle: Radius-Bracketing r 10.340->10.500 (best_err=19030.000); Kandidaten=10.500->19030.000, 12.000->19896.000"
AC0882_L_element_validation.log;validation;circle;joint_multistart;failed;circle: Joint-Multistart keine relevante Änderung (cx=22.500, cy=12.500, r=10.500, best_err=19131.000)
AC0882_L_element_validation.log;validation;arm;width_bracketing;fixed_rule;arm: Breiten-Bracketing übersprungen (arm_stroke: current=1.000, Range=1.000..1.000)
AC0882_L_element_validation.log;validation;arm;length_bracketing;failed;"arm: Längen-Bracketing keine relevante Änderung (arm_len: 12.000); Kandidaten=9.000->108.549, 12.000->98.569, 18.000->98.569, 27.000->98.569, 36.000->98.569, 45.000->98.569"
AC0882_L_element_validation.log;validation;circle;center_diagonal_update;adjustable_step;circle: Parameter nach Mittelpunkt/Diagonale angepasst
AC0882_L_element_validation.log;validation;circle;width_bracketing;fixed_rule;circle: Breiten-Bracketing übersprungen (stroke_circle: current=1.000, Range=1.000..1.000)
AC0882_L_element_validation.log;validation;circle;radius_bracketing;success;"circle: Radius-Bracketing r 10.340->10.500 (best_err=19030.000); Kandidaten=10.500->19030.000, 12.000->19896.000"
AC0882_L_element_validation.log;validation;circle;joint_multistart;failed;circle: Joint-Multistart keine relevante Änderung (cx=22.500, cy=12.500, r=10.500, best_err=19131.000)
AC0882_L_element_validation.log;validation;arm;width_bracketing;fixed_rule;arm: Breiten-Bracketing übersprungen (arm_stroke: current=1.000, Range=1.000..1.000)
AC0882_L_element_validation.log;validation;arm;length_bracketing;failed;"arm: Längen-Bracketing keine relevante Änderung (arm_len: 12.000); Kandidaten=9.000->108.549, 12.000->98.569, 18.000->98.569, 27.000->98.569, 36.000->98.569, 45.000->98.569"
AC0882_L_element_validation.log;validation;circle;center_diagonal_update;adjustable_step;circle: Parameter nach Mittelpunkt/Diagonale angepasst
AC0882_L_element_validation.log;validation;circle;width_bracketing;fixed_rule;circle: Breiten-Bracketing übersprungen (stroke_circle: current=1.000, Range=1.000..1.000)
AC0882_L_element_validation.log;validation;circle;radius_bracketing;success;"circle: Radius-Bracketing r 10.340->10.500 (best_err=19030.000); Kandidaten=10.500->19030.000, 12.000->19896.000"
AC0882_L_element_validation.log;validation;circle;joint_multistart;failed;circle: Joint-Multistart keine relevante Änderung (cx=22.500, cy=12.500, r=10.500, best_err=19131.000)
AC0882_L_element_validation.log;validation;arm;width_bracketing;fixed_rule;arm: Breiten-Bracketing übersprungen (arm_stroke: current=1.000, Range=1.000..1.000)
AC0882_L_element_validation.log;validation;arm;length_bracketing;failed;"arm: Längen-Bracketing keine relevante Änderung (arm_len: 12.000); Kandidaten=9.000->108.549, 12.000->98.569, 18.000->98.569, 27.000->98.569, 36.000->98.569, 45.000->98.569"
AC0882_L_element_validation.log;validation;circle;center_diagonal_update;adjustable_step;circle: Parameter nach Mittelpunkt/Diagonale angepasst
AC0882_L_element_validation.log;validation;circle;width_bracketing;fixed_rule;circle: Breiten-Bracketing übersprungen (stroke_circle: current=1.000, Range=1.000..1.000)
AC0882_L_element_validation.log;validation;circle;radius_bracketing;success;"circle: Radius-Bracketing r 10.340->10.500 (best_err=19030.000); Kandidaten=10.500->19030.000, 12.000->19896.000"
AC0882_L_element_validation.log;validation;circle;joint_multistart;failed;circle: Joint-Multistart keine relevante Änderung (cx=22.500, cy=12.500, r=10.500, best_err=19131.000)
AC0882_L_element_validation.log;validation;arm;width_bracketing;fixed_rule;arm: Breiten-Bracketing übersprungen (arm_stroke: current=1.000, Range=1.000..1.000)
AC0882_L_element_validation.log;validation;arm;length_bracketing;failed;"arm: Längen-Bracketing keine relevante Änderung (arm_len: 12.000); Kandidaten=9.000->108.549, 12.000->98.569, 18.000->98.569, 27.000->98.569, 36.000->98.569, 45.000->98.569"
AC0882_L_element_validation.log;validation;circle;color_bracketing;fixed_rule;circle: Farb-Bracketing übersprungen (Farben gesperrt)
AC0882_L_element_validation.log;validation;arm;color_bracketing;fixed_rule;arm: Farb-Bracketing übersprungen (Farben gesperrt)
AC0882_L_element_validation.log;validation;text;color_bracketing;fixed_rule;text: Farb-Bracketing übersprungen (Farben gesperrt)
AC0882_M_element_validation.log;validation;circle;center_diagonal_update;adjustable_step;circle: Parameter nach Mittelpunkt/Diagonale angepasst
AC0882_M_element_validation.log;validation;circle;width_bracketing;fixed_rule;circle: Breiten-Bracketing übersprungen (stroke_circle: current=1.000, Range=1.000..1.000)
AC0882_M_element_validation.log;validation;circle;radius_bracketing;failed;"circle: Radius-Bracketing keine relevante Änderung (r: 6.512, best_err=9161.000); Kandidaten=6.500->9161.000, 9.500->14058.000"
AC0882_M_element_validation.log;validation;circle;joint_multistart;failed;circle: Joint-Multistart keine relevante Änderung (cx=17.500, cy=10.000, r=6.512, best_err=9161.000)
AC0882_M_element_validation.log;validation;arm;center_diagonal_update;failed;"arm: Mittelpunkt/Diagonale-Update verworfen (Fehler 121.781->108.719; Box-Check verworfen (w_ratio=0.643, h_ratio=0.333, area_ratio=0.214))"
AC0882_M_element_validation.log;validation;arm;width_bracketing;fixed_rule;arm: Breiten-Bracketing übersprungen (arm_stroke: current=1.000, Range=1.000..1.000)
AC0882_M_element_validation.log;validation;arm;length_bracketing;success;"arm: Längen-Bracketing arm_len 7.200->13.000; Kandidaten=5.500->122.793, 7.000->120.848, 13.000->97.743, 20.000->97.743, 27.500->97.743, 35.000->97.743"
AC0882_M_element_validation.log;validation;text;center_diagonal_update;failed;"text: Mittelpunkt/Diagonale-Update verworfen (Fehler 172.759->145.883; Box-Check verworfen (w_ratio=0.571, h_ratio=0.625, area_ratio=0.357))"
AC0882_M_element_validation.log;validation;circle;width_bracketing;fixed_rule;circle: Breiten-Bracketing übersprungen (stroke_circle: current=1.000, Range=1.000..1.000)
AC0882_M_element_validation.log;validation;circle;radius_bracketing;failed;"circle: Radius-Bracketing keine relevante Änderung (r: 6.512, best_err=9161.000); Kandidaten=6.500->9161.000, 9.500->14058.000"
AC0882_M_element_validation.log;validation;circle;joint_multistart;failed;circle: Joint-Multistart keine relevante Änderung (cx=17.500, cy=10.000, r=6.512, best_err=9161.000)
AC0882_M_element_validation.log;validation;arm;center_diagonal_update;failed;"arm: Mittelpunkt/Diagonale-Update verworfen (Fehler 97.743->103.286; Box-Check verworfen (w_ratio=0.933, h_ratio=0.143, area_ratio=0.133))"
AC0882_M_element_validation.log;validation;arm;width_bracketing;fixed_rule;arm: Breiten-Bracketing übersprungen (arm_stroke: current=1.000, Range=1.000..1.000)
AC0882_M_element_validation.log;validation;arm;length_bracketing;failed;"arm: Längen-Bracketing keine relevante Änderung (arm_len: 10.988); Kandidaten=8.000->117.514, 11.000->97.743, 15.000->97.743, 21.500->97.743, 28.500->97.743, 35.000->97.743"
AC0882_M_element_validation.log;validation;text;center_diagonal_update;failed;"text: Mittelpunkt/Diagonale-Update verworfen (Fehler 172.759->145.883; Box-Check verworfen (w_ratio=0.571, h_ratio=0.625, area_ratio=0.357))"
AC0882_M_element_validation.log;validation;circle;color_bracketing;fixed_rule;circle: Farb-Bracketing übersprungen (Farben gesperrt)
AC0882_M_element_validation.log;validation;arm;color_bracketing;fixed_rule;arm: Farb-Bracketing übersprungen (Farben gesperrt)
AC0882_M_element_validation.log;validation;text;color_bracketing;fixed_rule;text: Farb-Bracketing übersprungen (Farben gesperrt)
AC0882_S_element_validation.log;validation;circle;center_diagonal_update;adjustable_step;circle: Parameter nach Mittelpunkt/Diagonale angepasst
AC0882_S_element_validation.log;validation;circle;width_bracketing;fixed_rule;circle: Breiten-Bracketing übersprungen (stroke_circle: current=1.000, Range=1.000..1.000)
AC0882_S_element_validation.log;validation;circle;radius_bracketing;success;"circle: Radius-Bracketing r 5.324->5.500 (best_err=5744.000); Kandidaten=5.500->5744.000, 7.000->7877.000"
AC0882_S_element_validation.log;validation;circle;joint_multistart;failed;circle: Joint-Multistart keine relevante Änderung (cx=12.500, cy=7.500, r=5.500, best_err=5971.000)
AC0882_S_element_validation.log;validation;arm;width_bracketing;fixed_rule;arm: Breiten-Bracketing übersprungen (arm_stroke: current=1.000, Range=1.000..1.000)
AC0882_S_element_validation.log;validation;arm;length_bracketing;success;"arm: Längen-Bracketing arm_len 3.000->7.500; Kandidaten=3.000->129.667, 7.500->89.438, 12.000->89.438, 16.000->89.438, 20.500->89.438, 25.000->89.438"
AC0882_S_element_validation.log;validation;text;center_diagonal_update;adjustable_step;text: Parameter nach Mittelpunkt/Diagonale angepasst
AC0882_S_element_validation.log;validation;circle;center_diagonal_update;adjustable_step;circle: Parameter nach Mittelpunkt/Diagonale angepasst
AC0882_S_element_validation.log;validation;circle;width_bracketing;fixed_rule;circle: Breiten-Bracketing übersprungen (stroke_circle: current=1.000, Range=1.000..1.000)
AC0882_S_element_validation.log;validation;circle;radius_bracketing;success;"circle: Radius-Bracketing r 5.324->5.500 (best_err=5744.000); Kandidaten=5.500->5744.000, 7.000->7877.000"
AC0882_S_element_validation.log;validation;circle;joint_multistart;failed;circle: Joint-Multistart keine relevante Änderung (cx=12.500, cy=7.500, r=5.500, best_err=5971.000)
AC0882_S_element_validation.log;validation;arm;width_bracketing;fixed_rule;arm: Breiten-Bracketing übersprungen (arm_stroke: current=1.000, Range=1.000..1.000)
AC0882_S_element_validation.log;validation;arm;length_bracketing;failed;"arm: Längen-Bracketing keine relevante Änderung (arm_len: 7.000); Kandidaten=7.000->89.438, 7.500->89.438, 12.000->89.438, 16.000->89.438, 20.500->89.438, 25.000->89.438"
AC0882_S_element_validation.log;validation;text;center_diagonal_update;failed;text: Mittelpunkt/Diagonale-Update verworfen (Fehler 217.567->220.478)
AC0882_S_element_validation.log;validation;circle;center_diagonal_update;adjustable_step;circle: Parameter nach Mittelpunkt/Diagonale angepasst
AC0882_S_element_validation.log;validation;circle;width_bracketing;fixed_rule;circle: Breiten-Bracketing übersprungen (stroke_circle: current=1.000, Range=1.000..1.000)
AC0882_S_element_validation.log;validation;circle;radius_bracketing;success;"circle: Radius-Bracketing r 5.324->5.500 (best_err=5744.000); Kandidaten=5.500->5744.000, 7.000->7877.000"
AC0882_S_element_validation.log;validation;circle;joint_multistart;failed;circle: Joint-Multistart keine relevante Änderung (cx=12.500, cy=7.500, r=5.500, best_err=5971.000)
AC0882_S_element_validation.log;validation;arm;width_bracketing;fixed_rule;arm: Breiten-Bracketing übersprungen (arm_stroke: current=1.000, Range=1.000..1.000)
AC0882_S_element_validation.log;validation;arm;length_bracketing;failed;"arm: Längen-Bracketing keine relevante Änderung (arm_len: 7.000); Kandidaten=7.000->89.438, 7.500->89.438, 12.000->89.438, 16.000->89.438, 20.500->89.438, 25.000->89.438"
AC0882_S_element_validation.log;validation;text;center_diagonal_update;failed;text: Mittelpunkt/Diagonale-Update verworfen (Fehler 217.567->220.478)
AC0882_S_element_validation.log;validation;circle;center_diagonal_update;adjustable_step;circle: Parameter nach Mittelpunkt/Diagonale angepasst
AC0882_S_element_validation.log;validation;circle;width_bracketing;fixed_rule;circle: Breiten-Bracketing übersprungen (stroke_circle: current=1.000, Range=1.000..1.000)
AC0882_S_element_validation.log;validation;circle;radius_bracketing;success;"circle: Radius-Bracketing r 5.324->5.500 (best_err=5744.000); Kandidaten=5.500->5744.000, 7.000->7877.000"
AC0882_S_element_validation.log;validation;circle;joint_multistart;failed;circle: Joint-Multistart keine relevante Änderung (cx=12.500, cy=7.500, r=5.500, best_err=5971.000)
AC0882_S_element_validation.log;validation;arm;width_bracketing;fixed_rule;arm: Breiten-Bracketing übersprungen (arm_stroke: current=1.000, Range=1.000..1.000)
AC0882_S_element_validation.log;validation;arm;length_bracketing;failed;"arm: Längen-Bracketing keine relevante Änderung (arm_len: 7.000); Kandidaten=7.000->89.438, 7.500->89.438, 12.000->89.438, 16.000->89.438, 20.500->89.438, 25.000->89.438"
AC0882_S_element_validation.log;validation;text;center_diagonal_update;failed;text: Mittelpunkt/Diagonale-Update verworfen (Fehler 217.567->220.478)
AC0882_S_element_validation.log;validation;circle;center_diagonal_update;adjustable_step;circle: Parameter nach Mittelpunkt/Diagonale angepasst
AC0882_S_element_validation.log;validation;circle;width_bracketing;fixed_rule;circle: Breiten-Bracketing übersprungen (stroke_circle: current=1.000, Range=1.000..1.000)
AC0882_S_element_validation.log;validation;circle;radius_bracketing;success;"circle: Radius-Bracketing r 5.324->5.500 (best_err=5744.000); Kandidaten=5.500->5744.000, 7.000->7877.000"
AC0882_S_element_validation.log;validation;circle;joint_multistart;failed;circle: Joint-Multistart keine relevante Änderung (cx=12.500, cy=7.500, r=5.500, best_err=5971.000)
AC0882_S_element_validation.log;validation;arm;width_bracketing;fixed_rule;arm: Breiten-Bracketing übersprungen (arm_stroke: current=1.000, Range=1.000..1.000)
AC0882_S_element_validation.log;validation;arm;length_bracketing;failed;"arm: Längen-Bracketing keine relevante Änderung (arm_len: 7.000); Kandidaten=7.000->89.438, 7.500->89.438, 12.000->89.438, 16.000->89.438, 20.500->89.438, 25.000->89.438"
AC0882_S_element_validation.log;validation;text;center_diagonal_update;failed;text: Mittelpunkt/Diagonale-Update verworfen (Fehler 217.567->220.478)
AC0882_S_element_validation.log;validation;circle;center_diagonal_update;adjustable_step;circle: Parameter nach Mittelpunkt/Diagonale angepasst
AC0882_S_element_validation.log;validation;circle;width_bracketing;fixed_rule;circle: Breiten-Bracketing übersprungen (stroke_circle: current=1.000, Range=1.000..1.000)
AC0882_S_element_validation.log;validation;circle;radius_bracketing;success;"circle: Radius-Bracketing r 5.324->5.500 (best_err=5744.000); Kandidaten=5.500->5744.000, 7.000->7877.000"
AC0882_S_element_validation.log;validation;circle;joint_multistart;failed;circle: Joint-Multistart keine relevante Änderung (cx=12.500, cy=7.500, r=5.500, best_err=5971.000)
AC0882_S_element_validation.log;validation;arm;width_bracketing;fixed_rule;arm: Breiten-Bracketing übersprungen (arm_stroke: current=1.000, Range=1.000..1.000)
AC0882_S_element_validation.log;validation;arm;length_bracketing;failed;"arm: Längen-Bracketing keine relevante Änderung (arm_len: 7.000); Kandidaten=7.000->89.438, 7.500->89.438, 12.000->89.438, 16.000->89.438, 20.500->89.438, 25.000->89.438"
AC0882_S_element_validation.log;validation;text;center_diagonal_update;failed;text: Mittelpunkt/Diagonale-Update verworfen (Fehler 217.567->220.478)
AC0882_S_element_validation.log;validation;circle;center_diagonal_update;adjustable_step;circle: Parameter nach Mittelpunkt/Diagonale angepasst
AC0882_S_element_validation.log;validation;circle;width_bracketing;fixed_rule;circle: Breiten-Bracketing übersprungen (stroke_circle: current=1.000, Range=1.000..1.000)
AC0882_S_element_validation.log;validation;circle;radius_bracketing;success;"circle: Radius-Bracketing r 5.324->5.500 (best_err=5744.000); Kandidaten=5.500->5744.000, 7.000->7877.000"
AC0882_S_element_validation.log;validation;circle;joint_multistart;failed;circle: Joint-Multistart keine relevante Änderung (cx=12.500, cy=7.500, r=5.500, best_err=5971.000)
AC0882_S_element_validation.log;validation;arm;width_bracketing;fixed_rule;arm: Breiten-Bracketing übersprungen (arm_stroke: current=1.000, Range=1.000..1.000)
AC0882_S_element_validation.log;validation;arm;length_bracketing;failed;"arm: Längen-Bracketing keine relevante Änderung (arm_len: 7.000); Kandidaten=7.000->89.438, 7.500->89.438, 12.000->89.438, 16.000->89.438, 20.500->89.438, 25.000->89.438"
AC0882_S_element_validation.log;validation;text;center_diagonal_update;failed;text: Mittelpunkt/Diagonale-Update verworfen (Fehler 217.567->220.478)
AC0882_S_element_validation.log;validation;circle;center_diagonal_update;adjustable_step;circle: Parameter nach Mittelpunkt/Diagonale angepasst
AC0882_S_element_validation.log;validation;circle;width_bracketing;fixed_rule;circle: Breiten-Bracketing übersprungen (stroke_circle: current=1.000, Range=1.000..1.000)
AC0882_S_element_validation.log;validation;circle;radius_bracketing;success;"circle: Radius-Bracketing r 5.324->5.500 (best_err=5744.000); Kandidaten=5.500->5744.000, 7.000->7877.000"
AC0882_S_element_validation.log;validation;circle;joint_multistart;failed;circle: Joint-Multistart keine relevante Änderung (cx=12.500, cy=7.500, r=5.500, best_err=5971.000)
AC0882_S_element_validation.log;validation;arm;width_bracketing;fixed_rule;arm: Breiten-Bracketing übersprungen (arm_stroke: current=1.000, Range=1.000..1.000)
AC0882_S_element_validation.log;validation;arm;length_bracketing;failed;"arm: Längen-Bracketing keine relevante Änderung (arm_len: 7.000); Kandidaten=7.000->89.438, 7.500->89.438, 12.000->89.438, 16.000->89.438, 20.500->89.438, 25.000->89.438"
AC0882_S_element_validation.log;validation;text;center_diagonal_update;failed;text: Mittelpunkt/Diagonale-Update verworfen (Fehler 217.567->220.478)
AC0882_S_element_validation.log;validation;circle;center_diagonal_update;adjustable_step;circle: Parameter nach Mittelpunkt/Diagonale angepasst
AC0882_S_element_validation.log;validation;circle;width_bracketing;fixed_rule;circle: Breiten-Bracketing übersprungen (stroke_circle: current=1.000, Range=1.000..1.000)
AC0882_S_element_validation.log;validation;circle;radius_bracketing;success;"circle: Radius-Bracketing r 5.324->5.500 (best_err=5744.000); Kandidaten=5.500->5744.000, 7.000->7877.000"
AC0882_S_element_validation.log;validation;circle;joint_multistart;failed;circle: Joint-Multistart keine relevante Änderung (cx=12.500, cy=7.500, r=5.500, best_err=5971.000)
AC0882_S_element_validation.log;validation;arm;width_bracketing;fixed_rule;arm: Breiten-Bracketing übersprungen (arm_stroke: current=1.000, Range=1.000..1.000)
AC0882_S_element_validation.log;validation;arm;length_bracketing;failed;"arm: Längen-Bracketing keine relevante Änderung (arm_len: 7.000); Kandidaten=7.000->89.438, 7.500->89.438, 12.000->89.438, 16.000->89.438, 20.500->89.438, 25.000->89.438"
AC0882_S_element_validation.log;validation;text;center_diagonal_update;failed;text: Mittelpunkt/Diagonale-Update verworfen (Fehler 217.567->220.478)
AC0882_S_element_validation.log;validation;circle;center_diagonal_update;adjustable_step;circle: Parameter nach Mittelpunkt/Diagonale angepasst
AC0882_S_element_validation.log;validation;circle;width_bracketing;fixed_rule;circle: Breiten-Bracketing übersprungen (stroke_circle: current=1.000, Range=1.000..1.000)
AC0882_S_element_validation.log;validation;circle;radius_bracketing;success;"circle: Radius-Bracketing r 5.324->5.500 (best_err=5744.000); Kandidaten=5.500->5744.000, 7.000->7877.000"
AC0882_S_element_validation.log;validation;circle;joint_multistart;failed;circle: Joint-Multistart keine relevante Änderung (cx=12.500, cy=7.500, r=5.500, best_err=5971.000)
AC0882_S_element_validation.log;validation;arm;width_bracketing;fixed_rule;arm: Breiten-Bracketing übersprungen (arm_stroke: current=1.000, Range=1.000..1.000)
AC0882_S_element_validation.log;validation;arm;length_bracketing;failed;"arm: Längen-Bracketing keine relevante Änderung (arm_len: 7.000); Kandidaten=7.000->89.438, 7.500->89.438, 12.000->89.438, 16.000->89.438, 20.500->89.438, 25.000->89.438"
AC0882_S_element_validation.log;validation;text;center_diagonal_update;failed;text: Mittelpunkt/Diagonale-Update verworfen (Fehler 217.567->220.478)
AC0882_S_element_validation.log;validation;circle;color_bracketing;fixed_rule;circle: Farb-Bracketing übersprungen (Farben gesperrt)
AC0882_S_element_validation.log;validation;arm;color_bracketing;fixed_rule;arm: Farb-Bracketing übersprungen (Farben gesperrt)
AC0882_S_element_validation.log;validation;text;color_bracketing;fixed_rule;text: Farb-Bracketing übersprungen (Farben gesperrt)
